analysis_date,kpi_name,detector_used,dimension_type,dimension_value,actual_value_sum_or_avg,expected_value_sum_or_avg,degradation_amount,contribution_share,contribution_rank,anomaly_count,severity_max,recommended_action
2026-02-08,revenue_per_session,residual_anomaly,browser,Firefox,0.347921,0.43227899999999997,0.08435799999999999,1.0,1,1,WARNING,"Review revenue_per_session drivers for browser = Firefox; check recent releases, tracking changes, campaign mix, and operational issues."
2026-02-08,revenue_per_session,residual_anomaly,business_segment,Mid-Market,0.347921,0.43227899999999997,0.08435799999999999,1.0,1,1,WARNING,"Review revenue_per_session drivers for business_segment = Mid-Market; check recent releases, tracking changes, campaign mix, and operational issues."
2026-02-08,revenue_per_session,residual_anomaly,channel,Organic,0.347921,0.43227899999999997,0.08435799999999999,1.0,1,1,WARNING,"Review revenue_per_session drivers for channel = Organic; check recent releases, tracking changes, campaign mix, and operational issues."
2026-02-08,revenue_per_session,residual_anomaly,device_type,Desktop,0.347921,0.43227899999999997,0.08435799999999999,1.0,1,1,WARNING,"Review revenue_per_session drivers for device_type = Desktop; check recent releases, tracking changes, campaign mix, and operational issues."
2026-02-08,revenue_per_session,residual_anomaly,full_segment,North America + Desktop + Firefox + Organic + Mid-Market,0.347921,0.43227899999999997,0.08435799999999999,1.0,1,1,WARNING,"Review revenue_per_session drivers for full_segment = North America + Desktop + Firefox + Organic + Mid-Market; check recent releases, tracking changes, campaign mix, and operational issues."
2026-02-08,revenue_per_session,residual_anomaly,region,North America,0.347921,0.43227899999999997,0.08435799999999999,1.0,1,1,WARNING,"Review revenue_per_session drivers for region = North America; check recent releases, tracking changes, campaign mix, and operational issues."
2026-02-08,revenue_per_session,residual_anomaly,region_device_browser,North America + Desktop + Firefox,0.347921,0.43227899999999997,0.08435799999999999,1.0,1,1,WARNING,"Review revenue_per_session drivers for region_device_browser = North America + Desktop + Firefox; check recent releases, tracking changes, campaign mix, and operational issues."
2026-02-09,revenue_per_session,residual_anomaly,browser,Firefox,0.398579,0.47893325,0.08035424999999996,0.41120585432005563,1,1,WARNING,"Review revenue_per_session drivers for browser = Firefox; check recent releases, tracking changes, campaign mix, and operational issues."
2026-02-09,revenue_per_session,residual_anomaly,browser,Chrome,0.320531,0.38515625,0.06462524999999997,0.3307140709657196,2,1,WARNING,"Review revenue_per_session drivers for browser = Chrome; check recent releases, tracking changes, campaign mix, and operational issues."
2026-02-09,revenue_per_session,residual_anomaly,browser,Safari,0.328543,0.37897475,0.05043175000000005,0.2580800747142248,3,1,WARNING,"Review revenue_per_session drivers for browser = Safari; check recent releases, tracking changes, campaign mix, and operational issues."
2026-02-09,revenue_per_session,residual_anomaly,business_segment,Enterprise,0.398579,0.47893325,0.08035424999999996,0.41120585432005563,1,1,WARNING,"Review revenue_per_session drivers for business_segment = Enterprise; check recent releases, tracking changes, campaign mix, and operational issues."
2026-02-09,revenue_per_session,residual_anomaly,business_segment,Mid-Market,0.320531,0.38515625,0.06462524999999997,0.3307140709657196,2,1,WARNING,"Review revenue_per_session drivers for business_segment = Mid-Market; check recent releases, tracking changes, campaign mix, and operational issues."
2026-02-09,revenue_per_session,residual_anomaly,business_segment,SMB,0.328543,0.37897475,0.05043175000000005,0.2580800747142248,3,1,WARNING,"Review revenue_per_session drivers for business_segment = SMB; check recent releases, tracking changes, campaign mix, and operational issues."
2026-02-09,revenue_per_session,residual_anomaly,channel,Email,0.398579,0.47893325,0.08035424999999996,0.41120585432005563,1,1,WARNING,"Review revenue_per_session drivers for channel = Email; check recent releases, tracking changes, campaign mix, and operational issues."
2026-02-09,revenue_per_session,residual_anomaly,channel,Organic,0.320531,0.38515625,0.06462524999999997,0.3307140709657196,2,1,WARNING,"Review revenue_per_session drivers for channel = Organic; check recent releases, tracking changes, campaign mix, and operational issues."
2026-02-09,revenue_per_session,residual_anomaly,channel,Paid Search,0.328543,0.37897475,0.05043175000000005,0.2580800747142248,3,1,WARNING,"Review revenue_per_session drivers for channel = Paid Search; check recent releases, tracking changes, campaign mix, and operational issues."
2026-02-09,revenue_per_session,residual_anomaly,device_type,Desktop,0.363561,0.428954,0.130786,0.6692859290342804,1,2,WARNING,"Review revenue_per_session drivers for device_type = Desktop; check recent releases, tracking changes, campaign mix, and operational issues."
2026-02-09,revenue_per_session,residual_anomaly,device_type,Mobile,0.320531,0.38515625,0.06462524999999997,0.3307140709657196,2,1,WARNING,"Review revenue_per_session drivers for device_type = Mobile; check recent releases, tracking changes, campaign mix, and operational issues."
2026-02-09,revenue_per_session,residual_anomaly,full_segment,APAC + Desktop + Firefox + Email + Enterprise,0.398579,0.47893325,0.08035424999999996,0.41120585432005563,1,1,WARNING,"Review revenue_per_session drivers for full_segment = APAC + Desktop + Firefox + Email + Enterprise; check recent releases, tracking changes, campaign mix, and operational issues."
2026-02-09,revenue_per_session,residual_anomaly,full_segment,EMEA + Mobile + Chrome + Organic + Mid-Market,0.320531,0.38515625,0.06462524999999997,0.3307140709657196,2,1,WARNING,"Review revenue_per_session drivers for full_segment = EMEA + Mobile + Chrome + Organic + Mid-Market; check recent releases, tracking changes, campaign mix, and operational issues."
2026-02-09,revenue_per_session,residual_anomaly,full_segment,North America + Desktop + Safari + Paid Search + SMB,0.328543,0.37897475,0.05043175000000005,0.2580800747142248,3,1,WARNING,"Review revenue_per_session drivers for full_segment = North America + Desktop + Safari + Paid Search + SMB; check recent releases, tracking changes, campaign mix, and operational issues."
2026-02-09,revenue_per_session,residual_anomaly,region,APAC,0.398579,0.47893325,0.08035424999999996,0.41120585432005563,1,1,WARNING,"Review revenue_per_session drivers for region = APAC; check recent releases, tracking changes, campaign mix, and operational issues."
2026-02-09,revenue_per_session,residual_anomaly,region,EMEA,0.320531,0.38515625,0.06462524999999997,0.3307140709657196,2,1,WARNING,"Review revenue_per_session drivers for region = EMEA; check recent releases, tracking changes, campaign mix, and operational issues."
2026-02-09,revenue_per_session,residual_anomaly,region,North America,0.328543,0.37897475,0.05043175000000005,0.2580800747142248,3,1,WARNING,"Review revenue_per_session drivers for region = North America; check recent releases, tracking changes, campaign mix, and operational issues."
2026-02-09,revenue_per_session,residual_anomaly,region_device_browser,APAC + Desktop + Firefox,0.398579,0.47893325,0.08035424999999996,0.41120585432005563,1,1,WARNING,"Review revenue_per_session drivers for region_device_browser = APAC + Desktop + Firefox; check recent releases, tracking changes, campaign mix, and operational issues."
2026-02-09,revenue_per_session,residual_anomaly,region_device_browser,EMEA + Mobile + Chrome,0.320531,0.38515625,0.06462524999999997,0.3307140709657196,2,1,WARNING,"Review revenue_per_session drivers for region_device_browser = EMEA + Mobile + Chrome; check recent releases, tracking changes, campaign mix, and operational issues."
2026-02-09,revenue_per_session,residual_anomaly,region_device_browser,North America + Desktop + Safari,0.328543,0.37897475,0.05043175000000005,0.2580800747142248,3,1,WARNING,"Review revenue_per_session drivers for region_device_browser = North America + Desktop + Safari; check recent releases, tracking changes, campaign mix, and operational issues."
2026-02-10,revenue_per_session,residual_anomaly,browser,Firefox,0.4134,0.5106812222222222,0.19456244444444443,0.43003138553122094,1,2,WARNING,"Review revenue_per_session drivers for browser = Firefox; check recent releases, tracking changes, campaign mix, and operational issues."
2026-02-10,revenue_per_session,residual_anomaly,browser,Chrome,0.33667349999999996,0.4213127222222222,0.16927844444444445,0.3741474579684377,2,2,WARNING,"Review revenue_per_session drivers for browser = Chrome; check recent releases, tracking changes, campaign mix, and operational issues."
2026-02-10,revenue_per_session,residual_anomaly,browser,Safari,0.426548,0.5151448888888889,0.08859688888888889,0.19582115650034138,3,1,WARNING,"Review revenue_per_session drivers for browser = Safari; check recent releases, tracking changes, campaign mix, and operational issues."
2026-02-10,revenue_per_session,residual_anomaly,business_segment,Enterprise,0.41778266666666664,0.5121691111111111,0.2831593333333333,0.6258525420315624,1,3,WARNING,"Review revenue_per_session drivers for business_segment = Enterprise; check recent releases, tracking changes, campaign mix, and operational issues."
2026-02-10,revenue_per_session,residual_anomaly,business_segment,SMB,0.33667349999999996,0.4213127222222222,0.16927844444444445,0.3741474579684377,2,2,WARNING,"Review revenue_per_session drivers for business_segment = SMB; check recent releases, tracking changes, campaign mix, and operational issues."
2026-02-10,revenue_per_session,residual_anomaly,channel,Organic,0.4241975,0.5227230555555555,0.19705111111111107,0.4355319577400452,1,2,WARNING,"Review revenue_per_session drivers for channel = Organic; check recent releases, tracking changes, campaign mix, and operational issues."
2026-02-10,revenue_per_session,residual_anomaly,channel,Paid Search,0.33667349999999996,0.4213127222222222,0.16927844444444445,0.3741474579684377,2,2,WARNING,"Review revenue_per_session drivers for channel = Paid Search; check recent releases, tracking changes, campaign mix, and operational issues."
2026-02-10,revenue_per_session,residual_anomaly,channel,Email,0.404953,0.49106122222222226,0.08610822222222225,0.19032058429151713,3,1,WARNING,"Review revenue_per_session drivers for channel = Email; check recent releases, tracking changes, campaign mix, and operational issues."
2026-02-10,revenue_per_session,residual_anomaly,device_type,Mobile,0.38744325,0.48492777777777774,0.3899381111111111,0.8618601944036504,1,4,WARNING,"Review revenue_per_session drivers for device_type = Mobile; check recent releases, tracking changes, campaign mix, and operational issues."
2026-02-10,revenue_per_session,residual_anomaly,device_type,Desktop,0.376922,0.43942166666666665,0.062499666666666676,0.13813980559634967,2,1,WARNING,"Review revenue_per_session drivers for device_type = Desktop; check recent releases, tracking changes, campaign mix, and operational issues."
2026-02-10,revenue_per_session,residual_anomaly,full_segment,APAC + Mobile + Firefox + Organic + Enterprise,0.421847,0.5303012222222222,0.10845422222222217,0.2397108012397038,1,1,WARNING,"Review revenue_per_session drivers for full_segment = APAC + Mobile + Firefox + Organic + Enterprise; check recent releases, tracking changes, campaign mix, and operational issues."
2026-02-10,revenue_per_session,residual_anomaly,full_segment,EMEA + Mobile + Chrome + Paid Search + SMB,0.296425,0.40320377777777777,0.10677877777777778,0.236007652372088,2,1,WARNING,"Review revenue_per_session drivers for full_segment = EMEA + Mobile + Chrome + Paid Search + SMB; check recent releases, tracking changes, campaign mix, and operational issues."
2026-02-10,revenue_per_session,residual_anomaly,full_segment,APAC + Mobile + Safari + Organic + Enterprise,0.426548,0.5151448888888889,0.08859688888888889,0.19582115650034138,3,1,WARNING,"Review revenue_per_session drivers for full_segment = APAC + Mobile + Safari + Organic + Enterprise; check recent releases, tracking changes, campaign mix, and operational issues."
2026-02-10,revenue_per_session,residual_anomaly,full_segment,North America + Mobile + Firefox + Email + Enterprise,0.404953,0.49106122222222226,0.08610822222222225,0.19032058429151713,4,1,WARNING,"Review revenue_per_session drivers for full_segment = North America + Mobile + Firefox + Email + Enterprise; check recent releases, tracking changes, campaign mix, and operational issues."
2026-02-10,revenue_per_session,residual_anomaly,full_segment,North America + Desktop + Chrome + Paid Search + SMB,0.376922,0.43942166666666665,0.062499666666666676,0.13813980559634967,5,1,WARNING,"Review revenue_per_session drivers for full_segment = North America + Desktop + Chrome + Paid Search + SMB; check recent releases, tracking changes, campaign mix, and operational issues."
2026-02-10,revenue_per_session,residual_anomaly,region,APAC,0.4241975,0.5227230555555555,0.19705111111111107,0.4355319577400452,1,2,WARNING,"Review revenue_per_session drivers for region = APAC; check recent releases, tracking changes, campaign mix, and operational issues."
2026-02-10,revenue_per_session,residual_anomaly,region,North America,0.3909375,0.4652414444444445,0.14860788888888893,0.3284603898878668,2,2,WARNING,"Review revenue_per_session drivers for region = North America; check recent releases, tracking changes, campaign mix, and operational issues."
2026-02-10,revenue_per_session,residual_anomaly,region,EMEA,0.296425,0.40320377777777777,0.10677877777777778,0.236007652372088,3,1,WARNING,"Review revenue_per_session drivers for region = EMEA; check recent releases, tracking changes, campaign mix, and operational issues."
2026-02-10,revenue_per_session,residual_anomaly,region_device_browser,APAC + Mobile + Firefox,0.421847,0.5303012222222222,0.10845422222222217,0.2397108012397038,1,1,WARNING,"Review revenue_per_session drivers for region_device_browser = APAC + Mobile + Firefox; check recent releases, tracking changes, campaign mix, and operational issues."
2026-02-10,revenue_per_session,residual_anomaly,region_device_browser,EMEA + Mobile + Chrome,0.296425,0.40320377777777777,0.10677877777777778,0.236007652372088,2,1,WARNING,"Review revenue_per_session drivers for region_device_browser = EMEA + Mobile + Chrome; check recent releases, tracking changes, campaign mix, and operational issues."
2026-02-10,revenue_per_session,residual_anomaly,region_device_browser,APAC + Mobile + Safari,0.426548,0.5151448888888889,0.08859688888888889,0.19582115650034138,3,1,WARNING,"Review revenue_per_session drivers for region_device_browser = APAC + Mobile + Safari; check recent releases, tracking changes, campaign mix, and operational issues."
2026-02-10,revenue_per_session,residual_anomaly,region_device_browser,North America + Mobile + Firefox,0.404953,0.49106122222222226,0.08610822222222225,0.19032058429151713,4,1,WARNING,"Review revenue_per_session drivers for region_device_browser = North America + Mobile + Firefox; check recent releases, tracking changes, campaign mix, and operational issues."
2026-02-10,revenue_per_session,residual_anomaly,region_device_browser,North America + Desktop + Chrome,0.376922,0.43942166666666665,0.062499666666666676,0.13813980559634967,5,1,WARNING,"Review revenue_per_session drivers for region_device_browser = North America + Desktop + Chrome; check recent releases, tracking changes, campaign mix, and operational issues."
2026-02-11,revenue_per_session,residual_anomaly,browser,Chrome,0.319261,0.41987589999999997,0.10061489999999995,0.6460950749288663,1,1,WARNING,"Review revenue_per_session drivers for browser = Chrome; check recent releases, tracking changes, campaign mix, and operational issues."
2026-02-11,revenue_per_session,residual_anomaly,browser,Safari,0.289526,0.34463879999999997,0.05511279999999996,0.35390492507113375,2,1,WARNING,"Review revenue_per_session drivers for browser = Safari; check recent releases, tracking changes, campaign mix, and operational issues."
2026-02-11,revenue_per_session,residual_anomaly,business_segment,Mid-Market,0.319261,0.41987589999999997,0.10061489999999995,0.6460950749288663,1,1,WARNING,"Review revenue_per_session drivers for business_segment = Mid-Market; check recent releases, tracking changes, campaign mix, and operational issues."
2026-02-11,revenue_per_session,residual_anomaly,business_segment,SMB,0.289526,0.34463879999999997,0.05511279999999996,0.35390492507113375,2,1,WARNING,"Review revenue_per_session drivers for business_segment = SMB; check recent releases, tracking changes, campaign mix, and operational issues."
2026-02-11,revenue_per_session,residual_anomaly,channel,Email,0.319261,0.41987589999999997,0.10061489999999995,0.6460950749288663,1,1,WARNING,"Review revenue_per_session drivers for channel = Email; check recent releases, tracking changes, campaign mix, and operational issues."
2026-02-11,revenue_per_session,residual_anomaly,channel,Paid Search,0.289526,0.34463879999999997,0.05511279999999996,0.35390492507113375,2,1,WARNING,"Review revenue_per_session drivers for channel = Paid Search; check recent releases, tracking changes, campaign mix, and operational issues."
2026-02-11,revenue_per_session,residual_anomaly,device_type,Desktop,0.3043935,0.38225734999999994,0.1557276999999999,1.0,1,2,WARNING,"Review revenue_per_session drivers for device_type = Desktop; check recent releases, tracking changes, campaign mix, and operational issues."
2026-02-11,revenue_per_session,residual_anomaly,full_segment,North America + Desktop + Chrome + Email + Mid-Market,0.319261,0.41987589999999997,0.10061489999999995,0.6460950749288663,1,1,WARNING,"Review revenue_per_session drivers for full_segment = North America + Desktop + Chrome + Email + Mid-Market; check recent releases, tracking changes, campaign mix, and operational issues."
2026-02-11,revenue_per_session,residual_anomaly,full_segment,APAC + Desktop + Safari + Paid Search + SMB,0.289526,0.34463879999999997,0.05511279999999996,0.35390492507113375,2,1,WARNING,"Review revenue_per_session drivers for full_segment = APAC + Desktop + Safari + Paid Search + SMB; check recent releases, tracking changes, campaign mix, and operational issues."
2026-02-11,revenue_per_session,residual_anomaly,region,North America,0.319261,0.41987589999999997,0.10061489999999995,0.6460950749288663,1,1,WARNING,"Review revenue_per_session drivers for region = North America; check recent releases, tracking changes, campaign mix, and operational issues."
2026-02-11,revenue_per_session,residual_anomaly,region,APAC,0.289526,0.34463879999999997,0.05511279999999996,0.35390492507113375,2,1,WARNING,"Review revenue_per_session drivers for region = APAC; check recent releases, tracking changes, campaign mix, and operational issues."
2026-02-11,revenue_per_session,residual_anomaly,region_device_browser,North America + Desktop + Chrome,0.319261,0.41987589999999997,0.10061489999999995,0.6460950749288663,1,1,WARNING,"Review revenue_per_session drivers for region_device_browser = North America + Desktop + Chrome; check recent releases, tracking changes, campaign mix, and operational issues."
2026-02-11,revenue_per_session,residual_anomaly,region_device_browser,APAC + Desktop + Safari,0.289526,0.34463879999999997,0.05511279999999996,0.35390492507113375,2,1,WARNING,"Review revenue_per_session drivers for region_device_browser = APAC + Desktop + Safari; check recent releases, tracking changes, campaign mix, and operational issues."
2026-02-12,conversion_rate,residual_anomaly,browser,Chrome,0.055556,0.07408490909090909,0.01852890909090909,1.0,1,1,WARNING,"Review conversion_rate drivers for browser = Chrome; check recent releases, tracking changes, campaign mix, and operational issues."
2026-02-12,conversion_rate,residual_anomaly,business_segment,SMB,0.055556,0.07408490909090909,0.01852890909090909,1.0,1,1,WARNING,"Review conversion_rate drivers for business_segment = SMB; check recent releases, tracking changes, campaign mix, and operational issues."
2026-02-12,conversion_rate,residual_anomaly,channel,Email,0.055556,0.07408490909090909,0.01852890909090909,1.0,1,1,WARNING,"Review conversion_rate drivers for channel = Email; check recent releases, tracking changes, campaign mix, and operational issues."
2026-02-12,conversion_rate,residual_anomaly,device_type,Mobile,0.055556,0.07408490909090909,0.01852890909090909,1.0,1,1,WARNING,"Review conversion_rate drivers for device_type = Mobile; check recent releases, tracking changes, campaign mix, and operational issues."
2026-02-12,conversion_rate,residual_anomaly,full_segment,APAC + Mobile + Chrome + Email + SMB,0.055556,0.07408490909090909,0.01852890909090909,1.0,1,1,WARNING,"Review conversion_rate drivers for full_segment = APAC + Mobile + Chrome + Email + SMB; check recent releases, tracking changes, campaign mix, and operational issues."
2026-02-12,conversion_rate,residual_anomaly,region,APAC,0.055556,0.07408490909090909,0.01852890909090909,1.0,1,1,WARNING,"Review conversion_rate drivers for region = APAC; check recent releases, tracking changes, campaign mix, and operational issues."
2026-02-12,conversion_rate,residual_anomaly,region_device_browser,APAC + Mobile + Chrome,0.055556,0.07408490909090909,0.01852890909090909,1.0,1,1,WARNING,"Review conversion_rate drivers for region_device_browser = APAC + Mobile + Chrome; check recent releases, tracking changes, campaign mix, and operational issues."
2026-02-12,revenue_per_session,residual_anomaly,browser,Chrome,0.3005545,0.3768074545454545,0.15250590909090905,0.557072571705994,1,2,WARNING,"Review revenue_per_session drivers for browser = Chrome; check recent releases, tracking changes, campaign mix, and operational issues."
2026-02-12,revenue_per_session,residual_anomaly,browser,Safari,0.167001,0.23260527272727272,0.0656042727272727,0.2396388516414657,2,1,WARNING,"Review revenue_per_session drivers for browser = Safari; check recent releases, tracking changes, campaign mix, and operational issues."
2026-02-12,revenue_per_session,residual_anomaly,browser,Firefox,0.309227,0.36487990909090906,0.055652909090909086,0.20328857665254035,3,1,WARNING,"Review revenue_per_session drivers for browser = Firefox; check recent releases, tracking changes, campaign mix, and operational issues."
2026-02-12,revenue_per_session,residual_anomaly,business_segment,SMB,0.26933425,0.33777502272727267,0.27376309090909084,1.0,1,4,WARNING,"Review revenue_per_session drivers for business_segment = SMB; check recent releases, tracking changes, campaign mix, and operational issues."
2026-02-12,revenue_per_session,residual_anomaly,channel,Paid Search,0.30344533333333334,0.372831606060606,0.20815881818181814,0.7603611483585343,1,3,WARNING,"Review revenue_per_session drivers for channel = Paid Search; check recent releases, tracking changes, campaign mix, and operational issues."
2026-02-12,revenue_per_session,residual_anomaly,channel,Email,0.167001,0.23260527272727272,0.0656042727272727,0.2396388516414657,2,1,WARNING,"Review revenue_per_session drivers for channel = Email; check recent releases, tracking changes, campaign mix, and operational issues."
2026-02-12,revenue_per_session,residual_anomaly,device_type,Desktop,0.309303,0.3781760454545454,0.13774609090909085,0.5031580058936159,1,2,WARNING,"Review revenue_per_session drivers for device_type = Desktop; check recent releases, tracking changes, campaign mix, and operational issues."
2026-02-12,revenue_per_session,residual_anomaly,device_type,Mobile,0.2293655,0.297374,0.136017,0.4968419941063841,2,2,WARNING,"Review revenue_per_session drivers for device_type = Mobile; check recent releases, tracking changes, campaign mix, and operational issues."
2026-02-12,revenue_per_session,residual_anomaly,full_segment,APAC + Desktop + Chrome + Paid Search + SMB,0.309379,0.3914721818181818,0.08209318181818176,0.29986942924107557,1,1,WARNING,"Review revenue_per_session drivers for full_segment = APAC + Desktop + Chrome + Paid Search + SMB; check recent releases, tracking changes, campaign mix, and operational issues."
2026-02-12,revenue_per_session,residual_anomaly,full_segment,APAC + Mobile + Chrome + Paid Search + SMB,0.29173,0.3621427272727273,0.0704127272727273,0.2572031424649184,2,1,WARNING,"Review revenue_per_session drivers for full_segment = APAC + Mobile + Chrome + Paid Search + SMB; check recent releases, tracking changes, campaign mix, and operational issues."
2026-02-12,revenue_per_session,residual_anomaly,full_segment,North America + Mobile + Safari + Email + SMB,0.167001,0.23260527272727272,0.0656042727272727,0.2396388516414657,3,1,WARNING,"Review revenue_per_session drivers for full_segment = North America + Mobile + Safari + Email + SMB; check recent releases, tracking changes, campaign mix, and operational issues."
2026-02-12,revenue_per_session,residual_anomaly,full_segment,EMEA + Desktop + Firefox + Paid Search + SMB,0.309227,0.36487990909090906,0.055652909090909086,0.20328857665254035,4,1,WARNING,"Review revenue_per_session drivers for full_segment = EMEA + Desktop + Firefox + Paid Search + SMB; check recent releases, tracking changes, campaign mix, and operational issues."
2026-02-12,revenue_per_session,residual_anomaly,region,APAC,0.3005545,0.3768074545454545,0.15250590909090905,0.557072571705994,1,2,WARNING,"Review revenue_per_session drivers for region = APAC; check recent releases, tracking changes, campaign mix, and operational issues."
2026-02-12,revenue_per_session,residual_anomaly,region,North America,0.167001,0.23260527272727272,0.0656042727272727,0.2396388516414657,2,1,WARNING,"Review revenue_per_session drivers for region = North America; check recent releases, tracking changes, campaign mix, and operational issues."
2026-02-12,revenue_per_session,residual_anomaly,region,EMEA,0.309227,0.36487990909090906,0.055652909090909086,0.20328857665254035,3,1,WARNING,"Review revenue_per_session drivers for region = EMEA; check recent releases, tracking changes, campaign mix, and operational issues."
2026-02-12,revenue_per_session,residual_anomaly,region_device_browser,APAC + Desktop + Chrome,0.309379,0.3914721818181818,0.08209318181818176,0.29986942924107557,1,1,WARNING,"Review revenue_per_session drivers for region_device_browser = APAC + Desktop + Chrome; check recent releases, tracking changes, campaign mix, and operational issues."
2026-02-12,revenue_per_session,residual_anomaly,region_device_browser,APAC + Mobile + Chrome,0.29173,0.3621427272727273,0.0704127272727273,0.2572031424649184,2,1,WARNING,"Review revenue_per_session drivers for region_device_browser = APAC + Mobile + Chrome; check recent releases, tracking changes, campaign mix, and operational issues."
2026-02-12,revenue_per_session,residual_anomaly,region_device_browser,North America + Mobile + Safari,0.167001,0.23260527272727272,0.0656042727272727,0.2396388516414657,3,1,WARNING,"Review revenue_per_session drivers for region_device_browser = North America + Mobile + Safari; check recent releases, tracking changes, campaign mix, and operational issues."
2026-02-12,revenue_per_session,residual_anomaly,region_device_browser,EMEA + Desktop + Firefox,0.309227,0.36487990909090906,0.055652909090909086,0.20328857665254035,4,1,WARNING,"Review revenue_per_session drivers for region_device_browser = EMEA + Desktop + Firefox; check recent releases, tracking changes, campaign mix, and operational issues."
2026-02-13,revenue_per_session,residual_anomaly,browser,Safari,0.3730245,0.4814689166666667,0.21688883333333336,0.3781544276916049,1,2,WARNING,"Review revenue_per_session drivers for browser = Safari; check recent releases, tracking changes, campaign mix, and operational issues."
2026-02-13,revenue_per_session,residual_anomaly,browser,Chrome,0.20716,0.30647795833333336,0.19863591666666666,0.34632973137274153,2,2,WARNING,"Review revenue_per_session drivers for browser = Chrome; check recent releases, tracking changes, campaign mix, and operational issues."
2026-02-13,revenue_per_session,residual_anomaly,browser,Firefox,0.21921849999999998,0.29822895833333335,0.15802091666666673,0.27551584093565357,3,2,WARNING,"Review revenue_per_session drivers for browser = Firefox; check recent releases, tracking changes, campaign mix, and operational issues."
2026-02-13,revenue_per_session,residual_anomaly,business_segment,SMB,0.2164003333333333,0.2978905,0.24447050000000004,0.42624417584882807,1,3,WARNING,"Review revenue_per_session drivers for business_segment = SMB; check recent releases, tracking changes, campaign mix, and operational issues."
2026-02-13,revenue_per_session,residual_anomaly,business_segment,Mid-Market,0.31245649999999997,0.42139329166666667,0.21787358333333337,0.37987137902997553,2,2,WARNING,"Review revenue_per_session drivers for business_segment = Mid-Market; check recent releases, tracking changes, campaign mix, and operational issues."
2026-02-13,revenue_per_session,residual_anomaly,business_segment,Enterprise,0.324692,0.43589358333333333,0.11120158333333335,0.1938844451211964,3,1,WARNING,"Review revenue_per_session drivers for business_segment = Enterprise; check recent releases, tracking changes, campaign mix, and operational issues."
2026-02-13,revenue_per_session,residual_anomaly,channel,Email,0.23240066666666662,0.33414783333333337,0.30524150000000005,0.532200865144711,1,3,WARNING,"Review revenue_per_session drivers for channel = Email; check recent releases, tracking changes, campaign mix, and operational issues."
2026-02-13,revenue_per_session,residual_anomaly,channel,Paid Search,0.34541999999999995,0.43634729166666664,0.18185458333333337,0.3170707999421145,2,2,WARNING,"Review revenue_per_session drivers for channel = Paid Search; check recent releases, tracking changes, campaign mix, and operational issues."
2026-02-13,revenue_per_session,residual_anomaly,channel,Organic,0.210764,0.2972135833333333,0.0864495833333333,0.15072833491317453,3,1,WARNING,"Review revenue_per_session drivers for channel = Organic; check recent releases, tracking changes, campaign mix, and operational issues."
2026-02-13,revenue_per_session,residual_anomaly,device_type,Mobile,0.25212375,0.34862495833333335,0.3860048333333334,0.673014993865644,1,4,WARNING,"Review revenue_per_session drivers for device_type = Mobile; check recent releases, tracking changes, campaign mix, and operational issues."
2026-02-13,revenue_per_session,residual_anomaly,device_type,Desktop,0.2951555,0.38892591666666665,0.18754083333333338,0.3269850061343561,2,2,WARNING,"Review revenue_per_session drivers for device_type = Desktop; check recent releases, tracking changes, campaign mix, and operational issues."
2026-02-13,revenue_per_session,residual_anomaly,full_segment,APAC + Mobile + Chrome + Email + Mid-Market,0.203556,0.31574233333333335,0.11218633333333336,0.19560139645956703,1,1,WARNING,"Review revenue_per_session drivers for full_segment = APAC + Mobile + Chrome + Email + Mid-Market; check recent releases, tracking changes, campaign mix, and operational issues."
2026-02-13,revenue_per_session,residual_anomaly,full_segment,APAC + Mobile + Safari + Email + Enterprise,0.324692,0.43589358333333333,0.11120158333333335,0.1938844451211964,2,1,WARNING,"Review revenue_per_session drivers for full_segment = APAC + Mobile + Safari + Email + Enterprise; check recent releases, tracking changes, campaign mix, and operational issues."
2026-02-13,revenue_per_session,residual_anomaly,full_segment,North America + Desktop + Safari + Paid Search + Mid-Market,0.421357,0.52704425,0.10568725000000001,0.18426998257040852,3,1,WARNING,"Review revenue_per_session drivers for full_segment = North America + Desktop + Safari + Paid Search + Mid-Market; check recent releases, tracking changes, campaign mix, and operational issues."
2026-02-13,revenue_per_session,residual_anomaly,full_segment,APAC + Mobile + Chrome + Organic + SMB,0.210764,0.2972135833333333,0.0864495833333333,0.15072833491317453,4,1,WARNING,"Review revenue_per_session drivers for full_segment = APAC + Mobile + Chrome + Organic + SMB; check recent releases, tracking changes, campaign mix, and operational issues."
2026-02-13,revenue_per_session,residual_anomaly,full_segment,EMEA + Desktop + Firefox + Email + SMB,0.168954,0.25080758333333336,0.08185358333333337,0.14271502356394758,5,1,WARNING,"Review revenue_per_session drivers for full_segment = EMEA + Desktop + Firefox + Email + SMB; check recent releases, tracking changes, campaign mix, and operational issues."
2026-02-13,revenue_per_session,residual_anomaly,full_segment,APAC + Mobile + Firefox + Paid Search + SMB,0.269483,0.34565033333333334,0.07616733333333336,0.132800817371706,6,1,WARNING,"Review revenue_per_session drivers for full_segment = APAC + Mobile + Firefox + Paid Search + SMB; check recent releases, tracking changes, campaign mix, and operational issues."
2026-02-13,revenue_per_session,residual_anomaly,region,APAC,0.25212375,0.34862495833333335,0.3860048333333334,0.673014993865644,1,4,WARNING,"Review revenue_per_session drivers for region = APAC; check recent releases, tracking changes, campaign mix, and operational issues."
2026-02-13,revenue_per_session,residual_anomaly,region,North America,0.421357,0.52704425,0.10568725000000001,0.18426998257040852,2,1,WARNING,"Review revenue_per_session drivers for region = North America; check recent releases, tracking changes, campaign mix, and operational issues."
2026-02-13,revenue_per_session,residual_anomaly,region,EMEA,0.168954,0.25080758333333336,0.08185358333333337,0.14271502356394758,3,1,WARNING,"Review revenue_per_session drivers for region = EMEA; check recent releases, tracking changes, campaign mix, and operational issues."
2026-02-13,revenue_per_session,residual_anomaly,region_device_browser,APAC + Mobile + Chrome,0.20716,0.30647795833333336,0.19863591666666666,0.34632973137274153,1,2,WARNING,"Review revenue_per_session drivers for region_device_browser = APAC + Mobile + Chrome; check recent releases, tracking changes, campaign mix, and operational issues."
2026-02-13,revenue_per_session,residual_anomaly,region_device_browser,APAC + Mobile + Safari,0.324692,0.43589358333333333,0.11120158333333335,0.1938844451211964,2,1,WARNING,"Review revenue_per_session drivers for region_device_browser = APAC + Mobile + Safari; check recent releases, tracking changes, campaign mix, and operational issues."
2026-02-13,revenue_per_session,residual_anomaly,region_device_browser,North America + Desktop + Safari,0.421357,0.52704425,0.10568725000000001,0.18426998257040852,3,1,WARNING,"Review revenue_per_session drivers for region_device_browser = North America + Desktop + Safari; check recent releases, tracking changes, campaign mix, and operational issues."
2026-02-13,revenue_per_session,residual_anomaly,region_device_browser,EMEA + Desktop + Firefox,0.168954,0.25080758333333336,0.08185358333333337,0.14271502356394758,4,1,WARNING,"Review revenue_per_session drivers for region_device_browser = EMEA + Desktop + Firefox; check recent releases, tracking changes, campaign mix, and operational issues."
2026-02-13,revenue_per_session,residual_anomaly,region_device_browser,APAC + Mobile + Firefox,0.269483,0.34565033333333334,0.07616733333333336,0.132800817371706,5,1,WARNING,"Review revenue_per_session drivers for region_device_browser = APAC + Mobile + Firefox; check recent releases, tracking changes, campaign mix, and operational issues."
2026-02-14,revenue_per_session,residual_anomaly,browser,Chrome,0.311623,0.4066093846153846,0.18997276923076922,0.5459469126476894,1,2,WARNING,"Review revenue_per_session drivers for browser = Chrome; check recent releases, tracking changes, campaign mix, and operational issues."
2026-02-14,revenue_per_session,residual_anomaly,browser,Firefox,0.39683,0.4894313076923077,0.09260130769230768,0.26611918248315886,2,1,WARNING,"Review revenue_per_session drivers for browser = Firefox; check recent releases, tracking changes, campaign mix, and operational issues."
2026-02-14,revenue_per_session,residual_anomaly,browser,Safari,0.381098,0.44649323076923075,0.06539523076923076,0.1879339048691518,3,1,WARNING,"Review revenue_per_session drivers for browser = Safari; check recent releases, tracking changes, campaign mix, and operational issues."
2026-02-14,revenue_per_session,residual_anomaly,business_segment,SMB,0.311623,0.4066093846153846,0.18997276923076922,0.5459469126476894,1,2,WARNING,"Review revenue_per_session drivers for business_segment = SMB; check recent releases, tracking changes, campaign mix, and operational issues."
2026-02-14,revenue_per_session,residual_anomaly,business_segment,Mid-Market,0.39683,0.4894313076923077,0.09260130769230768,0.26611918248315886,2,1,WARNING,"Review revenue_per_session drivers for business_segment = Mid-Market; check recent releases, tracking changes, campaign mix, and operational issues."
2026-02-14,revenue_per_session,residual_anomaly,business_segment,Enterprise,0.381098,0.44649323076923075,0.06539523076923076,0.1879339048691518,3,1,WARNING,"Review revenue_per_session drivers for business_segment = Enterprise; check recent releases, tracking changes, campaign mix, and operational issues."
2026-02-14,revenue_per_session,residual_anomaly,channel,Paid Search,0.34002533333333335,0.4342166923076923,0.2825740769230769,0.8120660951308482,1,3,WARNING,"Review revenue_per_session drivers for channel = Paid Search; check recent releases, tracking changes, campaign mix, and operational issues."
2026-02-14,revenue_per_session,residual_anomaly,channel,Email,0.381098,0.44649323076923075,0.06539523076923076,0.1879339048691518,2,1,WARNING,"Review revenue_per_session drivers for channel = Email; check recent releases, tracking changes, campaign mix, and operational issues."
2026-02-14,revenue_per_session,residual_anomaly,device_type,Mobile,0.355402,0.4590933846153846,0.2073827692307692,0.5959800610177599,1,2,WARNING,"Review revenue_per_session drivers for device_type = Mobile; check recent releases, tracking changes, campaign mix, and operational issues."
2026-02-14,revenue_per_session,residual_anomaly,device_type,Desktop,0.34518499999999996,0.41547826923076925,0.14058653846153846,0.40401993898224003,2,2,WARNING,"Review revenue_per_session drivers for device_type = Desktop; check recent releases, tracking changes, campaign mix, and operational issues."
2026-02-14,revenue_per_session,residual_anomaly,full_segment,North America + Mobile + Chrome + Paid Search + SMB,0.313974,0.4287554615384615,0.11478146153846153,0.32986087853460105,1,1,WARNING,"Review revenue_per_session drivers for full_segment = North America + Mobile + Chrome + Paid Search + SMB; check recent releases, tracking changes, campaign mix, and operational issues."
2026-02-14,revenue_per_session,residual_anomaly,full_segment,North America + Mobile + Firefox + Paid Search + Mid-Market,0.39683,0.4894313076923077,0.09260130769230768,0.26611918248315886,2,1,WARNING,"Review revenue_per_session drivers for full_segment = North America + Mobile + Firefox + Paid Search + Mid-Market; check recent releases, tracking changes, campaign mix, and operational issues."
2026-02-14,revenue_per_session,residual_anomaly,full_segment,APAC + Desktop + Chrome + Paid Search + SMB,0.309272,0.3844633076923077,0.0751913076923077,0.21608603411308824,3,1,WARNING,"Review revenue_per_session drivers for full_segment = APAC + Desktop + Chrome + Paid Search + SMB; check recent releases, tracking changes, campaign mix, and operational issues."
2026-02-14,revenue_per_session,residual_anomaly,full_segment,EMEA + Desktop + Safari + Email + Enterprise,0.381098,0.44649323076923075,0.06539523076923076,0.1879339048691518,4,1,WARNING,"Review revenue_per_session drivers for full_segment = EMEA + Desktop + Safari + Email + Enterprise; check recent releases, tracking changes, campaign mix, and operational issues."
2026-02-14,revenue_per_session,residual_anomaly,region,North America,0.355402,0.4590933846153846,0.2073827692307692,0.5959800610177599,1,2,WARNING,"Review revenue_per_session drivers for region = North America; check recent releases, tracking changes, campaign mix, and operational issues."
2026-02-14,revenue_per_session,residual_anomaly,region,APAC,0.309272,0.3844633076923077,0.0751913076923077,0.21608603411308824,2,1,WARNING,"Review revenue_per_session drivers for region = APAC; check recent releases, tracking changes, campaign mix, and operational issues."
2026-02-14,revenue_per_session,residual_anomaly,region,EMEA,0.381098,0.44649323076923075,0.06539523076923076,0.1879339048691518,3,1,WARNING,"Review revenue_per_session drivers for region = EMEA; check recent releases, tracking changes, campaign mix, and operational issues."
2026-02-14,revenue_per_session,residual_anomaly,region_device_browser,North America + Mobile + Chrome,0.313974,0.4287554615384615,0.11478146153846153,0.32986087853460105,1,1,WARNING,"Review revenue_per_session drivers for region_device_browser = North America + Mobile + Chrome; check recent releases, tracking changes, campaign mix, and operational issues."
2026-02-14,revenue_per_session,residual_anomaly,region_device_browser,North America + Mobile + Firefox,0.39683,0.4894313076923077,0.09260130769230768,0.26611918248315886,2,1,WARNING,"Review revenue_per_session drivers for region_device_browser = North America + Mobile + Firefox; check recent releases, tracking changes, campaign mix, and operational issues."
2026-02-14,revenue_per_session,residual_anomaly,region_device_browser,APAC + Desktop + Chrome,0.309272,0.3844633076923077,0.0751913076923077,0.21608603411308824,3,1,WARNING,"Review revenue_per_session drivers for region_device_browser = APAC + Desktop + Chrome; check recent releases, tracking changes, campaign mix, and operational issues."
2026-02-14,revenue_per_session,residual_anomaly,region_device_browser,EMEA + Desktop + Safari,0.381098,0.44649323076923075,0.06539523076923076,0.1879339048691518,4,1,WARNING,"Review revenue_per_session drivers for region_device_browser = EMEA + Desktop + Safari; check recent releases, tracking changes, campaign mix, and operational issues."
2026-02-15,revenue_per_session,residual_anomaly,browser,Safari,0.3327565,0.39866267857142856,0.13181235714285716,0.6109319148893907,1,2,WARNING,"Review revenue_per_session drivers for browser = Safari; check recent releases, tracking changes, campaign mix, and operational issues."
2026-02-15,revenue_per_session,residual_anomaly,browser,Chrome,0.223973,0.30791685714285716,0.08394385714285715,0.3890680851106093,2,1,WARNING,"Review revenue_per_session drivers for browser = Chrome; check recent releases, tracking changes, campaign mix, and operational issues."
2026-02-15,revenue_per_session,residual_anomaly,business_segment,Mid-Market,0.2808745,0.3614254642857143,0.1611019285714286,0.7466849986443033,1,2,WARNING,"Review revenue_per_session drivers for business_segment = Mid-Market; check recent releases, tracking changes, campaign mix, and operational issues."
2026-02-15,revenue_per_session,residual_anomaly,business_segment,SMB,0.327737,0.3823912857142857,0.05465428571428571,0.25331500135569673,2,1,WARNING,"Review revenue_per_session drivers for business_segment = SMB; check recent releases, tracking changes, campaign mix, and operational issues."
2026-02-15,revenue_per_session,residual_anomaly,channel,Email,0.223973,0.30791685714285716,0.08394385714285715,0.3890680851106093,1,1,WARNING,"Review revenue_per_session drivers for channel = Email; check recent releases, tracking changes, campaign mix, and operational issues."
2026-02-15,revenue_per_session,residual_anomaly,channel,Organic,0.337776,0.41493407142857147,0.07715807142857145,0.357616913533694,2,1,WARNING,"Review revenue_per_session drivers for channel = Organic; check recent releases, tracking changes, campaign mix, and operational issues."
2026-02-15,revenue_per_session,residual_anomaly,channel,Paid Search,0.327737,0.3823912857142857,0.05465428571428571,0.25331500135569673,3,1,WARNING,"Review revenue_per_session drivers for channel = Paid Search; check recent releases, tracking changes, campaign mix, and operational issues."
2026-02-15,revenue_per_session,residual_anomaly,device_type,Desktop,0.3327565,0.39866267857142856,0.13181235714285716,0.6109319148893907,1,2,WARNING,"Review revenue_per_session drivers for device_type = Desktop; check recent releases, tracking changes, campaign mix, and operational issues."
2026-02-15,revenue_per_session,residual_anomaly,device_type,Mobile,0.223973,0.30791685714285716,0.08394385714285715,0.3890680851106093,2,1,WARNING,"Review revenue_per_session drivers for device_type = Mobile; check recent releases, tracking changes, campaign mix, and operational issues."
2026-02-15,revenue_per_session,residual_anomaly,full_segment,APAC + Mobile + Chrome + Email + Mid-Market,0.223973,0.30791685714285716,0.08394385714285715,0.3890680851106093,1,1,WARNING,"Review revenue_per_session drivers for full_segment = APAC + Mobile + Chrome + Email + Mid-Market; check recent releases, tracking changes, campaign mix, and operational issues."
2026-02-15,revenue_per_session,residual_anomaly,full_segment,North America + Desktop + Safari + Organic + Mid-Market,0.337776,0.41493407142857147,0.07715807142857145,0.357616913533694,2,1,WARNING,"Review revenue_per_session drivers for full_segment = North America + Desktop + Safari + Organic + Mid-Market; check recent releases, tracking changes, campaign mix, and operational issues."
2026-02-15,revenue_per_session,residual_anomaly,full_segment,North America + Desktop + Safari + Paid Search + SMB,0.327737,0.3823912857142857,0.05465428571428571,0.25331500135569673,3,1,WARNING,"Review revenue_per_session drivers for full_segment = North America + Desktop + Safari + Paid Search + SMB; check recent releases, tracking changes, campaign mix, and operational issues."
2026-02-15,revenue_per_session,residual_anomaly,region,North America,0.3327565,0.39866267857142856,0.13181235714285716,0.6109319148893907,1,2,WARNING,"Review revenue_per_session drivers for region = North America; check recent releases, tracking changes, campaign mix, and operational issues."
2026-02-15,revenue_per_session,residual_anomaly,region,APAC,0.223973,0.30791685714285716,0.08394385714285715,0.3890680851106093,2,1,WARNING,"Review revenue_per_session drivers for region = APAC; check recent releases, tracking changes, campaign mix, and operational issues."
2026-02-15,revenue_per_session,residual_anomaly,region_device_browser,North America + Desktop + Safari,0.3327565,0.39866267857142856,0.13181235714285716,0.6109319148893907,1,2,WARNING,"Review revenue_per_session drivers for region_device_browser = North America + Desktop + Safari; check recent releases, tracking changes, campaign mix, and operational issues."
2026-02-15,revenue_per_session,residual_anomaly,region_device_browser,APAC + Mobile + Chrome,0.223973,0.30791685714285716,0.08394385714285715,0.3890680851106093,2,1,WARNING,"Review revenue_per_session drivers for region_device_browser = APAC + Mobile + Chrome; check recent releases, tracking changes, campaign mix, and operational issues."
2026-02-16,revenue_per_session,residual_anomaly,browser,Safari,0.335721,0.4097902,0.0740692,0.5980602195360374,1,1,WARNING,"Review revenue_per_session drivers for browser = Safari; check recent releases, tracking changes, campaign mix, and operational issues."
2026-02-16,revenue_per_session,residual_anomaly,browser,Chrome,0.332405,0.3821848666666667,0.04977986666666667,0.4019397804639626,2,1,WARNING,"Review revenue_per_session drivers for browser = Chrome; check recent releases, tracking changes, campaign mix, and operational issues."
2026-02-16,revenue_per_session,residual_anomaly,business_segment,Mid-Market,0.335721,0.4097902,0.0740692,0.5980602195360374,1,1,WARNING,"Review revenue_per_session drivers for business_segment = Mid-Market; check recent releases, tracking changes, campaign mix, and operational issues."
2026-02-16,revenue_per_session,residual_anomaly,business_segment,SMB,0.332405,0.3821848666666667,0.04977986666666667,0.4019397804639626,2,1,WARNING,"Review revenue_per_session drivers for business_segment = SMB; check recent releases, tracking changes, campaign mix, and operational issues."
2026-02-16,revenue_per_session,residual_anomaly,channel,Organic,0.335721,0.4097902,0.0740692,0.5980602195360374,1,1,WARNING,"Review revenue_per_session drivers for channel = Organic; check recent releases, tracking changes, campaign mix, and operational issues."
2026-02-16,revenue_per_session,residual_anomaly,channel,Paid Search,0.332405,0.3821848666666667,0.04977986666666667,0.4019397804639626,2,1,WARNING,"Review revenue_per_session drivers for channel = Paid Search; check recent releases, tracking changes, campaign mix, and operational issues."
2026-02-16,revenue_per_session,residual_anomaly,device_type,Desktop,0.334063,0.39598753333333336,0.12384906666666667,1.0,1,2,WARNING,"Review revenue_per_session drivers for device_type = Desktop; check recent releases, tracking changes, campaign mix, and operational issues."
2026-02-16,revenue_per_session,residual_anomaly,full_segment,North America + Desktop + Safari + Organic + Mid-Market,0.335721,0.4097902,0.0740692,0.5980602195360374,1,1,WARNING,"Review revenue_per_session drivers for full_segment = North America + Desktop + Safari + Organic + Mid-Market; check recent releases, tracking changes, campaign mix, and operational issues."
2026-02-16,revenue_per_session,residual_anomaly,full_segment,APAC + Desktop + Chrome + Paid Search + SMB,0.332405,0.3821848666666667,0.04977986666666667,0.4019397804639626,2,1,WARNING,"Review revenue_per_session drivers for full_segment = APAC + Desktop + Chrome + Paid Search + SMB; check recent releases, tracking changes, campaign mix, and operational issues."
2026-02-16,revenue_per_session,residual_anomaly,region,North America,0.335721,0.4097902,0.0740692,0.5980602195360374,1,1,WARNING,"Review revenue_per_session drivers for region = North America; check recent releases, tracking changes, campaign mix, and operational issues."
2026-02-16,revenue_per_session,residual_anomaly,region,APAC,0.332405,0.3821848666666667,0.04977986666666667,0.4019397804639626,2,1,WARNING,"Review revenue_per_session drivers for region = APAC; check recent releases, tracking changes, campaign mix, and operational issues."
2026-02-16,revenue_per_session,residual_anomaly,region_device_browser,North America + Desktop + Safari,0.335721,0.4097902,0.0740692,0.5980602195360374,1,1,WARNING,"Review revenue_per_session drivers for region_device_browser = North America + Desktop + Safari; check recent releases, tracking changes, campaign mix, and operational issues."
2026-02-16,revenue_per_session,residual_anomaly,region_device_browser,APAC + Desktop + Chrome,0.332405,0.3821848666666667,0.04977986666666667,0.4019397804639626,2,1,WARNING,"Review revenue_per_session drivers for region_device_browser = APAC + Desktop + Chrome; check recent releases, tracking changes, campaign mix, and operational issues."
2026-02-17,revenue_per_session,residual_anomaly,browser,Safari,0.370477,0.467126625,0.09664962500000002,1.0,1,1,WARNING,"Review revenue_per_session drivers for browser = Safari; check recent releases, tracking changes, campaign mix, and operational issues."
2026-02-17,revenue_per_session,residual_anomaly,business_segment,Enterprise,0.370477,0.467126625,0.09664962500000002,1.0,1,1,WARNING,"Review revenue_per_session drivers for business_segment = Enterprise; check recent releases, tracking changes, campaign mix, and operational issues."
2026-02-17,revenue_per_session,residual_anomaly,channel,Email,0.370477,0.467126625,0.09664962500000002,1.0,1,1,WARNING,"Review revenue_per_session drivers for channel = Email; check recent releases, tracking changes, campaign mix, and operational issues."
2026-02-17,revenue_per_session,residual_anomaly,device_type,Desktop,0.370477,0.467126625,0.09664962500000002,1.0,1,1,WARNING,"Review revenue_per_session drivers for device_type = Desktop; check recent releases, tracking changes, campaign mix, and operational issues."
2026-02-17,revenue_per_session,residual_anomaly,full_segment,APAC + Desktop + Safari + Email + Enterprise,0.370477,0.467126625,0.09664962500000002,1.0,1,1,WARNING,"Review revenue_per_session drivers for full_segment = APAC + Desktop + Safari + Email + Enterprise; check recent releases, tracking changes, campaign mix, and operational issues."
2026-02-17,revenue_per_session,residual_anomaly,region,APAC,0.370477,0.467126625,0.09664962500000002,1.0,1,1,WARNING,"Review revenue_per_session drivers for region = APAC; check recent releases, tracking changes, campaign mix, and operational issues."
2026-02-17,revenue_per_session,residual_anomaly,region_device_browser,APAC + Desktop + Safari,0.370477,0.467126625,0.09664962500000002,1.0,1,1,WARNING,"Review revenue_per_session drivers for region_device_browser = APAC + Desktop + Safari; check recent releases, tracking changes, campaign mix, and operational issues."
2026-02-18,conversion_rate,residual_anomaly,browser,Firefox,0.066667,0.08353535294117648,0.016868352941176473,1.0,1,1,WARNING,"Review conversion_rate drivers for browser = Firefox; check recent releases, tracking changes, campaign mix, and operational issues."
2026-02-18,conversion_rate,residual_anomaly,business_segment,SMB,0.066667,0.08353535294117648,0.016868352941176473,1.0,1,1,WARNING,"Review conversion_rate drivers for business_segment = SMB; check recent releases, tracking changes, campaign mix, and operational issues."
2026-02-18,conversion_rate,residual_anomaly,channel,Email,0.066667,0.08353535294117648,0.016868352941176473,1.0,1,1,WARNING,"Review conversion_rate drivers for channel = Email; check recent releases, tracking changes, campaign mix, and operational issues."
2026-02-18,conversion_rate,residual_anomaly,device_type,Desktop,0.066667,0.08353535294117648,0.016868352941176473,1.0,1,1,WARNING,"Review conversion_rate drivers for device_type = Desktop; check recent releases, tracking changes, campaign mix, and operational issues."
2026-02-18,conversion_rate,residual_anomaly,full_segment,EMEA + Desktop + Firefox + Email + SMB,0.066667,0.08353535294117648,0.016868352941176473,1.0,1,1,WARNING,"Review conversion_rate drivers for full_segment = EMEA + Desktop + Firefox + Email + SMB; check recent releases, tracking changes, campaign mix, and operational issues."
2026-02-18,conversion_rate,residual_anomaly,region,EMEA,0.066667,0.08353535294117648,0.016868352941176473,1.0,1,1,WARNING,"Review conversion_rate drivers for region = EMEA; check recent releases, tracking changes, campaign mix, and operational issues."
2026-02-18,conversion_rate,residual_anomaly,region_device_browser,EMEA + Desktop + Firefox,0.066667,0.08353535294117648,0.016868352941176473,1.0,1,1,WARNING,"Review conversion_rate drivers for region_device_browser = EMEA + Desktop + Firefox; check recent releases, tracking changes, campaign mix, and operational issues."
2026-02-18,revenue_per_session,residual_anomaly,browser,Safari,0.333436,0.42037091176470587,0.1738698235294117,0.4426839483604013,1,2,WARNING,"Review revenue_per_session drivers for browser = Safari; check recent releases, tracking changes, campaign mix, and operational issues."
2026-02-18,revenue_per_session,residual_anomaly,browser,Firefox,0.33942300000000003,0.4134912647058823,0.14813652941176464,0.3771652976073426,2,2,WARNING,"Review revenue_per_session drivers for browser = Firefox; check recent releases, tracking changes, campaign mix, and operational issues."
2026-02-18,revenue_per_session,residual_anomaly,browser,Chrome,0.352428,0.42318452941176465,0.07075652941176463,0.1801507540322562,3,1,WARNING,"Review revenue_per_session drivers for browser = Chrome; check recent releases, tracking changes, campaign mix, and operational issues."
2026-02-18,revenue_per_session,residual_anomaly,business_segment,Enterprise,0.421346,0.5087282058823529,0.17476441176470575,0.44496162854732435,1,2,WARNING,"Review revenue_per_session drivers for business_segment = Enterprise; check recent releases, tracking changes, campaign mix, and operational issues."
2026-02-18,revenue_per_session,residual_anomaly,business_segment,Mid-Market,0.277671,0.35093255882352936,0.14652311764705875,0.37305744567632415,2,2,WARNING,"Review revenue_per_session drivers for business_segment = Mid-Market; check recent releases, tracking changes, campaign mix, and operational issues."
2026-02-18,revenue_per_session,residual_anomaly,business_segment,SMB,0.300112,0.37158735294117645,0.07147535294117646,0.1819809257763516,3,1,WARNING,"Review revenue_per_session drivers for business_segment = SMB; check recent releases, tracking changes, campaign mix, and operational issues."
2026-02-18,revenue_per_session,residual_anomaly,channel,Organic,0.40819300000000003,0.4926228823529411,0.1688597647058822,0.42992801074858955,1,2,WARNING,"Review revenue_per_session drivers for channel = Organic; check recent releases, tracking changes, campaign mix, and operational issues."
2026-02-18,revenue_per_session,residual_anomaly,channel,Email,0.290824,0.36703788235294116,0.1524277647058823,0.3880910634750589,2,2,WARNING,"Review revenue_per_session drivers for channel = Email; check recent releases, tracking changes, campaign mix, and operational issues."
2026-02-18,revenue_per_session,residual_anomaly,channel,Paid Search,0.300112,0.37158735294117645,0.07147535294117646,0.1819809257763516,3,1,WARNING,"Review revenue_per_session drivers for channel = Paid Search; check recent releases, tracking changes, campaign mix, and operational issues."
2026-02-18,revenue_per_session,residual_anomaly,device_type,Mobile,0.31135866666666673,0.385753431372549,0.22318429411764693,0.5682418175073151,1,3,WARNING,"Review revenue_per_session drivers for device_type = Mobile; check recent releases, tracking changes, campaign mix, and operational issues."
2026-02-18,revenue_per_session,residual_anomaly,device_type,Desktop,0.382035,0.46682429411764703,0.16957858823529404,0.431758182492685,2,2,WARNING,"Review revenue_per_session drivers for device_type = Desktop; check recent releases, tracking changes, campaign mix, and operational issues."
2026-02-18,revenue_per_session,residual_anomaly,full_segment,APAC + Desktop + Safari + Organic + Enterprise,0.463958,0.5620612352941176,0.09810323529411757,0.24977725671633338,1,1,WARNING,"Review revenue_per_session drivers for full_segment = APAC + Desktop + Safari + Organic + Enterprise; check recent releases, tracking changes, campaign mix, and operational issues."
2026-02-18,revenue_per_session,residual_anomaly,full_segment,EMEA + Mobile + Firefox + Email + Enterprise,0.378734,0.4553951764705882,0.07666117647058818,0.19518437183099094,2,1,WARNING,"Review revenue_per_session drivers for full_segment = EMEA + Mobile + Firefox + Email + Enterprise; check recent releases, tracking changes, campaign mix, and operational issues."
2026-02-18,revenue_per_session,residual_anomaly,full_segment,EMEA + Mobile + Safari + Email + Mid-Market,0.202914,0.2786805882352941,0.07576658823529411,0.19290669164406796,3,1,WARNING,"Review revenue_per_session drivers for full_segment = EMEA + Mobile + Safari + Email + Mid-Market; check recent releases, tracking changes, campaign mix, and operational issues."
2026-02-18,revenue_per_session,residual_anomaly,full_segment,EMEA + Desktop + Firefox + Paid Search + SMB,0.300112,0.37158735294117645,0.07147535294117646,0.1819809257763516,4,1,WARNING,"Review revenue_per_session drivers for full_segment = EMEA + Desktop + Firefox + Paid Search + SMB; check recent releases, tracking changes, campaign mix, and operational issues."
2026-02-18,revenue_per_session,residual_anomaly,full_segment,North America + Mobile + Chrome + Organic + Mid-Market,0.352428,0.42318452941176465,0.07075652941176463,0.1801507540322562,5,1,WARNING,"Review revenue_per_session drivers for full_segment = North America + Mobile + Chrome + Organic + Mid-Market; check recent releases, tracking changes, campaign mix, and operational issues."
2026-02-18,revenue_per_session,residual_anomaly,region,EMEA,0.29392,0.3685543725490196,0.22390311764705875,0.5700719892514104,1,3,WARNING,"Review revenue_per_session drivers for region = EMEA; check recent releases, tracking changes, campaign mix, and operational issues."
2026-02-18,revenue_per_session,residual_anomaly,region,APAC,0.463958,0.5620612352941176,0.09810323529411757,0.24977725671633338,2,1,WARNING,"Review revenue_per_session drivers for region = APAC; check recent releases, tracking changes, campaign mix, and operational issues."
2026-02-18,revenue_per_session,residual_anomaly,region,North America,0.352428,0.42318452941176465,0.07075652941176463,0.1801507540322562,3,1,WARNING,"Review revenue_per_session drivers for region = North America; check recent releases, tracking changes, campaign mix, and operational issues."
2026-02-18,revenue_per_session,residual_anomaly,region_device_browser,APAC + Desktop + Safari,0.463958,0.5620612352941176,0.09810323529411757,0.24977725671633338,1,1,WARNING,"Review revenue_per_session drivers for region_device_browser = APAC + Desktop + Safari; check recent releases, tracking changes, campaign mix, and operational issues."
2026-02-18,revenue_per_session,residual_anomaly,region_device_browser,EMEA + Mobile + Firefox,0.378734,0.4553951764705882,0.07666117647058818,0.19518437183099094,2,1,WARNING,"Review revenue_per_session drivers for region_device_browser = EMEA + Mobile + Firefox; check recent releases, tracking changes, campaign mix, and operational issues."
2026-02-18,revenue_per_session,residual_anomaly,region_device_browser,EMEA + Mobile + Safari,0.202914,0.2786805882352941,0.07576658823529411,0.19290669164406796,3,1,WARNING,"Review revenue_per_session drivers for region_device_browser = EMEA + Mobile + Safari; check recent releases, tracking changes, campaign mix, and operational issues."
2026-02-18,revenue_per_session,residual_anomaly,region_device_browser,EMEA + Desktop + Firefox,0.300112,0.37158735294117645,0.07147535294117646,0.1819809257763516,4,1,WARNING,"Review revenue_per_session drivers for region_device_browser = EMEA + Desktop + Firefox; check recent releases, tracking changes, campaign mix, and operational issues."
2026-02-18,revenue_per_session,residual_anomaly,region_device_browser,North America + Mobile + Chrome,0.352428,0.42318452941176465,0.07075652941176463,0.1801507540322562,5,1,WARNING,"Review revenue_per_session drivers for region_device_browser = North America + Mobile + Chrome; check recent releases, tracking changes, campaign mix, and operational issues."
2026-02-19,revenue_per_session,residual_anomaly,browser,Firefox,0.2397185,0.3219148333333333,0.1643926666666667,0.36545117115207854,1,2,WARNING,"Review revenue_per_session drivers for browser = Firefox; check recent releases, tracking changes, campaign mix, and operational issues."
2026-02-19,revenue_per_session,residual_anomaly,browser,Chrome,0.326067,0.4045597222222222,0.15698544444444434,0.3489846334957261,2,2,WARNING,"Review revenue_per_session drivers for browser = Chrome; check recent releases, tracking changes, campaign mix, and operational issues."
2026-02-19,revenue_per_session,residual_anomaly,browser,Safari,0.423687,0.5521437222222222,0.1284567222222222,0.28556419535219535,3,1,WARNING,"Review revenue_per_session drivers for browser = Safari; check recent releases, tracking changes, campaign mix, and operational issues."
2026-02-19,revenue_per_session,residual_anomaly,business_segment,Mid-Market,0.31234850000000003,0.4102827222222222,0.1958684444444444,0.4354230262539572,1,2,WARNING,"Review revenue_per_session drivers for business_segment = Mid-Market; check recent releases, tracking changes, campaign mix, and operational issues."
2026-02-19,revenue_per_session,residual_anomaly,business_segment,Enterprise,0.423687,0.5521437222222222,0.1284567222222222,0.28556419535219535,2,1,WARNING,"Review revenue_per_session drivers for business_segment = Enterprise; check recent releases, tracking changes, campaign mix, and operational issues."
2026-02-19,revenue_per_session,residual_anomaly,business_segment,SMB,0.253437,0.31619183333333334,0.12550966666666663,0.27901277839384747,3,2,WARNING,"Review revenue_per_session drivers for business_segment = SMB; check recent releases, tracking changes, campaign mix, and operational issues."
2026-02-19,revenue_per_session,residual_anomaly,channel,Organic,0.31234850000000003,0.4102827222222222,0.1958684444444444,0.4354230262539572,1,2,WARNING,"Review revenue_per_session drivers for channel = Organic; check recent releases, tracking changes, campaign mix, and operational issues."
2026-02-19,revenue_per_session,residual_anomaly,channel,Email,0.3044665,0.4007407777777778,0.19254855555555556,0.4280427865684529,2,2,WARNING,"Review revenue_per_session drivers for channel = Email; check recent releases, tracking changes, campaign mix, and operational issues."
2026-02-19,revenue_per_session,residual_anomaly,channel,Paid Search,0.321628,0.3830458333333333,0.06141783333333328,0.13653418717758992,3,1,WARNING,"Review revenue_per_session drivers for channel = Paid Search; check recent releases, tracking changes, campaign mix, and operational issues."
2026-02-19,revenue_per_session,residual_anomaly,device_type,Desktop,0.35860699999999995,0.45375438888888886,0.28544216666666655,0.6345488288479215,1,3,WARNING,"Review revenue_per_session drivers for device_type = Desktop; check recent releases, tracking changes, campaign mix, and operational issues."
2026-02-19,revenue_per_session,residual_anomaly,device_type,Mobile,0.2397185,0.3219148333333333,0.1643926666666667,0.36545117115207854,2,2,WARNING,"Review revenue_per_session drivers for device_type = Mobile; check recent releases, tracking changes, campaign mix, and operational issues."
2026-02-19,revenue_per_session,residual_anomaly,full_segment,North America + Desktop + Safari + Email + Enterprise,0.423687,0.5521437222222222,0.1284567222222222,0.28556419535219535,1,1,WARNING,"Review revenue_per_session drivers for full_segment = North America + Desktop + Safari + Email + Enterprise; check recent releases, tracking changes, campaign mix, and operational issues."
2026-02-19,revenue_per_session,residual_anomaly,full_segment,EMEA + Mobile + Firefox + Organic + Mid-Market,0.294191,0.3944918333333333,0.10030083333333334,0.22297257993582095,2,1,WARNING,"Review revenue_per_session drivers for full_segment = EMEA + Mobile + Firefox + Organic + Mid-Market; check recent releases, tracking changes, campaign mix, and operational issues."
2026-02-19,revenue_per_session,residual_anomaly,full_segment,APAC + Desktop + Chrome + Organic + Mid-Market,0.330506,0.4260736111111111,0.09556761111111106,0.2124504463181362,3,1,WARNING,"Review revenue_per_session drivers for full_segment = APAC + Desktop + Chrome + Organic + Mid-Market; check recent releases, tracking changes, campaign mix, and operational issues."
2026-02-19,revenue_per_session,residual_anomaly,full_segment,North America + Mobile + Firefox + Email + SMB,0.185246,0.24933783333333334,0.06409183333333335,0.14247859121625758,4,1,WARNING,"Review revenue_per_session drivers for full_segment = North America + Mobile + Firefox + Email + SMB; check recent releases, tracking changes, campaign mix, and operational issues."
2026-02-19,revenue_per_session,residual_anomaly,full_segment,APAC + Desktop + Chrome + Paid Search + SMB,0.321628,0.3830458333333333,0.06141783333333328,0.13653418717758992,5,1,WARNING,"Review revenue_per_session drivers for full_segment = APAC + Desktop + Chrome + Paid Search + SMB; check recent releases, tracking changes, campaign mix, and operational issues."
2026-02-19,revenue_per_session,residual_anomaly,region,North America,0.3044665,0.4007407777777778,0.19254855555555556,0.4280427865684529,1,2,WARNING,"Review revenue_per_session drivers for region = North America; check recent releases, tracking changes, campaign mix, and operational issues."
2026-02-19,revenue_per_session,residual_anomaly,region,APAC,0.326067,0.4045597222222222,0.15698544444444434,0.3489846334957261,2,2,WARNING,"Review revenue_per_session drivers for region = APAC; check recent releases, tracking changes, campaign mix, and operational issues."
2026-02-19,revenue_per_session,residual_anomaly,region,EMEA,0.294191,0.3944918333333333,0.10030083333333334,0.22297257993582095,3,1,WARNING,"Review revenue_per_session drivers for region = EMEA; check recent releases, tracking changes, campaign mix, and operational issues."
2026-02-19,revenue_per_session,residual_anomaly,region_device_browser,APAC + Desktop + Chrome,0.326067,0.4045597222222222,0.15698544444444434,0.3489846334957261,1,2,WARNING,"Review revenue_per_session drivers for region_device_browser = APAC + Desktop + Chrome; check recent releases, tracking changes, campaign mix, and operational issues."
2026-02-19,revenue_per_session,residual_anomaly,region_device_browser,North America + Desktop + Safari,0.423687,0.5521437222222222,0.1284567222222222,0.28556419535219535,2,1,WARNING,"Review revenue_per_session drivers for region_device_browser = North America + Desktop + Safari; check recent releases, tracking changes, campaign mix, and operational issues."
2026-02-19,revenue_per_session,residual_anomaly,region_device_browser,EMEA + Mobile + Firefox,0.294191,0.3944918333333333,0.10030083333333334,0.22297257993582095,3,1,WARNING,"Review revenue_per_session drivers for region_device_browser = EMEA + Mobile + Firefox; check recent releases, tracking changes, campaign mix, and operational issues."
2026-02-19,revenue_per_session,residual_anomaly,region_device_browser,North America + Mobile + Firefox,0.185246,0.24933783333333334,0.06409183333333335,0.14247859121625758,4,1,WARNING,"Review revenue_per_session drivers for region_device_browser = North America + Mobile + Firefox; check recent releases, tracking changes, campaign mix, and operational issues."
2026-02-20,revenue_per_session,residual_anomaly,browser,Chrome,0.36276325000000004,0.45995311842105263,0.38875947368421054,0.4326913557798776,1,4,WARNING,"Review revenue_per_session drivers for browser = Chrome; check recent releases, tracking changes, campaign mix, and operational issues."
2026-02-20,revenue_per_session,residual_anomaly,browser,Firefox,0.1821935,0.2622548289473684,0.32024531578947363,0.3564347347163576,2,4,WARNING,"Review revenue_per_session drivers for browser = Firefox; check recent releases, tracking changes, campaign mix, and operational issues."
2026-02-20,revenue_per_session,residual_anomaly,browser,Safari,0.218005,0.3127367631578947,0.18946352631578944,0.2108739095037648,3,2,WARNING,"Review revenue_per_session drivers for browser = Safari; check recent releases, tracking changes, campaign mix, and operational issues."
2026-02-20,revenue_per_session,residual_anomaly,business_segment,Mid-Market,0.22647850000000003,0.31763190789473683,0.36461363157894733,0.40581690547269395,1,4,WARNING,"Review revenue_per_session drivers for business_segment = Mid-Market; check recent releases, tracking changes, campaign mix, and operational issues."
2026-02-20,revenue_per_session,residual_anomaly,business_segment,SMB,0.19537175,0.2813464605263158,0.3438988421052631,0.3827612349391344,2,4,WARNING,"Review revenue_per_session drivers for business_segment = SMB; check recent releases, tracking changes, campaign mix, and operational issues."
2026-02-20,revenue_per_session,residual_anomaly,business_segment,Enterprise,0.464218,0.5591959210526316,0.18995584210526312,0.2114218595881716,3,2,WARNING,"Review revenue_per_session drivers for business_segment = Enterprise; check recent releases, tracking changes, campaign mix, and operational issues."
2026-02-20,revenue_per_session,residual_anomaly,channel,Email,0.22044071428571432,0.30242764661654137,0.5739085263157894,0.6387632331937078,1,7,WARNING,"Review revenue_per_session drivers for channel = Email; check recent releases, tracking changes, campaign mix, and operational issues."
2026-02-20,revenue_per_session,residual_anomaly,channel,Organic,0.4104645,0.5212957894736843,0.22166257894736852,0.24671162583245487,2,2,WARNING,"Review revenue_per_session drivers for channel = Organic; check recent releases, tracking changes, campaign mix, and operational issues."
2026-02-20,revenue_per_session,residual_anomaly,channel,Paid Search,0.251823,0.35472021052631575,0.10289721052631573,0.11452514097383741,3,1,WARNING,"Review revenue_per_session drivers for channel = Paid Search; check recent releases, tracking changes, campaign mix, and operational issues."
2026-02-20,revenue_per_session,residual_anomaly,device_type,Desktop,0.32465960000000005,0.41682264210526315,0.4608152105263158,0.5128897729926101,1,5,WARNING,"Review revenue_per_session drivers for device_type = Desktop; check recent releases, tracking changes, campaign mix, and operational issues."
2026-02-20,revenue_per_session,residual_anomaly,device_type,Mobile,0.1985078,0.28603842105263155,0.4376531052631578,0.48711022700738993,2,5,WARNING,"Review revenue_per_session drivers for device_type = Mobile; check recent releases, tracking changes, campaign mix, and operational issues."
2026-02-20,revenue_per_session,residual_anomaly,full_segment,APAC + Desktop + Chrome + Organic + Enterprise,0.490316,0.6015712631578948,0.1112552631578948,0.12382769787506208,1,1,WARNING,"Review revenue_per_session drivers for full_segment = APAC + Desktop + Chrome + Organic + Enterprise; check recent releases, tracking changes, campaign mix, and operational issues."
2026-02-20,revenue_per_session,residual_anomaly,full_segment,EMEA + Desktop + Chrome + Organic + Mid-Market,0.330613,0.4410203157894737,0.11040731578947371,0.1228839279573928,2,1,WARNING,"Review revenue_per_session drivers for full_segment = EMEA + Desktop + Chrome + Organic + Mid-Market; check recent releases, tracking changes, campaign mix, and operational issues."
2026-02-20,revenue_per_session,residual_anomaly,full_segment,EMEA + Mobile + Firefox + Email + Mid-Market,0.189173,0.2951468947368421,0.10597389473684207,0.11794950681563439,3,1,WARNING,"Review revenue_per_session drivers for full_segment = EMEA + Mobile + Firefox + Email + Mid-Market; check recent releases, tracking changes, campaign mix, and operational issues."
2026-02-20,revenue_per_session,residual_anomaly,full_segment,EMEA + Mobile + Safari + Paid Search + SMB,0.251823,0.35472021052631575,0.10289721052631573,0.11452514097383741,4,1,WARNING,"Review revenue_per_session drivers for full_segment = EMEA + Mobile + Safari + Paid Search + SMB; check recent releases, tracking changes, campaign mix, and operational issues."
2026-02-20,revenue_per_session,residual_anomaly,full_segment,EMEA + Desktop + Chrome + Email + SMB,0.192004,0.2804003157894737,0.08839631578947371,0.0983855682343132,5,1,WARNING,"Review revenue_per_session drivers for full_segment = EMEA + Desktop + Chrome + Email + SMB; check recent releases, tracking changes, campaign mix, and operational issues."
2026-02-20,revenue_per_session,residual_anomaly,full_segment,APAC + Mobile + Safari + Email + Mid-Market,0.184187,0.2707533157894737,0.08656631578947371,0.09634876852992741,6,1,WARNING,"Review revenue_per_session drivers for full_segment = APAC + Mobile + Safari + Email + Mid-Market; check recent releases, tracking changes, campaign mix, and operational issues."
2026-02-20,revenue_per_session,residual_anomaly,full_segment,North America + Mobile + Firefox + Email + SMB,0.165415,0.2459645789473684,0.08054957894736839,0.08965210851825132,7,1,WARNING,"Review revenue_per_session drivers for full_segment = North America + Mobile + Firefox + Email + SMB; check recent releases, tracking changes, campaign mix, and operational issues."
2026-02-20,revenue_per_session,residual_anomaly,full_segment,EMEA + Desktop + Chrome + Email + Enterprise,0.43812,0.5168205789473683,0.07870057894736832,0.08759416171310953,8,1,WARNING,"Review revenue_per_session drivers for full_segment = EMEA + Desktop + Chrome + Email + Enterprise; check recent releases, tracking changes, campaign mix, and operational issues."
2026-02-20,revenue_per_session,residual_anomaly,full_segment,EMEA + Desktop + Firefox + Email + SMB,0.172245,0.2443007368421053,0.07205573684210528,0.08019841721273248,9,1,WARNING,"Review revenue_per_session drivers for full_segment = EMEA + Desktop + Firefox + Email + SMB; check recent releases, tracking changes, campaign mix, and operational issues."
2026-02-20,revenue_per_session,residual_anomaly,full_segment,APAC + Mobile + Firefox + Email + Mid-Market,0.201941,0.2636071052631579,0.06166610526315788,0.0686347021697394,10,1,WARNING,"Review revenue_per_session drivers for full_segment = APAC + Mobile + Firefox + Email + Mid-Market; check recent releases, tracking changes, campaign mix, and operational issues."
2026-02-20,revenue_per_session,residual_anomaly,region,EMEA,0.2623296666666666,0.3554015087719298,0.5584310526315788,0.6215367229070198,1,6,WARNING,"Review revenue_per_session drivers for region = EMEA; check recent releases, tracking changes, campaign mix, and operational issues."
2026-02-20,revenue_per_session,residual_anomaly,region,APAC,0.292148,0.37864389473684207,0.25948768421052637,0.2888111685747288,2,3,WARNING,"Review revenue_per_session drivers for region = APAC; check recent releases, tracking changes, campaign mix, and operational issues."
2026-02-20,revenue_per_session,residual_anomaly,region,North America,0.165415,0.2459645789473684,0.08054957894736839,0.08965210851825132,3,1,WARNING,"Review revenue_per_session drivers for region = North America; check recent releases, tracking changes, campaign mix, and operational issues."
2026-02-20,revenue_per_session,residual_anomaly,region_device_browser,EMEA + Desktop + Chrome,0.32024566666666665,0.41274707017543855,0.27750421052631574,0.3088636579048155,1,3,WARNING,"Review revenue_per_session drivers for region_device_browser = EMEA + Desktop + Chrome; check recent releases, tracking changes, campaign mix, and operational issues."
2026-02-20,revenue_per_session,residual_anomaly,region_device_browser,APAC + Desktop + Chrome,0.490316,0.6015712631578948,0.1112552631578948,0.12382769787506208,2,1,WARNING,"Review revenue_per_session drivers for region_device_browser = APAC + Desktop + Chrome; check recent releases, tracking changes, campaign mix, and operational issues."
2026-02-20,revenue_per_session,residual_anomaly,region_device_browser,EMEA + Mobile + Firefox,0.189173,0.2951468947368421,0.10597389473684207,0.11794950681563439,3,1,WARNING,"Review revenue_per_session drivers for region_device_browser = EMEA + Mobile + Firefox; check recent releases, tracking changes, campaign mix, and operational issues."
2026-02-20,revenue_per_session,residual_anomaly,region_device_browser,EMEA + Mobile + Safari,0.251823,0.35472021052631575,0.10289721052631573,0.11452514097383741,4,1,WARNING,"Review revenue_per_session drivers for region_device_browser = EMEA + Mobile + Safari; check recent releases, tracking changes, campaign mix, and operational issues."
2026-02-20,revenue_per_session,residual_anomaly,region_device_browser,APAC + Mobile + Safari,0.184187,0.2707533157894737,0.08656631578947371,0.09634876852992741,5,1,WARNING,"Review revenue_per_session drivers for region_device_browser = APAC + Mobile + Safari; check recent releases, tracking changes, campaign mix, and operational issues."
2026-02-20,revenue_per_session,residual_anomaly,region_device_browser,North America + Mobile + Firefox,0.165415,0.2459645789473684,0.08054957894736839,0.08965210851825132,6,1,WARNING,"Review revenue_per_session drivers for region_device_browser = North America + Mobile + Firefox; check recent releases, tracking changes, campaign mix, and operational issues."
2026-02-20,revenue_per_session,residual_anomaly,region_device_browser,EMEA + Desktop + Firefox,0.172245,0.2443007368421053,0.07205573684210528,0.08019841721273248,7,1,WARNING,"Review revenue_per_session drivers for region_device_browser = EMEA + Desktop + Firefox; check recent releases, tracking changes, campaign mix, and operational issues."
2026-02-20,revenue_per_session,residual_anomaly,region_device_browser,APAC + Mobile + Firefox,0.201941,0.2636071052631579,0.06166610526315788,0.0686347021697394,8,1,WARNING,"Review revenue_per_session drivers for region_device_browser = APAC + Mobile + Firefox; check recent releases, tracking changes, campaign mix, and operational issues."
2026-02-21,revenue_per_session,residual_anomaly,browser,Firefox,0.3975343333333334,0.4970283,0.2984819,0.4801629596562243,1,3,WARNING,"Review revenue_per_session drivers for browser = Firefox; check recent releases, tracking changes, campaign mix, and operational issues."
2026-02-21,revenue_per_session,residual_anomaly,browser,Safari,0.3788275,0.4923282,0.22700139999999996,0.3651734462629272,2,2,WARNING,"Review revenue_per_session drivers for browser = Safari; check recent releases, tracking changes, campaign mix, and operational issues."
2026-02-21,revenue_per_session,residual_anomaly,browser,Chrome,0.193905,0.29004795,0.09614295,0.15466359408084843,3,1,WARNING,"Review revenue_per_session drivers for browser = Chrome; check recent releases, tracking changes, campaign mix, and operational issues."
2026-02-21,revenue_per_session,residual_anomaly,business_segment,Enterprise,0.45798333333333335,0.580315,0.36699499999999996,0.5903788651138846,1,3,WARNING,"Review revenue_per_session drivers for business_segment = Enterprise; check recent releases, tracking changes, campaign mix, and operational issues."
2026-02-21,revenue_per_session,residual_anomaly,business_segment,SMB,0.2567376666666667,0.34161475,0.25463125000000003,0.4096211348861153,2,3,WARNING,"Review revenue_per_session drivers for business_segment = SMB; check recent releases, tracking changes, campaign mix, and operational issues."
2026-02-21,revenue_per_session,residual_anomaly,channel,Paid Search,0.367151,0.46756273333333337,0.30123520000000004,0.4845921484171558,1,3,WARNING,"Review revenue_per_session drivers for channel = Paid Search; check recent releases, tracking changes, campaign mix, and operational issues."
2026-02-21,revenue_per_session,residual_anomaly,channel,Organic,0.322749,0.4428071,0.24011619999999995,0.38627101091692945,2,2,WARNING,"Review revenue_per_session drivers for channel = Organic; check recent releases, tracking changes, campaign mix, and operational issues."
2026-02-21,revenue_per_session,residual_anomaly,channel,Email,0.397212,0.47748685,0.08027485000000001,0.1291368406659146,3,1,WARNING,"Review revenue_per_session drivers for channel = Email; check recent releases, tracking changes, campaign mix, and operational issues."
2026-02-21,revenue_per_session,residual_anomaly,device_type,Mobile,0.3297653333333333,0.4345486666666667,0.31435,0.5056897130711581,1,3,WARNING,"Review revenue_per_session drivers for device_type = Mobile; check recent releases, tracking changes, campaign mix, and operational issues."
2026-02-21,revenue_per_session,residual_anomaly,device_type,Desktop,0.3849556666666667,0.48738108333333335,0.30727625,0.4943102869288418,2,3,WARNING,"Review revenue_per_session drivers for device_type = Desktop; check recent releases, tracking changes, campaign mix, and operational issues."
2026-02-21,revenue_per_session,residual_anomaly,full_segment,EMEA + Desktop + Safari + Organic + Enterprise,0.451593,0.59556625,0.14397324999999994,0.23160741683608105,1,1,WARNING,"Review revenue_per_session drivers for full_segment = EMEA + Desktop + Safari + Organic + Enterprise; check recent releases, tracking changes, campaign mix, and operational issues."
2026-02-21,revenue_per_session,residual_anomaly,full_segment,EMEA + Mobile + Firefox + Paid Search + Enterprise,0.525145,0.6678919,0.1427469,0.22963460761188897,2,1,WARNING,"Review revenue_per_session drivers for full_segment = EMEA + Mobile + Firefox + Paid Search + Enterprise; check recent releases, tracking changes, campaign mix, and operational issues."
2026-02-21,revenue_per_session,residual_anomaly,full_segment,APAC + Mobile + Chrome + Organic + SMB,0.193905,0.29004795,0.09614295,0.15466359408084843,3,1,WARNING,"Review revenue_per_session drivers for full_segment = APAC + Mobile + Chrome + Organic + SMB; check recent releases, tracking changes, campaign mix, and operational issues."
2026-02-21,revenue_per_session,residual_anomaly,full_segment,North America + Desktop + Safari + Paid Search + SMB,0.306062,0.38909015,0.08302815000000002,0.13356602942684614,4,1,WARNING,"Review revenue_per_session drivers for full_segment = North America + Desktop + Safari + Paid Search + SMB; check recent releases, tracking changes, campaign mix, and operational issues."
2026-02-21,revenue_per_session,residual_anomaly,full_segment,APAC + Desktop + Firefox + Email + Enterprise,0.397212,0.47748685,0.08027485000000001,0.1291368406659146,5,1,WARNING,"Review revenue_per_session drivers for full_segment = APAC + Desktop + Firefox + Email + Enterprise; check recent releases, tracking changes, campaign mix, and operational issues."
2026-02-21,revenue_per_session,residual_anomaly,full_segment,EMEA + Mobile + Firefox + Paid Search + SMB,0.270246,0.34570615,0.07546015,0.1213915113784207,6,1,WARNING,"Review revenue_per_session drivers for full_segment = EMEA + Mobile + Firefox + Paid Search + SMB; check recent releases, tracking changes, campaign mix, and operational issues."
2026-02-21,revenue_per_session,residual_anomaly,region,EMEA,0.41566133333333327,0.5363881,0.36218029999999996,0.5826335358263908,1,3,WARNING,"Review revenue_per_session drivers for region = EMEA; check recent releases, tracking changes, campaign mix, and operational issues."
2026-02-21,revenue_per_session,residual_anomaly,region,APAC,0.2955585,0.3837674,0.1764178,0.28380043474676303,2,2,WARNING,"Review revenue_per_session drivers for region = APAC; check recent releases, tracking changes, campaign mix, and operational issues."
2026-02-21,revenue_per_session,residual_anomaly,region,North America,0.306062,0.38909015,0.08302815000000002,0.13356602942684614,3,1,WARNING,"Review revenue_per_session drivers for region = North America; check recent releases, tracking changes, campaign mix, and operational issues."
2026-02-21,revenue_per_session,residual_anomaly,region_device_browser,EMEA + Mobile + Firefox,0.3976955,0.506799025,0.21820705,0.35102611899030967,1,2,WARNING,"Review revenue_per_session drivers for region_device_browser = EMEA + Mobile + Firefox; check recent releases, tracking changes, campaign mix, and operational issues."
2026-02-21,revenue_per_session,residual_anomaly,region_device_browser,EMEA + Desktop + Safari,0.451593,0.59556625,0.14397324999999994,0.23160741683608105,2,1,WARNING,"Review revenue_per_session drivers for region_device_browser = EMEA + Desktop + Safari; check recent releases, tracking changes, campaign mix, and operational issues."
2026-02-21,revenue_per_session,residual_anomaly,region_device_browser,APAC + Mobile + Chrome,0.193905,0.29004795,0.09614295,0.15466359408084843,3,1,WARNING,"Review revenue_per_session drivers for region_device_browser = APAC + Mobile + Chrome; check recent releases, tracking changes, campaign mix, and operational issues."
2026-02-21,revenue_per_session,residual_anomaly,region_device_browser,North America + Desktop + Safari,0.306062,0.38909015,0.08302815000000002,0.13356602942684614,4,1,WARNING,"Review revenue_per_session drivers for region_device_browser = North America + Desktop + Safari; check recent releases, tracking changes, campaign mix, and operational issues."
2026-02-21,revenue_per_session,residual_anomaly,region_device_browser,APAC + Desktop + Firefox,0.397212,0.47748685,0.08027485000000001,0.1291368406659146,5,1,WARNING,"Review revenue_per_session drivers for region_device_browser = APAC + Desktop + Firefox; check recent releases, tracking changes, campaign mix, and operational issues."
2026-02-22,revenue_per_session,residual_anomaly,browser,Firefox,0.309255,0.39633685714285716,0.08708185714285716,1.0,1,1,WARNING,"Review revenue_per_session drivers for browser = Firefox; check recent releases, tracking changes, campaign mix, and operational issues."
2026-02-22,revenue_per_session,residual_anomaly,business_segment,SMB,0.309255,0.39633685714285716,0.08708185714285716,1.0,1,1,WARNING,"Review revenue_per_session drivers for business_segment = SMB; check recent releases, tracking changes, campaign mix, and operational issues."
2026-02-22,revenue_per_session,residual_anomaly,channel,Paid Search,0.309255,0.39633685714285716,0.08708185714285716,1.0,1,1,WARNING,"Review revenue_per_session drivers for channel = Paid Search; check recent releases, tracking changes, campaign mix, and operational issues."
2026-02-22,revenue_per_session,residual_anomaly,device_type,Mobile,0.309255,0.39633685714285716,0.08708185714285716,1.0,1,1,WARNING,"Review revenue_per_session drivers for device_type = Mobile; check recent releases, tracking changes, campaign mix, and operational issues."
2026-02-22,revenue_per_session,residual_anomaly,full_segment,North America + Mobile + Firefox + Paid Search + SMB,0.309255,0.39633685714285716,0.08708185714285716,1.0,1,1,WARNING,"Review revenue_per_session drivers for full_segment = North America + Mobile + Firefox + Paid Search + SMB; check recent releases, tracking changes, campaign mix, and operational issues."
2026-02-22,revenue_per_session,residual_anomaly,region,North America,0.309255,0.39633685714285716,0.08708185714285716,1.0,1,1,WARNING,"Review revenue_per_session drivers for region = North America; check recent releases, tracking changes, campaign mix, and operational issues."
2026-02-22,revenue_per_session,residual_anomaly,region_device_browser,North America + Mobile + Firefox,0.309255,0.39633685714285716,0.08708185714285716,1.0,1,1,WARNING,"Review revenue_per_session drivers for region_device_browser = North America + Mobile + Firefox; check recent releases, tracking changes, campaign mix, and operational issues."
2026-02-23,revenue_per_session,residual_anomaly,browser,Firefox,0.278543,0.34839777272727274,0.06985477272727275,1.0,1,1,WARNING,"Review revenue_per_session drivers for browser = Firefox; check recent releases, tracking changes, campaign mix, and operational issues."
2026-02-23,revenue_per_session,residual_anomaly,business_segment,SMB,0.278543,0.34839777272727274,0.06985477272727275,1.0,1,1,WARNING,"Review revenue_per_session drivers for business_segment = SMB; check recent releases, tracking changes, campaign mix, and operational issues."
2026-02-23,revenue_per_session,residual_anomaly,channel,Organic,0.278543,0.34839777272727274,0.06985477272727275,1.0,1,1,WARNING,"Review revenue_per_session drivers for channel = Organic; check recent releases, tracking changes, campaign mix, and operational issues."
2026-02-23,revenue_per_session,residual_anomaly,device_type,Desktop,0.278543,0.34839777272727274,0.06985477272727275,1.0,1,1,WARNING,"Review revenue_per_session drivers for device_type = Desktop; check recent releases, tracking changes, campaign mix, and operational issues."
2026-02-23,revenue_per_session,residual_anomaly,full_segment,North America + Desktop + Firefox + Organic + SMB,0.278543,0.34839777272727274,0.06985477272727275,1.0,1,1,WARNING,"Review revenue_per_session drivers for full_segment = North America + Desktop + Firefox + Organic + SMB; check recent releases, tracking changes, campaign mix, and operational issues."
2026-02-23,revenue_per_session,residual_anomaly,region,North America,0.278543,0.34839777272727274,0.06985477272727275,1.0,1,1,WARNING,"Review revenue_per_session drivers for region = North America; check recent releases, tracking changes, campaign mix, and operational issues."
2026-02-23,revenue_per_session,residual_anomaly,region_device_browser,North America + Desktop + Firefox,0.278543,0.34839777272727274,0.06985477272727275,1.0,1,1,WARNING,"Review revenue_per_session drivers for region_device_browser = North America + Desktop + Firefox; check recent releases, tracking changes, campaign mix, and operational issues."
2026-02-24,revenue_per_session,residual_anomaly,browser,Safari,0.426004,0.5147989130434782,0.08879491304347825,1.0,1,1,WARNING,"Review revenue_per_session drivers for browser = Safari; check recent releases, tracking changes, campaign mix, and operational issues."
2026-02-24,revenue_per_session,residual_anomaly,business_segment,Enterprise,0.426004,0.5147989130434782,0.08879491304347825,1.0,1,1,WARNING,"Review revenue_per_session drivers for business_segment = Enterprise; check recent releases, tracking changes, campaign mix, and operational issues."
2026-02-24,revenue_per_session,residual_anomaly,channel,Organic,0.426004,0.5147989130434782,0.08879491304347825,1.0,1,1,WARNING,"Review revenue_per_session drivers for channel = Organic; check recent releases, tracking changes, campaign mix, and operational issues."
2026-02-24,revenue_per_session,residual_anomaly,device_type,Mobile,0.426004,0.5147989130434782,0.08879491304347825,1.0,1,1,WARNING,"Review revenue_per_session drivers for device_type = Mobile; check recent releases, tracking changes, campaign mix, and operational issues."
2026-02-24,revenue_per_session,residual_anomaly,full_segment,APAC + Mobile + Safari + Organic + Enterprise,0.426004,0.5147989130434782,0.08879491304347825,1.0,1,1,WARNING,"Review revenue_per_session drivers for full_segment = APAC + Mobile + Safari + Organic + Enterprise; check recent releases, tracking changes, campaign mix, and operational issues."
2026-02-24,revenue_per_session,residual_anomaly,region,APAC,0.426004,0.5147989130434782,0.08879491304347825,1.0,1,1,WARNING,"Review revenue_per_session drivers for region = APAC; check recent releases, tracking changes, campaign mix, and operational issues."
2026-02-24,revenue_per_session,residual_anomaly,region_device_browser,APAC + Mobile + Safari,0.426004,0.5147989130434782,0.08879491304347825,1.0,1,1,WARNING,"Review revenue_per_session drivers for region_device_browser = APAC + Mobile + Safari; check recent releases, tracking changes, campaign mix, and operational issues."
2026-02-25,revenue_per_session,residual_anomaly,browser,Safari,0.3737745,0.46569962499999995,0.18385025,0.6978842545575384,1,2,WARNING,"Review revenue_per_session drivers for browser = Safari; check recent releases, tracking changes, campaign mix, and operational issues."
2026-02-25,revenue_per_session,residual_anomaly,browser,Firefox,0.313873,0.3934622083333333,0.07958920833333327,0.30211574544246156,2,1,WARNING,"Review revenue_per_session drivers for browser = Firefox; check recent releases, tracking changes, campaign mix, and operational issues."
2026-02-25,revenue_per_session,residual_anomaly,business_segment,Enterprise,0.373098,0.47013375,0.09703575000000003,0.3683417458185762,1,1,WARNING,"Review revenue_per_session drivers for business_segment = Enterprise; check recent releases, tracking changes, campaign mix, and operational issues."
2026-02-25,revenue_per_session,residual_anomaly,business_segment,Mid-Market,0.374451,0.46126549999999994,0.08681449999999996,0.32954250873896224,2,1,WARNING,"Review revenue_per_session drivers for business_segment = Mid-Market; check recent releases, tracking changes, campaign mix, and operational issues."
2026-02-25,revenue_per_session,residual_anomaly,business_segment,SMB,0.313873,0.3934622083333333,0.07958920833333327,0.30211574544246156,3,1,WARNING,"Review revenue_per_session drivers for business_segment = SMB; check recent releases, tracking changes, campaign mix, and operational issues."
2026-02-25,revenue_per_session,residual_anomaly,channel,Paid Search,0.34416199999999997,0.4273638541666666,0.16640370833333323,0.6316582541814239,1,2,WARNING,"Review revenue_per_session drivers for channel = Paid Search; check recent releases, tracking changes, campaign mix, and operational issues."
2026-02-25,revenue_per_session,residual_anomaly,channel,Email,0.373098,0.47013375,0.09703575000000003,0.3683417458185762,2,1,WARNING,"Review revenue_per_session drivers for channel = Email; check recent releases, tracking changes, campaign mix, and operational issues."
2026-02-25,revenue_per_session,residual_anomaly,device_type,Mobile,0.34416199999999997,0.4273638541666666,0.16640370833333323,0.6316582541814239,1,2,WARNING,"Review revenue_per_session drivers for device_type = Mobile; check recent releases, tracking changes, campaign mix, and operational issues."
2026-02-25,revenue_per_session,residual_anomaly,device_type,Desktop,0.373098,0.47013375,0.09703575000000003,0.3683417458185762,2,1,WARNING,"Review revenue_per_session drivers for device_type = Desktop; check recent releases, tracking changes, campaign mix, and operational issues."
2026-02-25,revenue_per_session,residual_anomaly,full_segment,APAC + Desktop + Safari + Email + Enterprise,0.373098,0.47013375,0.09703575000000003,0.3683417458185762,1,1,WARNING,"Review revenue_per_session drivers for full_segment = APAC + Desktop + Safari + Email + Enterprise; check recent releases, tracking changes, campaign mix, and operational issues."
2026-02-25,revenue_per_session,residual_anomaly,full_segment,North America + Mobile + Safari + Paid Search + Mid-Market,0.374451,0.46126549999999994,0.08681449999999996,0.32954250873896224,2,1,WARNING,"Review revenue_per_session drivers for full_segment = North America + Mobile + Safari + Paid Search + Mid-Market; check recent releases, tracking changes, campaign mix, and operational issues."
2026-02-25,revenue_per_session,residual_anomaly,full_segment,North America + Mobile + Firefox + Paid Search + SMB,0.313873,0.3934622083333333,0.07958920833333327,0.30211574544246156,3,1,WARNING,"Review revenue_per_session drivers for full_segment = North America + Mobile + Firefox + Paid Search + SMB; check recent releases, tracking changes, campaign mix, and operational issues."
2026-02-25,revenue_per_session,residual_anomaly,region,North America,0.34416199999999997,0.4273638541666666,0.16640370833333323,0.6316582541814239,1,2,WARNING,"Review revenue_per_session drivers for region = North America; check recent releases, tracking changes, campaign mix, and operational issues."
2026-02-25,revenue_per_session,residual_anomaly,region,APAC,0.373098,0.47013375,0.09703575000000003,0.3683417458185762,2,1,WARNING,"Review revenue_per_session drivers for region = APAC; check recent releases, tracking changes, campaign mix, and operational issues."
2026-02-25,revenue_per_session,residual_anomaly,region_device_browser,APAC + Desktop + Safari,0.373098,0.47013375,0.09703575000000003,0.3683417458185762,1,1,WARNING,"Review revenue_per_session drivers for region_device_browser = APAC + Desktop + Safari; check recent releases, tracking changes, campaign mix, and operational issues."
2026-02-25,revenue_per_session,residual_anomaly,region_device_browser,North America + Mobile + Safari,0.374451,0.46126549999999994,0.08681449999999996,0.32954250873896224,2,1,WARNING,"Review revenue_per_session drivers for region_device_browser = North America + Mobile + Safari; check recent releases, tracking changes, campaign mix, and operational issues."
2026-02-25,revenue_per_session,residual_anomaly,region_device_browser,North America + Mobile + Firefox,0.313873,0.3934622083333333,0.07958920833333327,0.30211574544246156,3,1,WARNING,"Review revenue_per_session drivers for region_device_browser = North America + Mobile + Firefox; check recent releases, tracking changes, campaign mix, and operational issues."
2026-02-26,revenue_per_session,residual_anomaly,browser,Chrome,0.33319525,0.41886934,0.3426963599999999,0.4440640049841432,1,4,WARNING,"Review revenue_per_session drivers for browser = Chrome; check recent releases, tracking changes, campaign mix, and operational issues."
2026-02-26,revenue_per_session,residual_anomaly,browser,Safari,0.260335,0.34436622,0.33612488,0.4355487183686882,2,4,WARNING,"Review revenue_per_session drivers for browser = Safari; check recent releases, tracking changes, campaign mix, and operational issues."
2026-02-26,revenue_per_session,residual_anomaly,browser,Firefox,0.397337,0.49024316,0.09290616000000002,0.12038727664716843,3,1,WARNING,"Review revenue_per_session drivers for browser = Firefox; check recent releases, tracking changes, campaign mix, and operational issues."
2026-02-26,revenue_per_session,residual_anomaly,business_segment,SMB,0.26557,0.34602307000000004,0.32181228,0.41700253224130696,1,4,WARNING,"Review revenue_per_session drivers for business_segment = SMB; check recent releases, tracking changes, campaign mix, and operational issues."
2026-02-26,revenue_per_session,residual_anomaly,business_segment,Mid-Market,0.30677366666666667,0.38989633333333334,0.24936799999999995,0.32312964396495436,2,3,WARNING,"Review revenue_per_session drivers for business_segment = Mid-Market; check recent releases, tracking changes, campaign mix, and operational issues."
2026-02-26,revenue_per_session,residual_anomaly,business_segment,Enterprise,0.39442849999999996,0.49470206,0.20054712000000002,0.2598678237937386,3,2,WARNING,"Review revenue_per_session drivers for business_segment = Enterprise; check recent releases, tracking changes, campaign mix, and operational issues."
2026-02-26,revenue_per_session,residual_anomaly,channel,Email,0.32796025,0.41721249,0.35700896,0.46261019111152457,1,4,WARNING,"Review revenue_per_session drivers for channel = Email; check recent releases, tracking changes, campaign mix, and operational issues."
2026-02-26,revenue_per_session,residual_anomaly,channel,Paid Search,0.31961400000000006,0.40445149,0.33934996,0.43972775879151105,2,4,WARNING,"Review revenue_per_session drivers for channel = Paid Search; check recent releases, tracking changes, campaign mix, and operational issues."
2026-02-26,revenue_per_session,residual_anomaly,channel,Organic,0.181161,0.25652948,0.07536847999999999,0.09766205009696427,3,1,WARNING,"Review revenue_per_session drivers for channel = Organic; check recent releases, tracking changes, campaign mix, and operational issues."
2026-02-26,revenue_per_session,residual_anomaly,device_type,Mobile,0.3006586666666667,0.38036893999999993,0.47826163999999993,0.6197287280456802,1,6,WARNING,"Review revenue_per_session drivers for device_type = Mobile; check recent releases, tracking changes, campaign mix, and operational issues."
2026-02-26,revenue_per_session,residual_anomaly,device_type,Desktop,0.322502,0.42032392,0.29346576,0.3802712719543196,2,3,WARNING,"Review revenue_per_session drivers for device_type = Desktop; check recent releases, tracking changes, campaign mix, and operational issues."
2026-02-26,revenue_per_session,residual_anomaly,full_segment,APAC + Desktop + Safari + Email + Enterprise,0.351286,0.46625232000000005,0.11496632000000007,0.14897270720205094,1,1,WARNING,"Review revenue_per_session drivers for full_segment = APAC + Desktop + Safari + Email + Enterprise; check recent releases, tracking changes, campaign mix, and operational issues."
2026-02-26,revenue_per_session,residual_anomaly,full_segment,EMEA + Desktop + Chrome + Paid Search + SMB,0.292791,0.39249108,0.09970007999999997,0.12919079975649428,2,1,WARNING,"Review revenue_per_session drivers for full_segment = EMEA + Desktop + Chrome + Paid Search + SMB; check recent releases, tracking changes, campaign mix, and operational issues."
2026-02-26,revenue_per_session,residual_anomaly,full_segment,North America + Mobile + Firefox + Paid Search + Mid-Market,0.397337,0.49024316,0.09290616000000002,0.12038727664716843,3,1,WARNING,"Review revenue_per_session drivers for full_segment = North America + Mobile + Firefox + Paid Search + Mid-Market; check recent releases, tracking changes, campaign mix, and operational issues."
2026-02-26,revenue_per_session,residual_anomaly,full_segment,North America + Mobile + Chrome + Email + Enterprise,0.437571,0.5231518,0.08558079999999996,0.11089511659168762,4,1,WARNING,"Review revenue_per_session drivers for full_segment = North America + Mobile + Chrome + Email + Enterprise; check recent releases, tracking changes, campaign mix, and operational issues."
2026-02-26,revenue_per_session,residual_anomaly,full_segment,North America + Desktop + Chrome + Email + Mid-Market,0.323429,0.40222836,0.07879935999999998,0.10210776499577438,5,1,WARNING,"Review revenue_per_session drivers for full_segment = North America + Desktop + Chrome + Email + Mid-Market; check recent releases, tracking changes, campaign mix, and operational issues."
2026-02-26,revenue_per_session,residual_anomaly,full_segment,APAC + Mobile + Chrome + Paid Search + SMB,0.27899,0.35760612,0.07861612000000001,0.10187032364018694,6,1,WARNING,"Review revenue_per_session drivers for full_segment = APAC + Mobile + Chrome + Paid Search + SMB; check recent releases, tracking changes, campaign mix, and operational issues."
2026-02-26,revenue_per_session,residual_anomaly,full_segment,EMEA + Mobile + Safari + Email + Mid-Market,0.199555,0.27721747999999996,0.07766247999999995,0.10063460232201156,7,1,WARNING,"Review revenue_per_session drivers for full_segment = EMEA + Mobile + Safari + Email + Mid-Market; check recent releases, tracking changes, campaign mix, and operational issues."
2026-02-26,revenue_per_session,residual_anomaly,full_segment,APAC + Mobile + Safari + Organic + SMB,0.181161,0.25652948,0.07536847999999999,0.09766205009696427,8,1,WARNING,"Review revenue_per_session drivers for full_segment = APAC + Mobile + Safari + Organic + SMB; check recent releases, tracking changes, campaign mix, and operational issues."
2026-02-26,revenue_per_session,residual_anomaly,full_segment,North America + Mobile + Safari + Paid Search + SMB,0.309338,0.3774656,0.06812760000000001,0.08827935874766142,9,1,WARNING,"Review revenue_per_session drivers for full_segment = North America + Mobile + Safari + Paid Search + SMB; check recent releases, tracking changes, campaign mix, and operational issues."
2026-02-26,revenue_per_session,residual_anomaly,region,North America,0.36691874999999996,0.44827223,0.32541391999999997,0.4216695169822919,1,4,WARNING,"Review revenue_per_session drivers for region = North America; check recent releases, tracking changes, campaign mix, and operational issues."
2026-02-26,revenue_per_session,residual_anomaly,region,APAC,0.270479,0.3601293066666667,0.2689509200000001,0.3485050809392022,2,3,WARNING,"Review revenue_per_session drivers for region = APAC; check recent releases, tracking changes, campaign mix, and operational issues."
2026-02-26,revenue_per_session,residual_anomaly,region,EMEA,0.24617300000000003,0.33485427999999995,0.17736255999999992,0.22982540207850582,3,2,WARNING,"Review revenue_per_session drivers for region = EMEA; check recent releases, tracking changes, campaign mix, and operational issues."
2026-02-26,revenue_per_session,residual_anomaly,region_device_browser,APAC + Desktop + Safari,0.351286,0.46625232000000005,0.11496632000000007,0.14897270720205094,1,1,WARNING,"Review revenue_per_session drivers for region_device_browser = APAC + Desktop + Safari; check recent releases, tracking changes, campaign mix, and operational issues."
2026-02-26,revenue_per_session,residual_anomaly,region_device_browser,EMEA + Desktop + Chrome,0.292791,0.39249108,0.09970007999999997,0.12919079975649428,2,1,WARNING,"Review revenue_per_session drivers for region_device_browser = EMEA + Desktop + Chrome; check recent releases, tracking changes, campaign mix, and operational issues."
2026-02-26,revenue_per_session,residual_anomaly,region_device_browser,North America + Mobile + Firefox,0.397337,0.49024316,0.09290616000000002,0.12038727664716843,3,1,WARNING,"Review revenue_per_session drivers for region_device_browser = North America + Mobile + Firefox; check recent releases, tracking changes, campaign mix, and operational issues."
2026-02-26,revenue_per_session,residual_anomaly,region_device_browser,North America + Mobile + Chrome,0.437571,0.5231518,0.08558079999999996,0.11089511659168762,4,1,WARNING,"Review revenue_per_session drivers for region_device_browser = North America + Mobile + Chrome; check recent releases, tracking changes, campaign mix, and operational issues."
2026-02-26,revenue_per_session,residual_anomaly,region_device_browser,North America + Desktop + Chrome,0.323429,0.40222836,0.07879935999999998,0.10210776499577438,5,1,WARNING,"Review revenue_per_session drivers for region_device_browser = North America + Desktop + Chrome; check recent releases, tracking changes, campaign mix, and operational issues."
2026-02-26,revenue_per_session,residual_anomaly,region_device_browser,APAC + Mobile + Chrome,0.27899,0.35760612,0.07861612000000001,0.10187032364018694,6,1,WARNING,"Review revenue_per_session drivers for region_device_browser = APAC + Mobile + Chrome; check recent releases, tracking changes, campaign mix, and operational issues."
2026-02-26,revenue_per_session,residual_anomaly,region_device_browser,EMEA + Mobile + Safari,0.199555,0.27721747999999996,0.07766247999999995,0.10063460232201156,7,1,WARNING,"Review revenue_per_session drivers for region_device_browser = EMEA + Mobile + Safari; check recent releases, tracking changes, campaign mix, and operational issues."
2026-02-26,revenue_per_session,residual_anomaly,region_device_browser,APAC + Mobile + Safari,0.181161,0.25652948,0.07536847999999999,0.09766205009696427,8,1,WARNING,"Review revenue_per_session drivers for region_device_browser = APAC + Mobile + Safari; check recent releases, tracking changes, campaign mix, and operational issues."
2026-02-26,revenue_per_session,residual_anomaly,region_device_browser,North America + Mobile + Safari,0.309338,0.3774656,0.06812760000000001,0.08827935874766142,9,1,WARNING,"Review revenue_per_session drivers for region_device_browser = North America + Mobile + Safari; check recent releases, tracking changes, campaign mix, and operational issues."
2026-02-27,revenue_per_session,residual_anomaly,browser,Chrome,0.3406673333333334,0.41868032051282045,0.2340389615384615,0.46776764919699804,1,3,WARNING,"Review revenue_per_session drivers for browser = Chrome; check recent releases, tracking changes, campaign mix, and operational issues."
2026-02-27,revenue_per_session,residual_anomaly,browser,Safari,0.35368750000000004,0.4456374615384615,0.183899923076923,0.3675560434029027,2,2,WARNING,"Review revenue_per_session drivers for browser = Safari; check recent releases, tracking changes, campaign mix, and operational issues."
2026-02-27,revenue_per_session,residual_anomaly,browser,Firefox,0.207994,0.2903867692307692,0.08239276923076921,0.16467630740009914,3,1,WARNING,"Review revenue_per_session drivers for browser = Firefox; check recent releases, tracking changes, campaign mix, and operational issues."
2026-02-27,revenue_per_session,residual_anomaly,business_segment,Enterprise,0.38073,0.4703783846153846,0.2689451538461537,0.5375337574161383,1,3,WARNING,"Review revenue_per_session drivers for business_segment = Enterprise; check recent releases, tracking changes, campaign mix, and operational issues."
2026-02-27,revenue_per_session,residual_anomaly,business_segment,SMB,0.2935935,0.36809036538461537,0.14899373076923078,0.2977899351837624,2,2,WARNING,"Review revenue_per_session drivers for business_segment = SMB; check recent releases, tracking changes, campaign mix, and operational issues."
2026-02-27,revenue_per_session,residual_anomaly,business_segment,Mid-Market,0.207994,0.2903867692307692,0.08239276923076921,0.16467630740009914,3,1,WARNING,"Review revenue_per_session drivers for business_segment = Mid-Market; check recent releases, tracking changes, campaign mix, and operational issues."
2026-02-27,revenue_per_session,residual_anomaly,channel,Email,0.337546,0.42538048076923074,0.3513379230769229,0.7022100648162375,1,4,WARNING,"Review revenue_per_session drivers for channel = Email; check recent releases, tracking changes, campaign mix, and operational issues."
2026-02-27,revenue_per_session,residual_anomaly,channel,Paid Search,0.333584,0.41016526923076924,0.07658126923076924,0.15306101191494295,2,1,WARNING,"Review revenue_per_session drivers for channel = Paid Search; check recent releases, tracking changes, campaign mix, and operational issues."
2026-02-27,revenue_per_session,residual_anomaly,channel,Organic,0.253603,0.32601546153846156,0.07241246153846154,0.14472892326881948,3,1,WARNING,"Review revenue_per_session drivers for channel = Organic; check recent releases, tracking changes, campaign mix, and operational issues."
2026-02-27,revenue_per_session,residual_anomaly,device_type,Mobile,0.32754174999999996,0.41417319230769234,0.3465257692307691,0.6925921367695873,1,4,WARNING,"Review revenue_per_session drivers for device_type = Mobile; check recent releases, tracking changes, campaign mix, and operational issues."
2026-02-27,revenue_per_session,residual_anomaly,device_type,Desktop,0.31360200000000005,0.3905049423076923,0.15380588461538458,0.30740786323041264,2,2,WARNING,"Review revenue_per_session drivers for device_type = Desktop; check recent releases, tracking changes, campaign mix, and operational issues."
2026-02-27,revenue_per_session,residual_anomaly,full_segment,APAC + Mobile + Safari + Email + Enterprise,0.333774,0.43628049999999996,0.10250649999999994,0.2048771034413096,1,1,WARNING,"Review revenue_per_session drivers for full_segment = APAC + Mobile + Safari + Email + Enterprise; check recent releases, tracking changes, campaign mix, and operational issues."
2026-02-27,revenue_per_session,residual_anomaly,full_segment,North America + Mobile + Chrome + Email + Enterprise,0.434815,0.5198602307692307,0.0850452307692307,0.16997771401323558,2,1,WARNING,"Review revenue_per_session drivers for full_segment = North America + Mobile + Chrome + Email + Enterprise; check recent releases, tracking changes, campaign mix, and operational issues."
2026-02-27,revenue_per_session,residual_anomaly,full_segment,EMEA + Mobile + Firefox + Email + Mid-Market,0.207994,0.2903867692307692,0.08239276923076921,0.16467630740009914,3,1,WARNING,"Review revenue_per_session drivers for full_segment = EMEA + Mobile + Firefox + Email + Mid-Market; check recent releases, tracking changes, campaign mix, and operational issues."
2026-02-27,revenue_per_session,residual_anomaly,full_segment,EMEA + Desktop + Safari + Email + Enterprise,0.373601,0.45499442307692306,0.08139342307692304,0.16267893996159313,4,1,WARNING,"Review revenue_per_session drivers for full_segment = EMEA + Desktop + Safari + Email + Enterprise; check recent releases, tracking changes, campaign mix, and operational issues."
2026-02-27,revenue_per_session,residual_anomaly,full_segment,North America + Mobile + Chrome + Paid Search + SMB,0.333584,0.41016526923076924,0.07658126923076924,0.15306101191494295,5,1,WARNING,"Review revenue_per_session drivers for full_segment = North America + Mobile + Chrome + Paid Search + SMB; check recent releases, tracking changes, campaign mix, and operational issues."
2026-02-27,revenue_per_session,residual_anomaly,full_segment,APAC + Desktop + Chrome + Organic + SMB,0.253603,0.32601546153846156,0.07241246153846154,0.14472892326881948,6,1,WARNING,"Review revenue_per_session drivers for full_segment = APAC + Desktop + Chrome + Organic + SMB; check recent releases, tracking changes, campaign mix, and operational issues."
2026-02-27,revenue_per_session,residual_anomaly,region,APAC,0.2936885,0.38114798076923073,0.17491896153846148,0.3496060267101291,1,2,WARNING,"Review revenue_per_session drivers for region = APAC; check recent releases, tracking changes, campaign mix, and operational issues."
2026-02-27,revenue_per_session,residual_anomaly,region,EMEA,0.29079750000000004,0.37269059615384614,0.16378619230769226,0.3273552473616923,2,2,WARNING,"Review revenue_per_session drivers for region = EMEA; check recent releases, tracking changes, campaign mix, and operational issues."
2026-02-27,revenue_per_session,residual_anomaly,region,North America,0.3841995,0.46501275,0.16162649999999995,0.3230387259281785,3,2,WARNING,"Review revenue_per_session drivers for region = North America; check recent releases, tracking changes, campaign mix, and operational issues."
2026-02-27,revenue_per_session,residual_anomaly,region_device_browser,North America + Mobile + Chrome,0.3841995,0.46501275,0.16162649999999995,0.3230387259281785,1,2,WARNING,"Review revenue_per_session drivers for region_device_browser = North America + Mobile + Chrome; check recent releases, tracking changes, campaign mix, and operational issues."
2026-02-27,revenue_per_session,residual_anomaly,region_device_browser,APAC + Mobile + Safari,0.333774,0.43628049999999996,0.10250649999999994,0.2048771034413096,2,1,WARNING,"Review revenue_per_session drivers for region_device_browser = APAC + Mobile + Safari; check recent releases, tracking changes, campaign mix, and operational issues."
2026-02-27,revenue_per_session,residual_anomaly,region_device_browser,EMEA + Mobile + Firefox,0.207994,0.2903867692307692,0.08239276923076921,0.16467630740009914,3,1,WARNING,"Review revenue_per_session drivers for region_device_browser = EMEA + Mobile + Firefox; check recent releases, tracking changes, campaign mix, and operational issues."
2026-02-27,revenue_per_session,residual_anomaly,region_device_browser,EMEA + Desktop + Safari,0.373601,0.45499442307692306,0.08139342307692304,0.16267893996159313,4,1,WARNING,"Review revenue_per_session drivers for region_device_browser = EMEA + Desktop + Safari; check recent releases, tracking changes, campaign mix, and operational issues."
2026-02-27,revenue_per_session,residual_anomaly,region_device_browser,APAC + Desktop + Chrome,0.253603,0.32601546153846156,0.07241246153846154,0.14472892326881948,5,1,WARNING,"Review revenue_per_session drivers for region_device_browser = APAC + Desktop + Chrome; check recent releases, tracking changes, campaign mix, and operational issues."
2026-02-28,revenue_per_session,residual_anomaly,browser,Chrome,0.297901,0.3892656814814815,0.45682340740740746,0.6284569257539545,1,5,WARNING,"Review revenue_per_session drivers for browser = Chrome; check recent releases, tracking changes, campaign mix, and operational issues."
2026-02-28,revenue_per_session,residual_anomaly,browser,Firefox,0.29071166666666665,0.3807361728395062,0.2700735185185186,0.3715430742460455,2,3,WARNING,"Review revenue_per_session drivers for browser = Firefox; check recent releases, tracking changes, campaign mix, and operational issues."
2026-02-28,revenue_per_session,residual_anomaly,business_segment,Mid-Market,0.3216275,0.4185965833333333,0.3878763333333334,0.5336056867199623,1,4,WARNING,"Review revenue_per_session drivers for business_segment = Mid-Market; check recent releases, tracking changes, campaign mix, and operational issues."
2026-02-28,revenue_per_session,residual_anomaly,business_segment,SMB,0.26878250000000004,0.35353764814814814,0.3390205925925926,0.46639431328003755,2,4,WARNING,"Review revenue_per_session drivers for business_segment = SMB; check recent releases, tracking changes, campaign mix, and operational issues."
2026-02-28,revenue_per_session,residual_anomaly,channel,Paid Search,0.32344799999999996,0.4145492777777778,0.3644051111111112,0.5013160712530591,1,4,WARNING,"Review revenue_per_session drivers for channel = Paid Search; check recent releases, tracking changes, campaign mix, and operational issues."
2026-02-28,revenue_per_session,residual_anomaly,channel,Organic,0.280637,0.375325061728395,0.28406418518518517,0.39079018641238905,2,3,WARNING,"Review revenue_per_session drivers for channel = Organic; check recent releases, tracking changes, campaign mix, and operational issues."
2026-02-28,revenue_per_session,residual_anomaly,channel,Email,0.225937,0.3043646296296296,0.07842762962962962,0.10789374233455176,3,1,WARNING,"Review revenue_per_session drivers for channel = Email; check recent releases, tracking changes, campaign mix, and operational issues."
2026-02-28,revenue_per_session,residual_anomaly,device_type,Mobile,0.26021340000000004,0.34370304444444444,0.4174482222222222,0.5742880556145893,1,5,WARNING,"Review revenue_per_session drivers for device_type = Mobile; check recent releases, tracking changes, campaign mix, and operational issues."
2026-02-28,revenue_per_session,residual_anomaly,device_type,Desktop,0.35352433333333333,0.4566739012345679,0.30944870370370375,0.4257119443854106,2,3,WARNING,"Review revenue_per_session drivers for device_type = Desktop; check recent releases, tracking changes, campaign mix, and operational issues."
2026-02-28,revenue_per_session,residual_anomaly,full_segment,EMEA + Desktop + Chrome + Paid Search + Mid-Market,0.420068,0.5294504074074075,0.10938240740740746,0.15047856650112454,1,1,WARNING,"Review revenue_per_session drivers for full_segment = EMEA + Desktop + Chrome + Paid Search + Mid-Market; check recent releases, tracking changes, campaign mix, and operational issues."
2026-02-28,revenue_per_session,residual_anomaly,full_segment,APAC + Desktop + Chrome + Organic + Mid-Market,0.3189,0.41978055555555555,0.10088055555555553,0.13878247652107378,2,1,WARNING,"Review revenue_per_session drivers for full_segment = APAC + Desktop + Chrome + Organic + Mid-Market; check recent releases, tracking changes, campaign mix, and operational issues."
2026-02-28,revenue_per_session,residual_anomaly,full_segment,EMEA + Desktop + Firefox + Organic + Mid-Market,0.321605,0.42079074074074074,0.09918574074074077,0.1364509013632123,3,1,WARNING,"Review revenue_per_session drivers for full_segment = EMEA + Desktop + Firefox + Organic + Mid-Market; check recent releases, tracking changes, campaign mix, and operational issues."
2026-02-28,revenue_per_session,residual_anomaly,full_segment,APAC + Mobile + Firefox + Paid Search + SMB,0.244647,0.33284144444444447,0.08819444444444446,0.12133005560878085,4,1,WARNING,"Review revenue_per_session drivers for full_segment = APAC + Mobile + Firefox + Paid Search + SMB; check recent releases, tracking changes, campaign mix, and operational issues."
2026-02-28,revenue_per_session,residual_anomaly,full_segment,North America + Mobile + Chrome + Paid Search + SMB,0.323194,0.4073289259259259,0.08413492592592592,0.1157453318691014,5,1,WARNING,"Review revenue_per_session drivers for full_segment = North America + Mobile + Chrome + Paid Search + SMB; check recent releases, tracking changes, campaign mix, and operational issues."
2026-02-28,revenue_per_session,residual_anomaly,full_segment,APAC + Mobile + Chrome + Organic + SMB,0.201406,0.2854038888888889,0.0839978888888889,0.11555680852810299,6,1,WARNING,"Review revenue_per_session drivers for full_segment = APAC + Mobile + Chrome + Organic + SMB; check recent releases, tracking changes, campaign mix, and operational issues."
2026-02-28,revenue_per_session,residual_anomaly,full_segment,North America + Mobile + Firefox + Paid Search + SMB,0.305883,0.38857633333333336,0.08269333333333334,0.11376211727405235,7,1,WARNING,"Review revenue_per_session drivers for full_segment = North America + Mobile + Firefox + Paid Search + SMB; check recent releases, tracking changes, campaign mix, and operational issues."
2026-02-28,revenue_per_session,residual_anomaly,full_segment,EMEA + Mobile + Chrome + Email + Mid-Market,0.225937,0.3043646296296296,0.07842762962962962,0.10789374233455176,8,1,WARNING,"Review revenue_per_session drivers for full_segment = EMEA + Mobile + Chrome + Email + Mid-Market; check recent releases, tracking changes, campaign mix, and operational issues."
2026-02-28,revenue_per_session,residual_anomaly,region,EMEA,0.3225366666666667,0.418201925925926,0.28699577777777785,0.3948232101988886,1,3,WARNING,"Review revenue_per_session drivers for region = EMEA; check recent releases, tracking changes, campaign mix, and operational issues."
2026-02-28,revenue_per_session,residual_anomaly,region,APAC,0.2549843333333333,0.34600862962962964,0.2730728888888889,0.37566934065795765,2,3,WARNING,"Review revenue_per_session drivers for region = APAC; check recent releases, tracking changes, campaign mix, and operational issues."
2026-02-28,revenue_per_session,residual_anomaly,region,North America,0.3145385,0.39795262962962963,0.16682825925925926,0.22950744914315374,3,2,WARNING,"Review revenue_per_session drivers for region = North America; check recent releases, tracking changes, campaign mix, and operational issues."
2026-02-28,revenue_per_session,residual_anomaly,region_device_browser,EMEA + Desktop + Chrome,0.420068,0.5294504074074075,0.10938240740740746,0.15047856650112454,1,1,WARNING,"Review revenue_per_session drivers for region_device_browser = EMEA + Desktop + Chrome; check recent releases, tracking changes, campaign mix, and operational issues."
2026-02-28,revenue_per_session,residual_anomaly,region_device_browser,APAC + Desktop + Chrome,0.3189,0.41978055555555555,0.10088055555555553,0.13878247652107378,2,1,WARNING,"Review revenue_per_session drivers for region_device_browser = APAC + Desktop + Chrome; check recent releases, tracking changes, campaign mix, and operational issues."
2026-02-28,revenue_per_session,residual_anomaly,region_device_browser,EMEA + Desktop + Firefox,0.321605,0.42079074074074074,0.09918574074074077,0.1364509013632123,3,1,WARNING,"Review revenue_per_session drivers for region_device_browser = EMEA + Desktop + Firefox; check recent releases, tracking changes, campaign mix, and operational issues."
2026-02-28,revenue_per_session,residual_anomaly,region_device_browser,APAC + Mobile + Firefox,0.244647,0.33284144444444447,0.08819444444444446,0.12133005560878085,4,1,WARNING,"Review revenue_per_session drivers for region_device_browser = APAC + Mobile + Firefox; check recent releases, tracking changes, campaign mix, and operational issues."
2026-02-28,revenue_per_session,residual_anomaly,region_device_browser,North America + Mobile + Chrome,0.323194,0.4073289259259259,0.08413492592592592,0.1157453318691014,5,1,WARNING,"Review revenue_per_session drivers for region_device_browser = North America + Mobile + Chrome; check recent releases, tracking changes, campaign mix, and operational issues."
2026-02-28,revenue_per_session,residual_anomaly,region_device_browser,APAC + Mobile + Chrome,0.201406,0.2854038888888889,0.0839978888888889,0.11555680852810299,6,1,WARNING,"Review revenue_per_session drivers for region_device_browser = APAC + Mobile + Chrome; check recent releases, tracking changes, campaign mix, and operational issues."
2026-02-28,revenue_per_session,residual_anomaly,region_device_browser,North America + Mobile + Firefox,0.305883,0.38857633333333336,0.08269333333333334,0.11376211727405235,7,1,WARNING,"Review revenue_per_session drivers for region_device_browser = North America + Mobile + Firefox; check recent releases, tracking changes, campaign mix, and operational issues."
2026-02-28,revenue_per_session,residual_anomaly,region_device_browser,EMEA + Mobile + Chrome,0.225937,0.3043646296296296,0.07842762962962962,0.10789374233455176,8,1,WARNING,"Review revenue_per_session drivers for region_device_browser = EMEA + Mobile + Chrome; check recent releases, tracking changes, campaign mix, and operational issues."
2026-03-01,revenue_per_session,residual_anomaly,browser,Safari,0.334222,0.3906216785714286,0.05639967857142858,1.0,1,1,WARNING,"Review revenue_per_session drivers for browser = Safari; check recent releases, tracking changes, campaign mix, and operational issues."
2026-03-01,revenue_per_session,residual_anomaly,business_segment,SMB,0.334222,0.3906216785714286,0.05639967857142858,1.0,1,1,WARNING,"Review revenue_per_session drivers for business_segment = SMB; check recent releases, tracking changes, campaign mix, and operational issues."
2026-03-01,revenue_per_session,residual_anomaly,channel,Paid Search,0.334222,0.3906216785714286,0.05639967857142858,1.0,1,1,WARNING,"Review revenue_per_session drivers for channel = Paid Search; check recent releases, tracking changes, campaign mix, and operational issues."
2026-03-01,revenue_per_session,residual_anomaly,device_type,Desktop,0.334222,0.3906216785714286,0.05639967857142858,1.0,1,1,WARNING,"Review revenue_per_session drivers for device_type = Desktop; check recent releases, tracking changes, campaign mix, and operational issues."
2026-03-01,revenue_per_session,residual_anomaly,full_segment,North America + Desktop + Safari + Paid Search + SMB,0.334222,0.3906216785714286,0.05639967857142858,1.0,1,1,WARNING,"Review revenue_per_session drivers for full_segment = North America + Desktop + Safari + Paid Search + SMB; check recent releases, tracking changes, campaign mix, and operational issues."
2026-03-01,revenue_per_session,residual_anomaly,region,North America,0.334222,0.3906216785714286,0.05639967857142858,1.0,1,1,WARNING,"Review revenue_per_session drivers for region = North America; check recent releases, tracking changes, campaign mix, and operational issues."
2026-03-01,revenue_per_session,residual_anomaly,region_device_browser,North America + Desktop + Safari,0.334222,0.3906216785714286,0.05639967857142858,1.0,1,1,WARNING,"Review revenue_per_session drivers for region_device_browser = North America + Desktop + Safari; check recent releases, tracking changes, campaign mix, and operational issues."
2026-03-02,revenue_per_session,residual_anomaly,browser,Safari,0.187835,0.2629451785714286,0.07511017857142857,1.0,1,1,WARNING,"Review revenue_per_session drivers for browser = Safari; check recent releases, tracking changes, campaign mix, and operational issues."
2026-03-02,revenue_per_session,residual_anomaly,business_segment,Mid-Market,0.187835,0.2629451785714286,0.07511017857142857,1.0,1,1,WARNING,"Review revenue_per_session drivers for business_segment = Mid-Market; check recent releases, tracking changes, campaign mix, and operational issues."
2026-03-02,revenue_per_session,residual_anomaly,channel,Email,0.187835,0.2629451785714286,0.07511017857142857,1.0,1,1,WARNING,"Review revenue_per_session drivers for channel = Email; check recent releases, tracking changes, campaign mix, and operational issues."
2026-03-02,revenue_per_session,residual_anomaly,device_type,Mobile,0.187835,0.2629451785714286,0.07511017857142857,1.0,1,1,WARNING,"Review revenue_per_session drivers for device_type = Mobile; check recent releases, tracking changes, campaign mix, and operational issues."
2026-03-02,revenue_per_session,residual_anomaly,full_segment,APAC + Mobile + Safari + Email + Mid-Market,0.187835,0.2629451785714286,0.07511017857142857,1.0,1,1,WARNING,"Review revenue_per_session drivers for full_segment = APAC + Mobile + Safari + Email + Mid-Market; check recent releases, tracking changes, campaign mix, and operational issues."
2026-03-02,revenue_per_session,residual_anomaly,region,APAC,0.187835,0.2629451785714286,0.07511017857142857,1.0,1,1,WARNING,"Review revenue_per_session drivers for region = APAC; check recent releases, tracking changes, campaign mix, and operational issues."
2026-03-02,revenue_per_session,residual_anomaly,region_device_browser,APAC + Mobile + Safari,0.187835,0.2629451785714286,0.07511017857142857,1.0,1,1,WARNING,"Review revenue_per_session drivers for region_device_browser = APAC + Mobile + Safari; check recent releases, tracking changes, campaign mix, and operational issues."
2026-03-03,revenue_per_session,residual_anomaly,browser,Safari,0.341002,0.3895771071428572,0.04857510714285718,1.0,1,1,WARNING,"Review revenue_per_session drivers for browser = Safari; check recent releases, tracking changes, campaign mix, and operational issues."
2026-03-03,revenue_per_session,residual_anomaly,business_segment,SMB,0.341002,0.3895771071428572,0.04857510714285718,1.0,1,1,WARNING,"Review revenue_per_session drivers for business_segment = SMB; check recent releases, tracking changes, campaign mix, and operational issues."
2026-03-03,revenue_per_session,residual_anomaly,channel,Paid Search,0.341002,0.3895771071428572,0.04857510714285718,1.0,1,1,WARNING,"Review revenue_per_session drivers for channel = Paid Search; check recent releases, tracking changes, campaign mix, and operational issues."
2026-03-03,revenue_per_session,residual_anomaly,device_type,Desktop,0.341002,0.3895771071428572,0.04857510714285718,1.0,1,1,WARNING,"Review revenue_per_session drivers for device_type = Desktop; check recent releases, tracking changes, campaign mix, and operational issues."
2026-03-03,revenue_per_session,residual_anomaly,full_segment,North America + Desktop + Safari + Paid Search + SMB,0.341002,0.3895771071428572,0.04857510714285718,1.0,1,1,WARNING,"Review revenue_per_session drivers for full_segment = North America + Desktop + Safari + Paid Search + SMB; check recent releases, tracking changes, campaign mix, and operational issues."
2026-03-03,revenue_per_session,residual_anomaly,region,North America,0.341002,0.3895771071428572,0.04857510714285718,1.0,1,1,WARNING,"Review revenue_per_session drivers for region = North America; check recent releases, tracking changes, campaign mix, and operational issues."
2026-03-03,revenue_per_session,residual_anomaly,region_device_browser,North America + Desktop + Safari,0.341002,0.3895771071428572,0.04857510714285718,1.0,1,1,WARNING,"Review revenue_per_session drivers for region_device_browser = North America + Desktop + Safari; check recent releases, tracking changes, campaign mix, and operational issues."
2026-03-04,revenue_per_session,residual_anomaly,browser,Firefox,0.298621,0.3893258214285714,0.09070482142857139,0.33786105517567344,1,1,WARNING,"Review revenue_per_session drivers for browser = Firefox; check recent releases, tracking changes, campaign mix, and operational issues."
2026-03-04,revenue_per_session,residual_anomaly,browser,Chrome,0.414746,0.5051232857142857,0.09037728571428566,0.3366410366552309,2,1,WARNING,"Review revenue_per_session drivers for browser = Chrome; check recent releases, tracking changes, campaign mix, and operational issues."
2026-03-04,revenue_per_session,residual_anomaly,browser,Safari,0.443759,0.5311447142857143,0.08738571428571429,0.3254979081690957,3,1,WARNING,"Review revenue_per_session drivers for browser = Safari; check recent releases, tracking changes, campaign mix, and operational issues."
2026-03-04,revenue_per_session,residual_anomaly,business_segment,Enterprise,0.42925250000000004,0.518134,0.17776299999999995,0.6621389448243266,1,2,WARNING,"Review revenue_per_session drivers for business_segment = Enterprise; check recent releases, tracking changes, campaign mix, and operational issues."
2026-03-04,revenue_per_session,residual_anomaly,business_segment,SMB,0.298621,0.3893258214285714,0.09070482142857139,0.33786105517567344,2,1,WARNING,"Review revenue_per_session drivers for business_segment = SMB; check recent releases, tracking changes, campaign mix, and operational issues."
2026-03-04,revenue_per_session,residual_anomaly,channel,Paid Search,0.298621,0.3893258214285714,0.09070482142857139,0.33786105517567344,1,1,WARNING,"Review revenue_per_session drivers for channel = Paid Search; check recent releases, tracking changes, campaign mix, and operational issues."
2026-03-04,revenue_per_session,residual_anomaly,channel,Email,0.414746,0.5051232857142857,0.09037728571428566,0.3366410366552309,2,1,WARNING,"Review revenue_per_session drivers for channel = Email; check recent releases, tracking changes, campaign mix, and operational issues."
2026-03-04,revenue_per_session,residual_anomaly,channel,Organic,0.443759,0.5311447142857143,0.08738571428571429,0.3254979081690957,3,1,WARNING,"Review revenue_per_session drivers for channel = Organic; check recent releases, tracking changes, campaign mix, and operational issues."
2026-03-04,revenue_per_session,residual_anomaly,device_type,Desktop,0.35668350000000004,0.44722455357142854,0.18108210714285705,0.6745020918309044,1,2,WARNING,"Review revenue_per_session drivers for device_type = Desktop; check recent releases, tracking changes, campaign mix, and operational issues."
2026-03-04,revenue_per_session,residual_anomaly,device_type,Mobile,0.443759,0.5311447142857143,0.08738571428571429,0.3254979081690957,2,1,WARNING,"Review revenue_per_session drivers for device_type = Mobile; check recent releases, tracking changes, campaign mix, and operational issues."
2026-03-04,revenue_per_session,residual_anomaly,full_segment,EMEA + Desktop + Firefox + Paid Search + SMB,0.298621,0.3893258214285714,0.09070482142857139,0.33786105517567344,1,1,WARNING,"Review revenue_per_session drivers for full_segment = EMEA + Desktop + Firefox + Paid Search + SMB; check recent releases, tracking changes, campaign mix, and operational issues."
2026-03-04,revenue_per_session,residual_anomaly,full_segment,APAC + Desktop + Chrome + Email + Enterprise,0.414746,0.5051232857142857,0.09037728571428566,0.3366410366552309,2,1,WARNING,"Review revenue_per_session drivers for full_segment = APAC + Desktop + Chrome + Email + Enterprise; check recent releases, tracking changes, campaign mix, and operational issues."
2026-03-04,revenue_per_session,residual_anomaly,full_segment,EMEA + Mobile + Safari + Organic + Enterprise,0.443759,0.5311447142857143,0.08738571428571429,0.3254979081690957,3,1,WARNING,"Review revenue_per_session drivers for full_segment = EMEA + Mobile + Safari + Organic + Enterprise; check recent releases, tracking changes, campaign mix, and operational issues."
2026-03-04,revenue_per_session,residual_anomaly,region,EMEA,0.37119,0.46023526785714286,0.17809053571428568,0.6633589633447692,1,2,WARNING,"Review revenue_per_session drivers for region = EMEA; check recent releases, tracking changes, campaign mix, and operational issues."
2026-03-04,revenue_per_session,residual_anomaly,region,APAC,0.414746,0.5051232857142857,0.09037728571428566,0.3366410366552309,2,1,WARNING,"Review revenue_per_session drivers for region = APAC; check recent releases, tracking changes, campaign mix, and operational issues."
2026-03-04,revenue_per_session,residual_anomaly,region_device_browser,EMEA + Desktop + Firefox,0.298621,0.3893258214285714,0.09070482142857139,0.33786105517567344,1,1,WARNING,"Review revenue_per_session drivers for region_device_browser = EMEA + Desktop + Firefox; check recent releases, tracking changes, campaign mix, and operational issues."
2026-03-04,revenue_per_session,residual_anomaly,region_device_browser,APAC + Desktop + Chrome,0.414746,0.5051232857142857,0.09037728571428566,0.3366410366552309,2,1,WARNING,"Review revenue_per_session drivers for region_device_browser = APAC + Desktop + Chrome; check recent releases, tracking changes, campaign mix, and operational issues."
2026-03-04,revenue_per_session,residual_anomaly,region_device_browser,EMEA + Mobile + Safari,0.443759,0.5311447142857143,0.08738571428571429,0.3254979081690957,3,1,WARNING,"Review revenue_per_session drivers for region_device_browser = EMEA + Mobile + Safari; check recent releases, tracking changes, campaign mix, and operational issues."
2026-03-05,revenue_per_session,residual_anomaly,browser,Firefox,0.30263850000000003,0.38796775000000006,0.341317,0.5046278837214976,1,4,WARNING,"Review revenue_per_session drivers for browser = Firefox; check recent releases, tracking changes, campaign mix, and operational issues."
2026-03-05,revenue_per_session,residual_anomaly,browser,Chrome,0.2500533333333333,0.3327995238095238,0.24823857142857145,0.36701396343589043,2,3,WARNING,"Review revenue_per_session drivers for browser = Chrome; check recent releases, tracking changes, campaign mix, and operational issues."
2026-03-05,revenue_per_session,residual_anomaly,browser,Safari,0.190126,0.27694407142857147,0.08681807142857148,0.12835815284261212,3,1,WARNING,"Review revenue_per_session drivers for browser = Safari; check recent releases, tracking changes, campaign mix, and operational issues."
2026-03-05,revenue_per_session,residual_anomaly,business_segment,SMB,0.25396016666666665,0.3320948392857143,0.4688080357142858,0.6931199059353396,1,6,WARNING,"Review revenue_per_session drivers for business_segment = SMB; check recent releases, tracking changes, campaign mix, and operational issues."
2026-03-05,revenue_per_session,residual_anomaly,business_segment,Enterprise,0.324711,0.4458762857142857,0.1211652857142857,0.17913957321349536,2,1,WARNING,"Review revenue_per_session drivers for business_segment = Enterprise; check recent releases, tracking changes, campaign mix, and operational issues."
2026-03-05,revenue_per_session,residual_anomaly,business_segment,Mid-Market,0.302368,0.38876832142857143,0.0864003214285714,0.12774052085116516,3,1,WARNING,"Review revenue_per_session drivers for business_segment = Mid-Market; check recent releases, tracking changes, campaign mix, and operational issues."
2026-03-05,revenue_per_session,residual_anomaly,channel,Email,0.2685843333333333,0.36116046428571424,0.2777283928571428,0.41061386082988144,1,3,WARNING,"Review revenue_per_session drivers for channel = Email; check recent releases, tracking changes, campaign mix, and operational issues."
2026-03-05,revenue_per_session,residual_anomaly,channel,Paid Search,0.2975693333333333,0.3733267976190476,0.2272723928571429,0.33601603973965793,2,3,WARNING,"Review revenue_per_session drivers for channel = Paid Search; check recent releases, tracking changes, campaign mix, and operational issues."
2026-03-05,revenue_per_session,residual_anomaly,channel,Organic,0.2261895,0.3118759285714286,0.1713728571428572,0.2533700994304607,3,2,WARNING,"Review revenue_per_session drivers for channel = Organic; check recent releases, tracking changes, campaign mix, and operational issues."
2026-03-05,revenue_per_session,residual_anomaly,device_type,Mobile,0.26046600000000003,0.3502194910714286,0.35901396428571436,0.5307923631813397,1,4,WARNING,"Review revenue_per_session drivers for device_type = Mobile; check recent releases, tracking changes, campaign mix, and operational issues."
2026-03-05,revenue_per_session,residual_anomaly,device_type,Desktop,0.277244,0.3565839196428572,0.31735967857142855,0.46920763681866035,2,4,WARNING,"Review revenue_per_session drivers for device_type = Desktop; check recent releases, tracking changes, campaign mix, and operational issues."
2026-03-05,revenue_per_session,residual_anomaly,full_segment,APAC + Mobile + Firefox + Email + Enterprise,0.324711,0.4458762857142857,0.1211652857142857,0.17913957321349536,1,1,WARNING,"Review revenue_per_session drivers for full_segment = APAC + Mobile + Firefox + Email + Enterprise; check recent releases, tracking changes, campaign mix, and operational issues."
2026-03-05,revenue_per_session,residual_anomaly,full_segment,APAC + Desktop + Chrome + Paid Search + SMB,0.309233,0.402754,0.09352100000000002,0.1382682500828209,2,1,WARNING,"Review revenue_per_session drivers for full_segment = APAC + Desktop + Chrome + Paid Search + SMB; check recent releases, tracking changes, campaign mix, and operational issues."
2026-03-05,revenue_per_session,residual_anomaly,full_segment,EMEA + Mobile + Safari + Organic + SMB,0.190126,0.27694407142857147,0.08681807142857148,0.12835815284261212,3,1,WARNING,"Review revenue_per_session drivers for full_segment = EMEA + Mobile + Safari + Organic + SMB; check recent releases, tracking changes, campaign mix, and operational issues."
2026-03-05,revenue_per_session,residual_anomaly,full_segment,North America + Desktop + Firefox + Email + Mid-Market,0.302368,0.38876832142857143,0.0864003214285714,0.12774052085116516,4,1,WARNING,"Review revenue_per_session drivers for full_segment = North America + Desktop + Firefox + Email + Mid-Market; check recent releases, tracking changes, campaign mix, and operational issues."
2026-03-05,revenue_per_session,residual_anomaly,full_segment,North America + Mobile + Chrome + Organic + SMB,0.262253,0.3468077857142857,0.08455478571428571,0.12501194658784856,5,1,WARNING,"Review revenue_per_session drivers for full_segment = North America + Mobile + Chrome + Organic + SMB; check recent releases, tracking changes, campaign mix, and operational issues."
2026-03-05,revenue_per_session,residual_anomaly,full_segment,APAC + Desktop + Chrome + Email + SMB,0.178674,0.24883678571428572,0.07016278571428572,0.10373376676522096,6,1,WARNING,"Review revenue_per_session drivers for full_segment = APAC + Desktop + Chrome + Email + SMB; check recent releases, tracking changes, campaign mix, and operational issues."
2026-03-05,revenue_per_session,residual_anomaly,full_segment,EMEA + Desktop + Firefox + Paid Search + SMB,0.318701,0.38597657142857145,0.06727557142857143,0.09946509911945332,7,1,WARNING,"Review revenue_per_session drivers for full_segment = EMEA + Desktop + Firefox + Paid Search + SMB; check recent releases, tracking changes, campaign mix, and operational issues."
2026-03-05,revenue_per_session,residual_anomaly,full_segment,APAC + Mobile + Firefox + Paid Search + SMB,0.264774,0.33124982142857146,0.06647582142857145,0.09828269053738369,8,1,WARNING,"Review revenue_per_session drivers for full_segment = APAC + Mobile + Firefox + Paid Search + SMB; check recent releases, tracking changes, campaign mix, and operational issues."
2026-03-05,revenue_per_session,residual_anomaly,region,APAC,0.26934800000000003,0.35717922321428575,0.35132489285714286,0.5194242805989209,1,4,WARNING,"Review revenue_per_session drivers for region = APAC; check recent releases, tracking changes, campaign mix, and operational issues."
2026-03-05,revenue_per_session,residual_anomaly,region,North America,0.2823105,0.3677880535714286,0.1709551071428571,0.25275246743901375,2,2,WARNING,"Review revenue_per_session drivers for region = North America; check recent releases, tracking changes, campaign mix, and operational issues."
2026-03-05,revenue_per_session,residual_anomaly,region,EMEA,0.2544135,0.33146032142857146,0.15409364285714292,0.22782325196206543,3,2,WARNING,"Review revenue_per_session drivers for region = EMEA; check recent releases, tracking changes, campaign mix, and operational issues."
2026-03-05,revenue_per_session,residual_anomaly,region_device_browser,APAC + Mobile + Firefox,0.2947425,0.3885630535714286,0.18764110714285714,0.27742226375087903,1,2,WARNING,"Review revenue_per_session drivers for region_device_browser = APAC + Mobile + Firefox; check recent releases, tracking changes, campaign mix, and operational issues."
2026-03-05,revenue_per_session,residual_anomaly,region_device_browser,APAC + Desktop + Chrome,0.2439535,0.3257953928571429,0.16368378571428574,0.24200201684804187,2,2,WARNING,"Review revenue_per_session drivers for region_device_browser = APAC + Desktop + Chrome; check recent releases, tracking changes, campaign mix, and operational issues."
2026-03-05,revenue_per_session,residual_anomaly,region_device_browser,EMEA + Mobile + Safari,0.190126,0.27694407142857147,0.08681807142857148,0.12835815284261212,3,1,WARNING,"Review revenue_per_session drivers for region_device_browser = EMEA + Mobile + Safari; check recent releases, tracking changes, campaign mix, and operational issues."
2026-03-05,revenue_per_session,residual_anomaly,region_device_browser,North America + Desktop + Firefox,0.302368,0.38876832142857143,0.0864003214285714,0.12774052085116516,4,1,WARNING,"Review revenue_per_session drivers for region_device_browser = North America + Desktop + Firefox; check recent releases, tracking changes, campaign mix, and operational issues."
2026-03-05,revenue_per_session,residual_anomaly,region_device_browser,North America + Mobile + Chrome,0.262253,0.3468077857142857,0.08455478571428571,0.12501194658784856,5,1,WARNING,"Review revenue_per_session drivers for region_device_browser = North America + Mobile + Chrome; check recent releases, tracking changes, campaign mix, and operational issues."
2026-03-05,revenue_per_session,residual_anomaly,region_device_browser,EMEA + Desktop + Firefox,0.318701,0.38597657142857145,0.06727557142857143,0.09946509911945332,6,1,WARNING,"Review revenue_per_session drivers for region_device_browser = EMEA + Desktop + Firefox; check recent releases, tracking changes, campaign mix, and operational issues."
2026-03-06,conversion_rate,residual_anomaly,browser,Firefox,0.057143,0.07510407142857144,0.017961071428571437,1.0,1,1,WARNING,"Review conversion_rate drivers for browser = Firefox; check recent releases, tracking changes, campaign mix, and operational issues."
2026-03-06,conversion_rate,residual_anomaly,business_segment,SMB,0.057143,0.07510407142857144,0.017961071428571437,1.0,1,1,WARNING,"Review conversion_rate drivers for business_segment = SMB; check recent releases, tracking changes, campaign mix, and operational issues."
2026-03-06,conversion_rate,residual_anomaly,channel,Email,0.057143,0.07510407142857144,0.017961071428571437,1.0,1,1,WARNING,"Review conversion_rate drivers for channel = Email; check recent releases, tracking changes, campaign mix, and operational issues."
2026-03-06,conversion_rate,residual_anomaly,device_type,Mobile,0.057143,0.07510407142857144,0.017961071428571437,1.0,1,1,WARNING,"Review conversion_rate drivers for device_type = Mobile; check recent releases, tracking changes, campaign mix, and operational issues."
2026-03-06,conversion_rate,residual_anomaly,full_segment,APAC + Mobile + Firefox + Email + SMB,0.057143,0.07510407142857144,0.017961071428571437,1.0,1,1,WARNING,"Review conversion_rate drivers for full_segment = APAC + Mobile + Firefox + Email + SMB; check recent releases, tracking changes, campaign mix, and operational issues."
2026-03-06,conversion_rate,residual_anomaly,region,APAC,0.057143,0.07510407142857144,0.017961071428571437,1.0,1,1,WARNING,"Review conversion_rate drivers for region = APAC; check recent releases, tracking changes, campaign mix, and operational issues."
2026-03-06,conversion_rate,residual_anomaly,region_device_browser,APAC + Mobile + Firefox,0.057143,0.07510407142857144,0.017961071428571437,1.0,1,1,WARNING,"Review conversion_rate drivers for region_device_browser = APAC + Mobile + Firefox; check recent releases, tracking changes, campaign mix, and operational issues."
2026-03-06,revenue_per_session,residual_anomaly,browser,Safari,0.23862375,0.31374609821428573,0.3004893928571428,0.6515686717140369,1,4,WARNING,"Review revenue_per_session drivers for browser = Safari; check recent releases, tracking changes, campaign mix, and operational issues."
2026-03-06,revenue_per_session,residual_anomaly,browser,Chrome,0.421569,0.5033288571428571,0.0817598571428571,0.1772846655636434,2,1,WARNING,"Review revenue_per_session drivers for browser = Chrome; check recent releases, tracking changes, campaign mix, and operational issues."
2026-03-06,revenue_per_session,residual_anomaly,browser,Firefox,0.194385,0.27331414285714284,0.07892914285714284,0.17114666272231963,3,1,WARNING,"Review revenue_per_session drivers for browser = Firefox; check recent releases, tracking changes, campaign mix, and operational issues."
2026-03-06,revenue_per_session,residual_anomaly,business_segment,SMB,0.21670675,0.2896582232142857,0.2918058928571428,0.6327397323393992,1,4,WARNING,"Review revenue_per_session drivers for business_segment = SMB; check recent releases, tracking changes, campaign mix, and operational issues."
2026-03-06,revenue_per_session,residual_anomaly,business_segment,Mid-Market,0.282053,0.3696656428571429,0.08761264285714288,0.18997560209695744,2,1,WARNING,"Review revenue_per_session drivers for business_segment = Mid-Market; check recent releases, tracking changes, campaign mix, and operational issues."
2026-03-06,revenue_per_session,residual_anomaly,business_segment,Enterprise,0.421569,0.5033288571428571,0.0817598571428571,0.1772846655636434,3,1,WARNING,"Review revenue_per_session drivers for business_segment = Enterprise; check recent releases, tracking changes, campaign mix, and operational issues."
2026-03-06,revenue_per_session,residual_anomaly,channel,Organic,0.2227145,0.3005736160714286,0.31143646428571425,0.6753058450034248,1,4,WARNING,"Review revenue_per_session drivers for channel = Organic; check recent releases, tracking changes, campaign mix, and operational issues."
2026-03-06,revenue_per_session,residual_anomaly,channel,Email,0.421569,0.5033288571428571,0.0817598571428571,0.1772846655636434,2,1,WARNING,"Review revenue_per_session drivers for channel = Email; check recent releases, tracking changes, campaign mix, and operational issues."
2026-03-06,revenue_per_session,residual_anomaly,channel,Paid Search,0.258022,0.3260040714285714,0.06798207142857143,0.14740948943293175,3,1,WARNING,"Review revenue_per_session drivers for channel = Paid Search; check recent releases, tracking changes, campaign mix, and operational issues."
2026-03-06,revenue_per_session,residual_anomaly,device_type,Mobile,0.22977599999999998,0.3056597071428571,0.37941853571428574,0.8227153344363567,1,5,WARNING,"Review revenue_per_session drivers for device_type = Mobile; check recent releases, tracking changes, campaign mix, and operational issues."
2026-03-06,revenue_per_session,residual_anomaly,device_type,Desktop,0.421569,0.5033288571428571,0.0817598571428571,0.1772846655636434,2,1,WARNING,"Review revenue_per_session drivers for device_type = Desktop; check recent releases, tracking changes, campaign mix, and operational issues."
2026-03-06,revenue_per_session,residual_anomaly,full_segment,EMEA + Mobile + Safari + Organic + Mid-Market,0.282053,0.3696656428571429,0.08761264285714288,0.18997560209695744,1,1,WARNING,"Review revenue_per_session drivers for full_segment = EMEA + Mobile + Safari + Organic + Mid-Market; check recent releases, tracking changes, campaign mix, and operational issues."
2026-03-06,revenue_per_session,residual_anomaly,full_segment,APAC + Desktop + Chrome + Email + Enterprise,0.421569,0.5033288571428571,0.0817598571428571,0.1772846655636434,2,1,WARNING,"Review revenue_per_session drivers for full_segment = APAC + Desktop + Chrome + Email + Enterprise; check recent releases, tracking changes, campaign mix, and operational issues."
2026-03-06,revenue_per_session,residual_anomaly,full_segment,APAC + Mobile + Firefox + Organic + SMB,0.194385,0.27331414285714284,0.07892914285714284,0.17114666272231963,3,1,WARNING,"Review revenue_per_session drivers for full_segment = APAC + Mobile + Firefox + Organic + SMB; check recent releases, tracking changes, campaign mix, and operational issues."
2026-03-06,revenue_per_session,residual_anomaly,full_segment,North America + Mobile + Safari + Organic + SMB,0.232612,0.3105751785714285,0.07796317857142851,0.16905210603736767,4,1,WARNING,"Review revenue_per_session drivers for full_segment = North America + Mobile + Safari + Organic + SMB; check recent releases, tracking changes, campaign mix, and operational issues."
2026-03-06,revenue_per_session,residual_anomaly,full_segment,APAC + Mobile + Safari + Paid Search + SMB,0.258022,0.3260040714285714,0.06798207142857143,0.14740948943293175,5,1,WARNING,"Review revenue_per_session drivers for full_segment = APAC + Mobile + Safari + Paid Search + SMB; check recent releases, tracking changes, campaign mix, and operational issues."
2026-03-06,revenue_per_session,residual_anomaly,full_segment,APAC + Mobile + Safari + Organic + SMB,0.181808,0.24873950000000003,0.06693150000000003,0.14513147414678013,6,1,WARNING,"Review revenue_per_session drivers for full_segment = APAC + Mobile + Safari + Organic + SMB; check recent releases, tracking changes, campaign mix, and operational issues."
2026-03-06,revenue_per_session,residual_anomaly,region,APAC,0.263946,0.3378466428571429,0.2956025714285714,0.6409722918656748,1,4,WARNING,"Review revenue_per_session drivers for region = APAC; check recent releases, tracking changes, campaign mix, and operational issues."
2026-03-06,revenue_per_session,residual_anomaly,region,EMEA,0.282053,0.3696656428571429,0.08761264285714288,0.18997560209695744,2,1,WARNING,"Review revenue_per_session drivers for region = EMEA; check recent releases, tracking changes, campaign mix, and operational issues."
2026-03-06,revenue_per_session,residual_anomaly,region,North America,0.232612,0.3105751785714285,0.07796317857142851,0.16905210603736767,3,1,WARNING,"Review revenue_per_session drivers for region = North America; check recent releases, tracking changes, campaign mix, and operational issues."
2026-03-06,revenue_per_session,residual_anomaly,region_device_browser,APAC + Mobile + Safari,0.21991499999999997,0.28737178571428573,0.13491357142857147,0.2925409635797119,1,2,WARNING,"Review revenue_per_session drivers for region_device_browser = APAC + Mobile + Safari; check recent releases, tracking changes, campaign mix, and operational issues."
2026-03-06,revenue_per_session,residual_anomaly,region_device_browser,EMEA + Mobile + Safari,0.282053,0.3696656428571429,0.08761264285714288,0.18997560209695744,2,1,WARNING,"Review revenue_per_session drivers for region_device_browser = EMEA + Mobile + Safari; check recent releases, tracking changes, campaign mix, and operational issues."
2026-03-06,revenue_per_session,residual_anomaly,region_device_browser,APAC + Desktop + Chrome,0.421569,0.5033288571428571,0.0817598571428571,0.1772846655636434,3,1,WARNING,"Review revenue_per_session drivers for region_device_browser = APAC + Desktop + Chrome; check recent releases, tracking changes, campaign mix, and operational issues."
2026-03-06,revenue_per_session,residual_anomaly,region_device_browser,APAC + Mobile + Firefox,0.194385,0.27331414285714284,0.07892914285714284,0.17114666272231963,4,1,WARNING,"Review revenue_per_session drivers for region_device_browser = APAC + Mobile + Firefox; check recent releases, tracking changes, campaign mix, and operational issues."
2026-03-06,revenue_per_session,residual_anomaly,region_device_browser,North America + Mobile + Safari,0.232612,0.3105751785714285,0.07796317857142851,0.16905210603736767,5,1,WARNING,"Review revenue_per_session drivers for region_device_browser = North America + Mobile + Safari; check recent releases, tracking changes, campaign mix, and operational issues."
2026-03-07,revenue_per_session,residual_anomaly,browser,Firefox,0.3561013333333333,0.45375189285714285,0.29295167857142856,0.4153324367073065,1,3,WARNING,"Review revenue_per_session drivers for browser = Firefox; check recent releases, tracking changes, campaign mix, and operational issues."
2026-03-07,revenue_per_session,residual_anomaly,browser,Safari,0.41991500000000004,0.5336388928571428,0.2274477857142857,0.32246424913848865,2,2,WARNING,"Review revenue_per_session drivers for browser = Safari; check recent releases, tracking changes, campaign mix, and operational issues."
2026-03-07,revenue_per_session,residual_anomaly,browser,Chrome,0.333289,0.42576058928571425,0.1849431785714285,0.26220331415420484,3,2,WARNING,"Review revenue_per_session drivers for browser = Chrome; check recent releases, tracking changes, campaign mix, and operational issues."
2026-03-07,revenue_per_session,residual_anomaly,business_segment,Mid-Market,0.3356995,0.42819770535714285,0.3699928214285713,0.5245575681201344,1,4,WARNING,"Review revenue_per_session drivers for business_segment = Mid-Market; check recent releases, tracking changes, campaign mix, and operational issues."
2026-03-07,revenue_per_session,residual_anomaly,business_segment,Enterprise,0.41063800000000006,0.5224212738095239,0.33534982142857145,0.47544243187986557,2,3,WARNING,"Review revenue_per_session drivers for business_segment = Enterprise; check recent releases, tracking changes, campaign mix, and operational issues."
2026-03-07,revenue_per_session,residual_anomaly,channel,Organic,0.36404475000000003,0.46881539285714285,0.41908257142857136,0.5941545937602565,1,4,WARNING,"Review revenue_per_session drivers for channel = Organic; check recent releases, tracking changes, campaign mix, and operational issues."
2026-03-07,revenue_per_session,residual_anomaly,channel,Email,0.3835305,0.4800719464285714,0.19308289285714286,0.27374339948456666,2,2,WARNING,"Review revenue_per_session drivers for channel = Email; check recent releases, tracking changes, campaign mix, and operational issues."
2026-03-07,revenue_per_session,residual_anomaly,channel,Paid Search,0.351472,0.44464917857142855,0.09317717857142854,0.1321020067551768,3,1,WARNING,"Review revenue_per_session drivers for channel = Paid Search; check recent releases, tracking changes, campaign mix, and operational issues."
2026-03-07,revenue_per_session,residual_anomaly,device_type,Mobile,0.35115125,0.44710266964285716,0.38380567857142855,0.5441407555011005,1,4,WARNING,"Review revenue_per_session drivers for device_type = Mobile; check recent releases, tracking changes, campaign mix, and operational issues."
2026-03-07,revenue_per_session,residual_anomaly,device_type,Desktop,0.39003566666666667,0.49721465476190474,0.3215369642857142,0.45585924449889953,2,3,WARNING,"Review revenue_per_session drivers for device_type = Desktop; check recent releases, tracking changes, campaign mix, and operational issues."
2026-03-07,revenue_per_session,residual_anomaly,full_segment,EMEA + Desktop + Safari + Organic + Enterprise,0.464853,0.6071199285714286,0.14226692857142859,0.2016990323952989,1,1,WARNING,"Review revenue_per_session drivers for full_segment = EMEA + Desktop + Safari + Organic + Enterprise; check recent releases, tracking changes, campaign mix, and operational issues."
2026-03-07,revenue_per_session,residual_anomaly,full_segment,North America + Mobile + Firefox + Email + Enterprise,0.392084,0.49998603571428574,0.10790203571428575,0.15297818274137692,2,1,WARNING,"Review revenue_per_session drivers for full_segment = North America + Mobile + Firefox + Email + Enterprise; check recent releases, tracking changes, campaign mix, and operational issues."
2026-03-07,revenue_per_session,residual_anomaly,full_segment,APAC + Desktop + Chrome + Organic + Mid-Market,0.330277,0.4243661785714285,0.09408917857142851,0.13339499536041088,3,1,WARNING,"Review revenue_per_session drivers for full_segment = APAC + Desktop + Chrome + Organic + Mid-Market; check recent releases, tracking changes, campaign mix, and operational issues."
2026-03-07,revenue_per_session,residual_anomaly,full_segment,APAC + Mobile + Firefox + Paid Search + Mid-Market,0.351472,0.44464917857142855,0.09317717857142854,0.1321020067551768,4,1,WARNING,"Review revenue_per_session drivers for full_segment = APAC + Mobile + Firefox + Paid Search + Mid-Market; check recent releases, tracking changes, campaign mix, and operational issues."
2026-03-07,revenue_per_session,residual_anomaly,full_segment,North America + Mobile + Firefox + Organic + Mid-Market,0.324748,0.41662046428571425,0.09187246428571427,0.1302522472107528,5,1,WARNING,"Review revenue_per_session drivers for full_segment = North America + Mobile + Firefox + Organic + Mid-Market; check recent releases, tracking changes, campaign mix, and operational issues."
2026-03-07,revenue_per_session,residual_anomaly,full_segment,North America + Mobile + Chrome + Organic + Mid-Market,0.336301,0.427155,0.09085399999999999,0.12880831879379395,6,1,WARNING,"Review revenue_per_session drivers for full_segment = North America + Mobile + Chrome + Organic + Mid-Market; check recent releases, tracking changes, campaign mix, and operational issues."
2026-03-07,revenue_per_session,residual_anomaly,full_segment,EMEA + Desktop + Safari + Email + Enterprise,0.374977,0.4601578571428571,0.08518085714285711,0.12076521674318973,7,1,WARNING,"Review revenue_per_session drivers for full_segment = EMEA + Desktop + Safari + Email + Enterprise; check recent releases, tracking changes, campaign mix, and operational issues."
2026-03-07,revenue_per_session,residual_anomaly,region,North America,0.35104433333333335,0.4479205,0.2906285,0.41203874874592367,1,3,WARNING,"Review revenue_per_session drivers for region = North America; check recent releases, tracking changes, campaign mix, and operational issues."
2026-03-07,revenue_per_session,residual_anomaly,region,EMEA,0.41991500000000004,0.5336388928571428,0.2274477857142857,0.32246424913848865,2,2,WARNING,"Review revenue_per_session drivers for region = EMEA; check recent releases, tracking changes, campaign mix, and operational issues."
2026-03-07,revenue_per_session,residual_anomaly,region,APAC,0.34087449999999997,0.4345076785714285,0.18726635714285705,0.2654970021155877,3,2,WARNING,"Review revenue_per_session drivers for region = APAC; check recent releases, tracking changes, campaign mix, and operational issues."
2026-03-07,revenue_per_session,residual_anomaly,region_device_browser,EMEA + Desktop + Safari,0.41991500000000004,0.5336388928571428,0.2274477857142857,0.32246424913848865,1,2,WARNING,"Review revenue_per_session drivers for region_device_browser = EMEA + Desktop + Safari; check recent releases, tracking changes, campaign mix, and operational issues."
2026-03-07,revenue_per_session,residual_anomaly,region_device_browser,North America + Mobile + Firefox,0.35841599999999996,0.45830325,0.19977450000000002,0.2832304299521297,2,2,WARNING,"Review revenue_per_session drivers for region_device_browser = North America + Mobile + Firefox; check recent releases, tracking changes, campaign mix, and operational issues."
2026-03-07,revenue_per_session,residual_anomaly,region_device_browser,APAC + Desktop + Chrome,0.330277,0.4243661785714285,0.09408917857142851,0.13339499536041088,3,1,WARNING,"Review revenue_per_session drivers for region_device_browser = APAC + Desktop + Chrome; check recent releases, tracking changes, campaign mix, and operational issues."
2026-03-07,revenue_per_session,residual_anomaly,region_device_browser,APAC + Mobile + Firefox,0.351472,0.44464917857142855,0.09317717857142854,0.1321020067551768,4,1,WARNING,"Review revenue_per_session drivers for region_device_browser = APAC + Mobile + Firefox; check recent releases, tracking changes, campaign mix, and operational issues."
2026-03-07,revenue_per_session,residual_anomaly,region_device_browser,North America + Mobile + Chrome,0.336301,0.427155,0.09085399999999999,0.12880831879379395,5,1,WARNING,"Review revenue_per_session drivers for region_device_browser = North America + Mobile + Chrome; check recent releases, tracking changes, campaign mix, and operational issues."
2026-03-09,revenue_per_session,residual_anomaly,browser,Chrome,0.320694,0.4225895,0.10189550000000003,0.5357333112511031,1,1,WARNING,"Review revenue_per_session drivers for browser = Chrome; check recent releases, tracking changes, campaign mix, and operational issues."
2026-03-09,revenue_per_session,residual_anomaly,browser,Safari,0.290407,0.37870967857142857,0.08830267857142854,0.4642666887488969,2,1,WARNING,"Review revenue_per_session drivers for browser = Safari; check recent releases, tracking changes, campaign mix, and operational issues."
2026-03-09,revenue_per_session,residual_anomaly,business_segment,Mid-Market,0.320694,0.4225895,0.10189550000000003,0.5357333112511031,1,1,WARNING,"Review revenue_per_session drivers for business_segment = Mid-Market; check recent releases, tracking changes, campaign mix, and operational issues."
2026-03-09,revenue_per_session,residual_anomaly,business_segment,SMB,0.290407,0.37870967857142857,0.08830267857142854,0.4642666887488969,2,1,WARNING,"Review revenue_per_session drivers for business_segment = SMB; check recent releases, tracking changes, campaign mix, and operational issues."
2026-03-09,revenue_per_session,residual_anomaly,channel,Organic,0.320694,0.4225895,0.10189550000000003,0.5357333112511031,1,1,WARNING,"Review revenue_per_session drivers for channel = Organic; check recent releases, tracking changes, campaign mix, and operational issues."
2026-03-09,revenue_per_session,residual_anomaly,channel,Paid Search,0.290407,0.37870967857142857,0.08830267857142854,0.4642666887488969,2,1,WARNING,"Review revenue_per_session drivers for channel = Paid Search; check recent releases, tracking changes, campaign mix, and operational issues."
2026-03-09,revenue_per_session,residual_anomaly,device_type,Desktop,0.320694,0.4225895,0.10189550000000003,0.5357333112511031,1,1,WARNING,"Review revenue_per_session drivers for device_type = Desktop; check recent releases, tracking changes, campaign mix, and operational issues."
2026-03-09,revenue_per_session,residual_anomaly,device_type,Mobile,0.290407,0.37870967857142857,0.08830267857142854,0.4642666887488969,2,1,WARNING,"Review revenue_per_session drivers for device_type = Mobile; check recent releases, tracking changes, campaign mix, and operational issues."
2026-03-09,revenue_per_session,residual_anomaly,full_segment,APAC + Desktop + Chrome + Organic + Mid-Market,0.320694,0.4225895,0.10189550000000003,0.5357333112511031,1,1,WARNING,"Review revenue_per_session drivers for full_segment = APAC + Desktop + Chrome + Organic + Mid-Market; check recent releases, tracking changes, campaign mix, and operational issues."
2026-03-09,revenue_per_session,residual_anomaly,full_segment,North America + Mobile + Safari + Paid Search + SMB,0.290407,0.37870967857142857,0.08830267857142854,0.4642666887488969,2,1,WARNING,"Review revenue_per_session drivers for full_segment = North America + Mobile + Safari + Paid Search + SMB; check recent releases, tracking changes, campaign mix, and operational issues."
2026-03-09,revenue_per_session,residual_anomaly,region,APAC,0.320694,0.4225895,0.10189550000000003,0.5357333112511031,1,1,WARNING,"Review revenue_per_session drivers for region = APAC; check recent releases, tracking changes, campaign mix, and operational issues."
2026-03-09,revenue_per_session,residual_anomaly,region,North America,0.290407,0.37870967857142857,0.08830267857142854,0.4642666887488969,2,1,WARNING,"Review revenue_per_session drivers for region = North America; check recent releases, tracking changes, campaign mix, and operational issues."
2026-03-09,revenue_per_session,residual_anomaly,region_device_browser,APAC + Desktop + Chrome,0.320694,0.4225895,0.10189550000000003,0.5357333112511031,1,1,WARNING,"Review revenue_per_session drivers for region_device_browser = APAC + Desktop + Chrome; check recent releases, tracking changes, campaign mix, and operational issues."
2026-03-09,revenue_per_session,residual_anomaly,region_device_browser,North America + Mobile + Safari,0.290407,0.37870967857142857,0.08830267857142854,0.4642666887488969,2,1,WARNING,"Review revenue_per_session drivers for region_device_browser = North America + Mobile + Safari; check recent releases, tracking changes, campaign mix, and operational issues."
2026-03-10,revenue_per_session,residual_anomaly,browser,Firefox,0.17874,0.2290349642857143,0.05029496428571428,1.0,1,1,WARNING,"Review revenue_per_session drivers for browser = Firefox; check recent releases, tracking changes, campaign mix, and operational issues."
2026-03-10,revenue_per_session,residual_anomaly,business_segment,SMB,0.17874,0.2290349642857143,0.05029496428571428,1.0,1,1,WARNING,"Review revenue_per_session drivers for business_segment = SMB; check recent releases, tracking changes, campaign mix, and operational issues."
2026-03-10,revenue_per_session,residual_anomaly,channel,Email,0.17874,0.2290349642857143,0.05029496428571428,1.0,1,1,WARNING,"Review revenue_per_session drivers for channel = Email; check recent releases, tracking changes, campaign mix, and operational issues."
2026-03-10,revenue_per_session,residual_anomaly,device_type,Desktop,0.17874,0.2290349642857143,0.05029496428571428,1.0,1,1,WARNING,"Review revenue_per_session drivers for device_type = Desktop; check recent releases, tracking changes, campaign mix, and operational issues."
2026-03-10,revenue_per_session,residual_anomaly,full_segment,APAC + Desktop + Firefox + Email + SMB,0.17874,0.2290349642857143,0.05029496428571428,1.0,1,1,WARNING,"Review revenue_per_session drivers for full_segment = APAC + Desktop + Firefox + Email + SMB; check recent releases, tracking changes, campaign mix, and operational issues."
2026-03-10,revenue_per_session,residual_anomaly,region,APAC,0.17874,0.2290349642857143,0.05029496428571428,1.0,1,1,WARNING,"Review revenue_per_session drivers for region = APAC; check recent releases, tracking changes, campaign mix, and operational issues."
2026-03-10,revenue_per_session,residual_anomaly,region_device_browser,APAC + Desktop + Firefox,0.17874,0.2290349642857143,0.05029496428571428,1.0,1,1,WARNING,"Review revenue_per_session drivers for region_device_browser = APAC + Desktop + Firefox; check recent releases, tracking changes, campaign mix, and operational issues."
2026-03-11,revenue_per_session,residual_anomaly,browser,Chrome,0.353843,0.4295624285714285,0.0757194285714285,0.5255385722830445,1,1,WARNING,"Review revenue_per_session drivers for browser = Chrome; check recent releases, tracking changes, campaign mix, and operational issues."
2026-03-11,revenue_per_session,residual_anomaly,browser,Firefox,0.323495,0.39185525,0.06836025000000001,0.47446142771695554,2,1,WARNING,"Review revenue_per_session drivers for browser = Firefox; check recent releases, tracking changes, campaign mix, and operational issues."
2026-03-11,revenue_per_session,residual_anomaly,business_segment,Mid-Market,0.353843,0.4295624285714285,0.0757194285714285,0.5255385722830445,1,1,WARNING,"Review revenue_per_session drivers for business_segment = Mid-Market; check recent releases, tracking changes, campaign mix, and operational issues."
2026-03-11,revenue_per_session,residual_anomaly,business_segment,SMB,0.323495,0.39185525,0.06836025000000001,0.47446142771695554,2,1,WARNING,"Review revenue_per_session drivers for business_segment = SMB; check recent releases, tracking changes, campaign mix, and operational issues."
2026-03-11,revenue_per_session,residual_anomaly,channel,Organic,0.353843,0.4295624285714285,0.0757194285714285,0.5255385722830445,1,1,WARNING,"Review revenue_per_session drivers for channel = Organic; check recent releases, tracking changes, campaign mix, and operational issues."
2026-03-11,revenue_per_session,residual_anomaly,channel,Paid Search,0.323495,0.39185525,0.06836025000000001,0.47446142771695554,2,1,WARNING,"Review revenue_per_session drivers for channel = Paid Search; check recent releases, tracking changes, campaign mix, and operational issues."
2026-03-11,revenue_per_session,residual_anomaly,device_type,Desktop,0.338669,0.4107088392857142,0.1440796785714285,1.0,1,2,WARNING,"Review revenue_per_session drivers for device_type = Desktop; check recent releases, tracking changes, campaign mix, and operational issues."
2026-03-11,revenue_per_session,residual_anomaly,full_segment,EMEA + Desktop + Chrome + Organic + Mid-Market,0.353843,0.4295624285714285,0.0757194285714285,0.5255385722830445,1,1,WARNING,"Review revenue_per_session drivers for full_segment = EMEA + Desktop + Chrome + Organic + Mid-Market; check recent releases, tracking changes, campaign mix, and operational issues."
2026-03-11,revenue_per_session,residual_anomaly,full_segment,EMEA + Desktop + Firefox + Paid Search + SMB,0.323495,0.39185525,0.06836025000000001,0.47446142771695554,2,1,WARNING,"Review revenue_per_session drivers for full_segment = EMEA + Desktop + Firefox + Paid Search + SMB; check recent releases, tracking changes, campaign mix, and operational issues."
2026-03-11,revenue_per_session,residual_anomaly,region,EMEA,0.338669,0.4107088392857142,0.1440796785714285,1.0,1,2,WARNING,"Review revenue_per_session drivers for region = EMEA; check recent releases, tracking changes, campaign mix, and operational issues."
2026-03-11,revenue_per_session,residual_anomaly,region_device_browser,EMEA + Desktop + Chrome,0.353843,0.4295624285714285,0.0757194285714285,0.5255385722830445,1,1,WARNING,"Review revenue_per_session drivers for region_device_browser = EMEA + Desktop + Chrome; check recent releases, tracking changes, campaign mix, and operational issues."
2026-03-11,revenue_per_session,residual_anomaly,region_device_browser,EMEA + Desktop + Firefox,0.323495,0.39185525,0.06836025000000001,0.47446142771695554,2,1,WARNING,"Review revenue_per_session drivers for region_device_browser = EMEA + Desktop + Firefox; check recent releases, tracking changes, campaign mix, and operational issues."
2026-03-12,revenue_per_session,residual_anomaly,browser,Firefox,0.3198015,0.42130432142857144,0.2030056428571428,0.47550836111028605,1,2,WARNING,"Review revenue_per_session drivers for browser = Firefox; check recent releases, tracking changes, campaign mix, and operational issues."
2026-03-12,revenue_per_session,residual_anomaly,browser,Safari,0.31308899999999995,0.392467625,0.15875725000000007,0.37186355364022755,2,2,WARNING,"Review revenue_per_session drivers for browser = Safari; check recent releases, tracking changes, campaign mix, and operational issues."
2026-03-12,revenue_per_session,residual_anomaly,browser,Chrome,0.212799,0.27795949999999997,0.06516049999999998,0.15262808524948643,3,1,WARNING,"Review revenue_per_session drivers for browser = Chrome; check recent releases, tracking changes, campaign mix, and operational issues."
2026-03-12,revenue_per_session,residual_anomaly,business_segment,SMB,0.25608433333333336,0.3312319047619048,0.2254427142857143,0.5280636246633409,1,3,WARNING,"Review revenue_per_session drivers for business_segment = SMB; check recent releases, tracking changes, campaign mix, and operational issues."
2026-03-12,revenue_per_session,residual_anomaly,business_segment,Mid-Market,0.334629,0.4473315714285714,0.11270257142857137,0.26398780979023073,2,1,WARNING,"Review revenue_per_session drivers for business_segment = Mid-Market; check recent releases, tracking changes, campaign mix, and operational issues."
2026-03-12,revenue_per_session,residual_anomaly,business_segment,Enterprise,0.375698,0.46447610714285714,0.08877810714285717,0.2079485655464284,3,1,WARNING,"Review revenue_per_session drivers for business_segment = Enterprise; check recent releases, tracking changes, campaign mix, and operational issues."
2026-03-12,revenue_per_session,residual_anomaly,channel,Paid Search,0.29669433333333334,0.3876892619047619,0.2729847857142857,0.6394233492040853,1,3,WARNING,"Review revenue_per_session drivers for channel = Paid Search; check recent releases, tracking changes, campaign mix, and operational issues."
2026-03-12,revenue_per_session,residual_anomaly,channel,Email,0.375698,0.46447610714285714,0.08877810714285717,0.2079485655464284,2,1,WARNING,"Review revenue_per_session drivers for channel = Email; check recent releases, tracking changes, campaign mix, and operational issues."
2026-03-12,revenue_per_session,residual_anomaly,channel,Organic,0.212799,0.27795949999999997,0.06516049999999998,0.15262808524948643,3,1,WARNING,"Review revenue_per_session drivers for channel = Organic; check recent releases, tracking changes, campaign mix, and operational issues."
2026-03-12,revenue_per_session,residual_anomaly,device_type,Mobile,0.26596933333333334,0.34858340476190475,0.24784221428571426,0.5805308831335163,1,3,WARNING,"Review revenue_per_session drivers for device_type = Mobile; check recent releases, tracking changes, campaign mix, and operational issues."
2026-03-12,revenue_per_session,residual_anomaly,device_type,Desktop,0.34033599999999997,0.42987658928571426,0.17908117857142858,0.4194691168664837,2,2,WARNING,"Review revenue_per_session drivers for device_type = Desktop; check recent releases, tracking changes, campaign mix, and operational issues."
2026-03-12,revenue_per_session,residual_anomaly,full_segment,EMEA + Mobile + Firefox + Paid Search + Mid-Market,0.334629,0.4473315714285714,0.11270257142857137,0.26398780979023073,1,1,WARNING,"Review revenue_per_session drivers for full_segment = EMEA + Mobile + Firefox + Paid Search + Mid-Market; check recent releases, tracking changes, campaign mix, and operational issues."
2026-03-12,revenue_per_session,residual_anomaly,full_segment,APAC + Desktop + Firefox + Paid Search + SMB,0.304974,0.39527707142857144,0.09030307142857141,0.21152055132005532,2,1,WARNING,"Review revenue_per_session drivers for full_segment = APAC + Desktop + Firefox + Paid Search + SMB; check recent releases, tracking changes, campaign mix, and operational issues."
2026-03-12,revenue_per_session,residual_anomaly,full_segment,EMEA + Desktop + Safari + Email + Enterprise,0.375698,0.46447610714285714,0.08877810714285717,0.2079485655464284,3,1,WARNING,"Review revenue_per_session drivers for full_segment = EMEA + Desktop + Safari + Email + Enterprise; check recent releases, tracking changes, campaign mix, and operational issues."
2026-03-12,revenue_per_session,residual_anomaly,full_segment,APAC + Mobile + Safari + Paid Search + SMB,0.25048,0.3204591428571429,0.0699791428571429,0.16391498809379917,4,1,WARNING,"Review revenue_per_session drivers for full_segment = APAC + Mobile + Safari + Paid Search + SMB; check recent releases, tracking changes, campaign mix, and operational issues."
2026-03-12,revenue_per_session,residual_anomaly,full_segment,APAC + Mobile + Chrome + Organic + SMB,0.212799,0.27795949999999997,0.06516049999999998,0.15262808524948643,5,1,WARNING,"Review revenue_per_session drivers for full_segment = APAC + Mobile + Chrome + Organic + SMB; check recent releases, tracking changes, campaign mix, and operational issues."
2026-03-12,revenue_per_session,residual_anomaly,region,APAC,0.25608433333333336,0.3312319047619048,0.2254427142857143,0.5280636246633409,1,3,WARNING,"Review revenue_per_session drivers for region = APAC; check recent releases, tracking changes, campaign mix, and operational issues."
2026-03-12,revenue_per_session,residual_anomaly,region,EMEA,0.35516349999999997,0.45590383928571426,0.20148067857142854,0.47193637533665916,2,2,WARNING,"Review revenue_per_session drivers for region = EMEA; check recent releases, tracking changes, campaign mix, and operational issues."
2026-03-12,revenue_per_session,residual_anomaly,region_device_browser,EMEA + Mobile + Firefox,0.334629,0.4473315714285714,0.11270257142857137,0.26398780979023073,1,1,WARNING,"Review revenue_per_session drivers for region_device_browser = EMEA + Mobile + Firefox; check recent releases, tracking changes, campaign mix, and operational issues."
2026-03-12,revenue_per_session,residual_anomaly,region_device_browser,APAC + Desktop + Firefox,0.304974,0.39527707142857144,0.09030307142857141,0.21152055132005532,2,1,WARNING,"Review revenue_per_session drivers for region_device_browser = APAC + Desktop + Firefox; check recent releases, tracking changes, campaign mix, and operational issues."
2026-03-12,revenue_per_session,residual_anomaly,region_device_browser,EMEA + Desktop + Safari,0.375698,0.46447610714285714,0.08877810714285717,0.2079485655464284,3,1,WARNING,"Review revenue_per_session drivers for region_device_browser = EMEA + Desktop + Safari; check recent releases, tracking changes, campaign mix, and operational issues."
2026-03-12,revenue_per_session,residual_anomaly,region_device_browser,APAC + Mobile + Safari,0.25048,0.3204591428571429,0.0699791428571429,0.16391498809379917,4,1,WARNING,"Review revenue_per_session drivers for region_device_browser = APAC + Mobile + Safari; check recent releases, tracking changes, campaign mix, and operational issues."
2026-03-12,revenue_per_session,residual_anomaly,region_device_browser,APAC + Mobile + Chrome,0.212799,0.27795949999999997,0.06516049999999998,0.15262808524948643,5,1,WARNING,"Review revenue_per_session drivers for region_device_browser = APAC + Mobile + Chrome; check recent releases, tracking changes, campaign mix, and operational issues."
2026-03-13,revenue_per_session,residual_anomaly,browser,Firefox,0.205178,0.2798024107142857,0.14924882142857138,0.37720380286536326,1,2,WARNING,"Review revenue_per_session drivers for browser = Firefox; check recent releases, tracking changes, campaign mix, and operational issues."
2026-03-13,revenue_per_session,residual_anomaly,browser,Chrome,0.27053699999999997,0.3451390357142857,0.14920407142857153,0.37709070401462125,2,2,WARNING,"Review revenue_per_session drivers for browser = Chrome; check recent releases, tracking changes, campaign mix, and operational issues."
2026-03-13,revenue_per_session,residual_anomaly,browser,Safari,0.373776,0.47099467857142857,0.09721867857142857,0.24570549312001544,3,1,WARNING,"Review revenue_per_session drivers for browser = Safari; check recent releases, tracking changes, campaign mix, and operational issues."
2026-03-13,revenue_per_session,residual_anomaly,business_segment,SMB,0.24846066666666666,0.32188755952380954,0.22028067857142866,0.5567260689872301,1,3,WARNING,"Review revenue_per_session drivers for business_segment = SMB; check recent releases, tracking changes, campaign mix, and operational issues."
2026-03-13,revenue_per_session,residual_anomaly,business_segment,Mid-Market,0.289912,0.3776074464285714,0.17539089285714282,0.4432739310127698,2,2,WARNING,"Review revenue_per_session drivers for business_segment = Mid-Market; check recent releases, tracking changes, campaign mix, and operational issues."
2026-03-13,revenue_per_session,residual_anomaly,channel,Email,0.22585650000000002,0.300754375,0.14979575000000003,0.3785860820355699,1,2,WARNING,"Review revenue_per_session drivers for channel = Email; check recent releases, tracking changes, campaign mix, and operational issues."
2026-03-13,revenue_per_session,residual_anomaly,channel,Organic,0.24985849999999998,0.3241870714285714,0.14865714285714288,0.3757084248444146,2,2,WARNING,"Review revenue_per_session drivers for channel = Organic; check recent releases, tracking changes, campaign mix, and operational issues."
2026-03-13,revenue_per_session,residual_anomaly,channel,Paid Search,0.373776,0.47099467857142857,0.09721867857142857,0.24570549312001544,3,1,WARNING,"Review revenue_per_session drivers for channel = Paid Search; check recent releases, tracking changes, campaign mix, and operational issues."
2026-03-13,revenue_per_session,residual_anomaly,device_type,Desktop,0.30495,0.38709091666666673,0.2464227500000001,0.6227961971346367,1,3,WARNING,"Review revenue_per_session drivers for device_type = Desktop; check recent releases, tracking changes, campaign mix, and operational issues."
2026-03-13,revenue_per_session,residual_anomaly,device_type,Mobile,0.205178,0.2798024107142857,0.14924882142857138,0.37720380286536326,2,2,WARNING,"Review revenue_per_session drivers for device_type = Mobile; check recent releases, tracking changes, campaign mix, and operational issues."
2026-03-13,revenue_per_session,residual_anomaly,full_segment,EMEA + Desktop + Safari + Paid Search + Mid-Market,0.373776,0.47099467857142857,0.09721867857142857,0.24570549312001544,1,1,WARNING,"Review revenue_per_session drivers for full_segment = EMEA + Desktop + Safari + Paid Search + Mid-Market; check recent releases, tracking changes, campaign mix, and operational issues."
2026-03-13,revenue_per_session,residual_anomaly,full_segment,APAC + Mobile + Firefox + Email + Mid-Market,0.206048,0.28422021428571426,0.07817221428571425,0.19756843789275436,2,1,WARNING,"Review revenue_per_session drivers for full_segment = APAC + Mobile + Firefox + Email + Mid-Market; check recent releases, tracking changes, campaign mix, and operational issues."
2026-03-13,revenue_per_session,residual_anomaly,full_segment,North America + Desktop + Chrome + Organic + SMB,0.295409,0.3729895357142857,0.07758053571428575,0.1960730598718057,3,1,WARNING,"Review revenue_per_session drivers for full_segment = North America + Desktop + Chrome + Organic + SMB; check recent releases, tracking changes, campaign mix, and operational issues."
2026-03-13,revenue_per_session,residual_anomaly,full_segment,North America + Desktop + Chrome + Email + SMB,0.245665,0.3172885357142858,0.07162353571428579,0.18101764414281557,4,1,WARNING,"Review revenue_per_session drivers for full_segment = North America + Desktop + Chrome + Email + SMB; check recent releases, tracking changes, campaign mix, and operational issues."
2026-03-13,revenue_per_session,residual_anomaly,full_segment,APAC + Mobile + Firefox + Organic + SMB,0.204308,0.2753846071428571,0.07107660714285713,0.17963536497260887,5,1,WARNING,"Review revenue_per_session drivers for full_segment = APAC + Mobile + Firefox + Organic + SMB; check recent releases, tracking changes, campaign mix, and operational issues."
2026-03-13,revenue_per_session,residual_anomaly,region,APAC,0.205178,0.2798024107142857,0.14924882142857138,0.37720380286536326,1,2,WARNING,"Review revenue_per_session drivers for region = APAC; check recent releases, tracking changes, campaign mix, and operational issues."
2026-03-13,revenue_per_session,residual_anomaly,region,North America,0.27053699999999997,0.3451390357142857,0.14920407142857153,0.37709070401462125,2,2,WARNING,"Review revenue_per_session drivers for region = North America; check recent releases, tracking changes, campaign mix, and operational issues."
2026-03-13,revenue_per_session,residual_anomaly,region,EMEA,0.373776,0.47099467857142857,0.09721867857142857,0.24570549312001544,3,1,WARNING,"Review revenue_per_session drivers for region = EMEA; check recent releases, tracking changes, campaign mix, and operational issues."
2026-03-13,revenue_per_session,residual_anomaly,region_device_browser,APAC + Mobile + Firefox,0.205178,0.2798024107142857,0.14924882142857138,0.37720380286536326,1,2,WARNING,"Review revenue_per_session drivers for region_device_browser = APAC + Mobile + Firefox; check recent releases, tracking changes, campaign mix, and operational issues."
2026-03-13,revenue_per_session,residual_anomaly,region_device_browser,North America + Desktop + Chrome,0.27053699999999997,0.3451390357142857,0.14920407142857153,0.37709070401462125,2,2,WARNING,"Review revenue_per_session drivers for region_device_browser = North America + Desktop + Chrome; check recent releases, tracking changes, campaign mix, and operational issues."
2026-03-13,revenue_per_session,residual_anomaly,region_device_browser,EMEA + Desktop + Safari,0.373776,0.47099467857142857,0.09721867857142857,0.24570549312001544,3,1,WARNING,"Review revenue_per_session drivers for region_device_browser = EMEA + Desktop + Safari; check recent releases, tracking changes, campaign mix, and operational issues."
2026-03-14,revenue_per_session,residual_anomaly,browser,Chrome,0.22337625,0.3035796964285714,0.3208137857142857,1.0,1,4,WARNING,"Review revenue_per_session drivers for browser = Chrome; check recent releases, tracking changes, campaign mix, and operational issues."
2026-03-14,revenue_per_session,residual_anomaly,business_segment,SMB,0.22337625,0.3035796964285714,0.3208137857142857,1.0,1,4,WARNING,"Review revenue_per_session drivers for business_segment = SMB; check recent releases, tracking changes, campaign mix, and operational issues."
2026-03-14,revenue_per_session,residual_anomaly,channel,Email,0.189415,0.27046220238095237,0.24314160714285715,0.7578901467762897,1,3,WARNING,"Review revenue_per_session drivers for channel = Email; check recent releases, tracking changes, campaign mix, and operational issues."
2026-03-14,revenue_per_session,residual_anomaly,channel,Paid Search,0.32526,0.40293217857142855,0.07767217857142855,0.2421098532237103,2,1,WARNING,"Review revenue_per_session drivers for channel = Paid Search; check recent releases, tracking changes, campaign mix, and operational issues."
2026-03-14,revenue_per_session,residual_anomaly,device_type,Mobile,0.255417,0.338772875,0.16671175000000002,0.5196527001756471,1,2,WARNING,"Review revenue_per_session drivers for device_type = Mobile; check recent releases, tracking changes, campaign mix, and operational issues."
2026-03-14,revenue_per_session,residual_anomaly,device_type,Desktop,0.1913355,0.26838651785714285,0.15410203571428568,0.48034729982435287,2,2,WARNING,"Review revenue_per_session drivers for device_type = Desktop; check recent releases, tracking changes, campaign mix, and operational issues."
2026-03-14,revenue_per_session,residual_anomaly,full_segment,North America + Mobile + Chrome + Email + SMB,0.185574,0.27461357142857146,0.08903957142857147,0.2775428469519369,1,1,WARNING,"Review revenue_per_session drivers for full_segment = North America + Mobile + Chrome + Email + SMB; check recent releases, tracking changes, campaign mix, and operational issues."
2026-03-14,revenue_per_session,residual_anomaly,full_segment,EMEA + Desktop + Chrome + Email + SMB,0.196802,0.2755455714285714,0.07874357142857139,0.24544946300624315,2,1,WARNING,"Review revenue_per_session drivers for full_segment = EMEA + Desktop + Chrome + Email + SMB; check recent releases, tracking changes, campaign mix, and operational issues."
2026-03-14,revenue_per_session,residual_anomaly,full_segment,North America + Mobile + Chrome + Paid Search + SMB,0.32526,0.40293217857142855,0.07767217857142855,0.2421098532237103,3,1,WARNING,"Review revenue_per_session drivers for full_segment = North America + Mobile + Chrome + Paid Search + SMB; check recent releases, tracking changes, campaign mix, and operational issues."
2026-03-14,revenue_per_session,residual_anomaly,full_segment,APAC + Desktop + Chrome + Email + SMB,0.185869,0.2612274642857143,0.0753584642857143,0.23489783681810972,4,1,WARNING,"Review revenue_per_session drivers for full_segment = APAC + Desktop + Chrome + Email + SMB; check recent releases, tracking changes, campaign mix, and operational issues."
2026-03-14,revenue_per_session,residual_anomaly,region,North America,0.255417,0.338772875,0.16671175000000002,0.5196527001756471,1,2,WARNING,"Review revenue_per_session drivers for region = North America; check recent releases, tracking changes, campaign mix, and operational issues."
2026-03-14,revenue_per_session,residual_anomaly,region,EMEA,0.196802,0.2755455714285714,0.07874357142857139,0.24544946300624315,2,1,WARNING,"Review revenue_per_session drivers for region = EMEA; check recent releases, tracking changes, campaign mix, and operational issues."
2026-03-14,revenue_per_session,residual_anomaly,region,APAC,0.185869,0.2612274642857143,0.0753584642857143,0.23489783681810972,3,1,WARNING,"Review revenue_per_session drivers for region = APAC; check recent releases, tracking changes, campaign mix, and operational issues."
2026-03-14,revenue_per_session,residual_anomaly,region_device_browser,North America + Mobile + Chrome,0.255417,0.338772875,0.16671175000000002,0.5196527001756471,1,2,WARNING,"Review revenue_per_session drivers for region_device_browser = North America + Mobile + Chrome; check recent releases, tracking changes, campaign mix, and operational issues."
2026-03-14,revenue_per_session,residual_anomaly,region_device_browser,EMEA + Desktop + Chrome,0.196802,0.2755455714285714,0.07874357142857139,0.24544946300624315,2,1,WARNING,"Review revenue_per_session drivers for region_device_browser = EMEA + Desktop + Chrome; check recent releases, tracking changes, campaign mix, and operational issues."
2026-03-14,revenue_per_session,residual_anomaly,region_device_browser,APAC + Desktop + Chrome,0.185869,0.2612274642857143,0.0753584642857143,0.23489783681810972,3,1,WARNING,"Review revenue_per_session drivers for region_device_browser = APAC + Desktop + Chrome; check recent releases, tracking changes, campaign mix, and operational issues."
2026-03-17,revenue_per_session,residual_anomaly,browser,Firefox,0.252854,0.32510892857142853,0.07225492857142851,1.0,1,1,WARNING,"Review revenue_per_session drivers for browser = Firefox; check recent releases, tracking changes, campaign mix, and operational issues."
2026-03-17,revenue_per_session,residual_anomaly,business_segment,SMB,0.252854,0.32510892857142853,0.07225492857142851,1.0,1,1,WARNING,"Review revenue_per_session drivers for business_segment = SMB; check recent releases, tracking changes, campaign mix, and operational issues."
2026-03-17,revenue_per_session,residual_anomaly,channel,Organic,0.252854,0.32510892857142853,0.07225492857142851,1.0,1,1,WARNING,"Review revenue_per_session drivers for channel = Organic; check recent releases, tracking changes, campaign mix, and operational issues."
2026-03-17,revenue_per_session,residual_anomaly,device_type,Desktop,0.252854,0.32510892857142853,0.07225492857142851,1.0,1,1,WARNING,"Review revenue_per_session drivers for device_type = Desktop; check recent releases, tracking changes, campaign mix, and operational issues."
2026-03-17,revenue_per_session,residual_anomaly,full_segment,APAC + Desktop + Firefox + Organic + SMB,0.252854,0.32510892857142853,0.07225492857142851,1.0,1,1,WARNING,"Review revenue_per_session drivers for full_segment = APAC + Desktop + Firefox + Organic + SMB; check recent releases, tracking changes, campaign mix, and operational issues."
2026-03-17,revenue_per_session,residual_anomaly,region,APAC,0.252854,0.32510892857142853,0.07225492857142851,1.0,1,1,WARNING,"Review revenue_per_session drivers for region = APAC; check recent releases, tracking changes, campaign mix, and operational issues."
2026-03-17,revenue_per_session,residual_anomaly,region_device_browser,APAC + Desktop + Firefox,0.252854,0.32510892857142853,0.07225492857142851,1.0,1,1,WARNING,"Review revenue_per_session drivers for region_device_browser = APAC + Desktop + Firefox; check recent releases, tracking changes, campaign mix, and operational issues."
2026-03-18,revenue_per_session,residual_anomaly,browser,Firefox,0.330796,0.407406,0.07661000000000001,0.5431693369175263,1,1,WARNING,"Review revenue_per_session drivers for browser = Firefox; check recent releases, tracking changes, campaign mix, and operational issues."
2026-03-18,revenue_per_session,residual_anomaly,browser,Chrome,0.196577,0.26100957142857145,0.06443257142857145,0.4568306630824736,2,1,WARNING,"Review revenue_per_session drivers for browser = Chrome; check recent releases, tracking changes, campaign mix, and operational issues."
2026-03-18,revenue_per_session,residual_anomaly,business_segment,Mid-Market,0.330796,0.407406,0.07661000000000001,0.5431693369175263,1,1,WARNING,"Review revenue_per_session drivers for business_segment = Mid-Market; check recent releases, tracking changes, campaign mix, and operational issues."
2026-03-18,revenue_per_session,residual_anomaly,business_segment,SMB,0.196577,0.26100957142857145,0.06443257142857145,0.4568306630824736,2,1,WARNING,"Review revenue_per_session drivers for business_segment = SMB; check recent releases, tracking changes, campaign mix, and operational issues."
2026-03-18,revenue_per_session,residual_anomaly,channel,Organic,0.330796,0.407406,0.07661000000000001,0.5431693369175263,1,1,WARNING,"Review revenue_per_session drivers for channel = Organic; check recent releases, tracking changes, campaign mix, and operational issues."
2026-03-18,revenue_per_session,residual_anomaly,channel,Email,0.196577,0.26100957142857145,0.06443257142857145,0.4568306630824736,2,1,WARNING,"Review revenue_per_session drivers for channel = Email; check recent releases, tracking changes, campaign mix, and operational issues."
2026-03-18,revenue_per_session,residual_anomaly,device_type,Desktop,0.2636865,0.3342077857142857,0.14104257142857146,1.0,1,2,WARNING,"Review revenue_per_session drivers for device_type = Desktop; check recent releases, tracking changes, campaign mix, and operational issues."
2026-03-18,revenue_per_session,residual_anomaly,full_segment,EMEA + Desktop + Firefox + Organic + Mid-Market,0.330796,0.407406,0.07661000000000001,0.5431693369175263,1,1,WARNING,"Review revenue_per_session drivers for full_segment = EMEA + Desktop + Firefox + Organic + Mid-Market; check recent releases, tracking changes, campaign mix, and operational issues."
2026-03-18,revenue_per_session,residual_anomaly,full_segment,APAC + Desktop + Chrome + Email + SMB,0.196577,0.26100957142857145,0.06443257142857145,0.4568306630824736,2,1,WARNING,"Review revenue_per_session drivers for full_segment = APAC + Desktop + Chrome + Email + SMB; check recent releases, tracking changes, campaign mix, and operational issues."
2026-03-18,revenue_per_session,residual_anomaly,region,EMEA,0.330796,0.407406,0.07661000000000001,0.5431693369175263,1,1,WARNING,"Review revenue_per_session drivers for region = EMEA; check recent releases, tracking changes, campaign mix, and operational issues."
2026-03-18,revenue_per_session,residual_anomaly,region,APAC,0.196577,0.26100957142857145,0.06443257142857145,0.4568306630824736,2,1,WARNING,"Review revenue_per_session drivers for region = APAC; check recent releases, tracking changes, campaign mix, and operational issues."
2026-03-18,revenue_per_session,residual_anomaly,region_device_browser,EMEA + Desktop + Firefox,0.330796,0.407406,0.07661000000000001,0.5431693369175263,1,1,WARNING,"Review revenue_per_session drivers for region_device_browser = EMEA + Desktop + Firefox; check recent releases, tracking changes, campaign mix, and operational issues."
2026-03-18,revenue_per_session,residual_anomaly,region_device_browser,APAC + Desktop + Chrome,0.196577,0.26100957142857145,0.06443257142857145,0.4568306630824736,2,1,WARNING,"Review revenue_per_session drivers for region_device_browser = APAC + Desktop + Chrome; check recent releases, tracking changes, campaign mix, and operational issues."
2026-03-19,revenue_per_session,residual_anomaly,browser,Safari,0.24098733333333333,0.31171213095238093,0.21217439285714285,0.5882283107455222,1,3,WARNING,"Review revenue_per_session drivers for browser = Safari; check recent releases, tracking changes, campaign mix, and operational issues."
2026-03-19,revenue_per_session,residual_anomaly,browser,Firefox,0.23185699999999998,0.30612017857142854,0.14852635714285709,0.41177168925447794,2,2,WARNING,"Review revenue_per_session drivers for browser = Firefox; check recent releases, tracking changes, campaign mix, and operational issues."
2026-03-19,revenue_per_session,residual_anomaly,business_segment,SMB,0.24281550000000002,0.31446180357142856,0.28658521428571426,0.7945234776631719,1,4,WARNING,"Review revenue_per_session drivers for business_segment = SMB; check recent releases, tracking changes, campaign mix, and operational issues."
2026-03-19,revenue_per_session,residual_anomaly,business_segment,Mid-Market,0.215414,0.2895295357142857,0.0741155357142857,0.20547652233682828,2,1,WARNING,"Review revenue_per_session drivers for business_segment = Mid-Market; check recent releases, tracking changes, campaign mix, and operational issues."
2026-03-19,revenue_per_session,residual_anomaly,channel,Organic,0.2434905,0.3175684464285714,0.1481558928571428,0.41074462101102605,1,2,WARNING,"Review revenue_per_session drivers for channel = Organic; check recent releases, tracking changes, campaign mix, and operational issues."
2026-03-19,revenue_per_session,residual_anomaly,channel,Email,0.1955175,0.2672058214285714,0.14337664285714283,0.39749471787109636,2,2,WARNING,"Review revenue_per_session drivers for channel = Email; check recent releases, tracking changes, campaign mix, and operational issues."
2026-03-19,revenue_per_session,residual_anomaly,channel,Paid Search,0.30866,0.3778282142857143,0.06916821428571429,0.19176066111787765,3,1,WARNING,"Review revenue_per_session drivers for channel = Paid Search; check recent releases, tracking changes, campaign mix, and operational issues."
2026-03-19,revenue_per_session,residual_anomaly,device_type,Mobile,0.23459400000000002,0.30616648214285713,0.28628992857142854,0.7937048330823504,1,4,WARNING,"Review revenue_per_session drivers for device_type = Mobile; check recent releases, tracking changes, campaign mix, and operational issues."
2026-03-19,revenue_per_session,residual_anomaly,device_type,Desktop,0.2483,0.3227108214285714,0.07441082142857139,0.20629516691764962,2,1,WARNING,"Review revenue_per_session drivers for device_type = Desktop; check recent releases, tracking changes, campaign mix, and operational issues."
2026-03-19,revenue_per_session,residual_anomaly,full_segment,APAC + Desktop + Firefox + Organic + SMB,0.2483,0.3227108214285714,0.07441082142857139,0.20629516691764962,1,1,WARNING,"Review revenue_per_session drivers for full_segment = APAC + Desktop + Firefox + Organic + SMB; check recent releases, tracking changes, campaign mix, and operational issues."
2026-03-19,revenue_per_session,residual_anomaly,full_segment,APAC + Mobile + Firefox + Email + Mid-Market,0.215414,0.2895295357142857,0.0741155357142857,0.20547652233682828,2,1,WARNING,"Review revenue_per_session drivers for full_segment = APAC + Mobile + Firefox + Email + Mid-Market; check recent releases, tracking changes, campaign mix, and operational issues."
2026-03-19,revenue_per_session,residual_anomaly,full_segment,North America + Mobile + Safari + Organic + SMB,0.238681,0.31242607142857143,0.07374507142857142,0.20444945409337642,3,1,WARNING,"Review revenue_per_session drivers for full_segment = North America + Mobile + Safari + Organic + SMB; check recent releases, tracking changes, campaign mix, and operational issues."
2026-03-19,revenue_per_session,residual_anomaly,full_segment,North America + Mobile + Safari + Email + SMB,0.175621,0.24488210714285713,0.06926110714285713,0.19201819553426808,4,1,WARNING,"Review revenue_per_session drivers for full_segment = North America + Mobile + Safari + Email + SMB; check recent releases, tracking changes, campaign mix, and operational issues."
2026-03-19,revenue_per_session,residual_anomaly,full_segment,North America + Mobile + Safari + Paid Search + SMB,0.30866,0.3778282142857143,0.06916821428571429,0.19176066111787765,5,1,WARNING,"Review revenue_per_session drivers for full_segment = North America + Mobile + Safari + Paid Search + SMB; check recent releases, tracking changes, campaign mix, and operational issues."
2026-03-19,revenue_per_session,residual_anomaly,region,North America,0.24098733333333333,0.31171213095238093,0.21217439285714285,0.5882283107455222,1,3,WARNING,"Review revenue_per_session drivers for region = North America; check recent releases, tracking changes, campaign mix, and operational issues."
2026-03-19,revenue_per_session,residual_anomaly,region,APAC,0.23185699999999998,0.30612017857142854,0.14852635714285709,0.41177168925447794,2,2,WARNING,"Review revenue_per_session drivers for region = APAC; check recent releases, tracking changes, campaign mix, and operational issues."
2026-03-19,revenue_per_session,residual_anomaly,region_device_browser,North America + Mobile + Safari,0.24098733333333333,0.31171213095238093,0.21217439285714285,0.5882283107455222,1,3,WARNING,"Review revenue_per_session drivers for region_device_browser = North America + Mobile + Safari; check recent releases, tracking changes, campaign mix, and operational issues."
2026-03-19,revenue_per_session,residual_anomaly,region_device_browser,APAC + Desktop + Firefox,0.2483,0.3227108214285714,0.07441082142857139,0.20629516691764962,2,1,WARNING,"Review revenue_per_session drivers for region_device_browser = APAC + Desktop + Firefox; check recent releases, tracking changes, campaign mix, and operational issues."
2026-03-19,revenue_per_session,residual_anomaly,region_device_browser,APAC + Mobile + Firefox,0.215414,0.2895295357142857,0.0741155357142857,0.20547652233682828,3,1,WARNING,"Review revenue_per_session drivers for region_device_browser = APAC + Mobile + Firefox; check recent releases, tracking changes, campaign mix, and operational issues."
2026-03-20,conversion_rate,residual_anomaly,browser,Firefox,0.057143,0.07642725000000002,0.019284250000000017,1.0,1,1,WARNING,"Review conversion_rate drivers for browser = Firefox; check recent releases, tracking changes, campaign mix, and operational issues."
2026-03-20,conversion_rate,residual_anomaly,business_segment,SMB,0.057143,0.07642725000000002,0.019284250000000017,1.0,1,1,WARNING,"Review conversion_rate drivers for business_segment = SMB; check recent releases, tracking changes, campaign mix, and operational issues."
2026-03-20,conversion_rate,residual_anomaly,channel,Email,0.057143,0.07642725000000002,0.019284250000000017,1.0,1,1,WARNING,"Review conversion_rate drivers for channel = Email; check recent releases, tracking changes, campaign mix, and operational issues."
2026-03-20,conversion_rate,residual_anomaly,device_type,Mobile,0.057143,0.07642725000000002,0.019284250000000017,1.0,1,1,WARNING,"Review conversion_rate drivers for device_type = Mobile; check recent releases, tracking changes, campaign mix, and operational issues."
2026-03-20,conversion_rate,residual_anomaly,full_segment,APAC + Mobile + Firefox + Email + SMB,0.057143,0.07642725000000002,0.019284250000000017,1.0,1,1,WARNING,"Review conversion_rate drivers for full_segment = APAC + Mobile + Firefox + Email + SMB; check recent releases, tracking changes, campaign mix, and operational issues."
2026-03-20,conversion_rate,residual_anomaly,region,APAC,0.057143,0.07642725000000002,0.019284250000000017,1.0,1,1,WARNING,"Review conversion_rate drivers for region = APAC; check recent releases, tracking changes, campaign mix, and operational issues."
2026-03-20,conversion_rate,residual_anomaly,region_device_browser,APAC + Mobile + Firefox,0.057143,0.07642725000000002,0.019284250000000017,1.0,1,1,WARNING,"Review conversion_rate drivers for region_device_browser = APAC + Mobile + Firefox; check recent releases, tracking changes, campaign mix, and operational issues."
2026-03-20,revenue_per_session,residual_anomaly,browser,Chrome,0.2829246666666667,0.37177735714285715,0.2665580714285714,0.6487423207885569,1,3,WARNING,"Review revenue_per_session drivers for browser = Chrome; check recent releases, tracking changes, campaign mix, and operational issues."
2026-03-20,revenue_per_session,residual_anomaly,browser,Safari,0.2201905,0.2923536428571428,0.1443262857142857,0.351257679211443,2,2,WARNING,"Review revenue_per_session drivers for browser = Safari; check recent releases, tracking changes, campaign mix, and operational issues."
2026-03-20,revenue_per_session,residual_anomaly,business_segment,SMB,0.234295,0.3175972023809524,0.2499066071428572,0.6082164063889371,1,3,WARNING,"Review revenue_per_session drivers for business_segment = SMB; check recent releases, tracking changes, campaign mix, and operational issues."
2026-03-20,revenue_per_session,residual_anomaly,business_segment,Enterprise,0.388604,0.48400699999999997,0.09540299999999996,0.2321894186077034,2,1,WARNING,"Review revenue_per_session drivers for business_segment = Enterprise; check recent releases, tracking changes, campaign mix, and operational issues."
2026-03-20,revenue_per_session,residual_anomaly,business_segment,Mid-Market,0.197666,0.26324074999999997,0.06557474999999996,0.15959417500335937,3,1,WARNING,"Review revenue_per_session drivers for business_segment = Mid-Market; check recent releases, tracking changes, campaign mix, and operational issues."
2026-03-20,revenue_per_session,residual_anomaly,channel,Organic,0.234295,0.3175972023809524,0.2499066071428572,0.6082164063889371,1,3,WARNING,"Review revenue_per_session drivers for channel = Organic; check recent releases, tracking changes, campaign mix, and operational issues."
2026-03-20,revenue_per_session,residual_anomaly,channel,Email,0.29313500000000003,0.37362387499999994,0.16097774999999992,0.39178359361106274,2,2,WARNING,"Review revenue_per_session drivers for channel = Email; check recent releases, tracking changes, campaign mix, and operational issues."
2026-03-20,revenue_per_session,residual_anomaly,device_type,Mobile,0.26161,0.3446432053571429,0.33213282142857137,0.8083364957919162,1,4,WARNING,"Review revenue_per_session drivers for device_type = Mobile; check recent releases, tracking changes, campaign mix, and operational issues."
2026-03-20,revenue_per_session,residual_anomaly,device_type,Desktop,0.242715,0.32146653571428574,0.07875153571428575,0.19166350420808367,2,1,WARNING,"Review revenue_per_session drivers for device_type = Desktop; check recent releases, tracking changes, campaign mix, and operational issues."
2026-03-20,revenue_per_session,residual_anomaly,full_segment,APAC + Mobile + Chrome + Organic + SMB,0.185809,0.28169310714285717,0.09588410714285717,0.23336032505496426,1,1,WARNING,"Review revenue_per_session drivers for full_segment = APAC + Mobile + Chrome + Organic + SMB; check recent releases, tracking changes, campaign mix, and operational issues."
2026-03-20,revenue_per_session,residual_anomaly,full_segment,APAC + Mobile + Chrome + Email + Enterprise,0.388604,0.48400699999999997,0.09540299999999996,0.2321894186077034,2,1,WARNING,"Review revenue_per_session drivers for full_segment = APAC + Mobile + Chrome + Email + Enterprise; check recent releases, tracking changes, campaign mix, and operational issues."
2026-03-20,revenue_per_session,residual_anomaly,full_segment,EMEA + Desktop + Safari + Organic + SMB,0.242715,0.32146653571428574,0.07875153571428575,0.19166350420808367,3,1,WARNING,"Review revenue_per_session drivers for full_segment = EMEA + Desktop + Safari + Organic + SMB; check recent releases, tracking changes, campaign mix, and operational issues."
2026-03-20,revenue_per_session,residual_anomaly,full_segment,North America + Mobile + Chrome + Organic + SMB,0.274361,0.3496319642857143,0.07527096428571428,0.18319257712588924,4,1,WARNING,"Review revenue_per_session drivers for full_segment = North America + Mobile + Chrome + Organic + SMB; check recent releases, tracking changes, campaign mix, and operational issues."
2026-03-20,revenue_per_session,residual_anomaly,full_segment,APAC + Mobile + Safari + Email + Mid-Market,0.197666,0.26324074999999997,0.06557474999999996,0.15959417500335937,5,1,WARNING,"Review revenue_per_session drivers for full_segment = APAC + Mobile + Safari + Email + Mid-Market; check recent releases, tracking changes, campaign mix, and operational issues."
2026-03-20,revenue_per_session,residual_anomaly,region,APAC,0.2573596666666667,0.3429802857142857,0.2568618571428571,0.625143918666027,1,3,WARNING,"Review revenue_per_session drivers for region = APAC; check recent releases, tracking changes, campaign mix, and operational issues."
2026-03-20,revenue_per_session,residual_anomaly,region,EMEA,0.242715,0.32146653571428574,0.07875153571428575,0.19166350420808367,2,1,WARNING,"Review revenue_per_session drivers for region = EMEA; check recent releases, tracking changes, campaign mix, and operational issues."
2026-03-20,revenue_per_session,residual_anomaly,region,North America,0.274361,0.3496319642857143,0.07527096428571428,0.18319257712588924,3,1,WARNING,"Review revenue_per_session drivers for region = North America; check recent releases, tracking changes, campaign mix, and operational issues."
2026-03-20,revenue_per_session,residual_anomaly,region_device_browser,APAC + Mobile + Chrome,0.28720650000000003,0.38285005357142854,0.19128710714285713,0.46554974366266766,1,2,WARNING,"Review revenue_per_session drivers for region_device_browser = APAC + Mobile + Chrome; check recent releases, tracking changes, campaign mix, and operational issues."
2026-03-20,revenue_per_session,residual_anomaly,region_device_browser,EMEA + Desktop + Safari,0.242715,0.32146653571428574,0.07875153571428575,0.19166350420808367,2,1,WARNING,"Review revenue_per_session drivers for region_device_browser = EMEA + Desktop + Safari; check recent releases, tracking changes, campaign mix, and operational issues."
2026-03-20,revenue_per_session,residual_anomaly,region_device_browser,North America + Mobile + Chrome,0.274361,0.3496319642857143,0.07527096428571428,0.18319257712588924,3,1,WARNING,"Review revenue_per_session drivers for region_device_browser = North America + Mobile + Chrome; check recent releases, tracking changes, campaign mix, and operational issues."
2026-03-20,revenue_per_session,residual_anomaly,region_device_browser,APAC + Mobile + Safari,0.197666,0.26324074999999997,0.06557474999999996,0.15959417500335937,4,1,WARNING,"Review revenue_per_session drivers for region_device_browser = APAC + Mobile + Safari; check recent releases, tracking changes, campaign mix, and operational issues."
2026-03-21,revenue_per_session,residual_anomaly,browser,Chrome,0.35128349999999997,0.4545595,0.206552,0.6921342742330219,1,2,WARNING,"Review revenue_per_session drivers for browser = Chrome; check recent releases, tracking changes, campaign mix, and operational issues."
2026-03-21,revenue_per_session,residual_anomaly,browser,Firefox,0.354045,0.44592064285714283,0.09187564285714284,0.3078657257669781,2,1,WARNING,"Review revenue_per_session drivers for browser = Firefox; check recent releases, tracking changes, campaign mix, and operational issues."
2026-03-21,revenue_per_session,residual_anomaly,business_segment,Mid-Market,0.2847265,0.3798585,0.190264,0.6375548798979029,1,2,WARNING,"Review revenue_per_session drivers for business_segment = Mid-Market; check recent releases, tracking changes, campaign mix, and operational issues."
2026-03-21,revenue_per_session,residual_anomaly,business_segment,Enterprise,0.487159,0.5953226428571429,0.10816364285714286,0.36244512010209706,2,1,WARNING,"Review revenue_per_session drivers for business_segment = Enterprise; check recent releases, tracking changes, campaign mix, and operational issues."
2026-03-21,revenue_per_session,residual_anomaly,channel,Email,0.35128349999999997,0.4545595,0.206552,0.6921342742330219,1,2,WARNING,"Review revenue_per_session drivers for channel = Email; check recent releases, tracking changes, campaign mix, and operational issues."
2026-03-21,revenue_per_session,residual_anomaly,channel,Paid Search,0.354045,0.44592064285714283,0.09187564285714284,0.3078657257669781,2,1,WARNING,"Review revenue_per_session drivers for channel = Paid Search; check recent releases, tracking changes, campaign mix, and operational issues."
2026-03-21,revenue_per_session,residual_anomaly,device_type,Mobile,0.2847265,0.3798585,0.190264,0.6375548798979029,1,2,WARNING,"Review revenue_per_session drivers for device_type = Mobile; check recent releases, tracking changes, campaign mix, and operational issues."
2026-03-21,revenue_per_session,residual_anomaly,device_type,Desktop,0.487159,0.5953226428571429,0.10816364285714286,0.36244512010209706,2,1,WARNING,"Review revenue_per_session drivers for device_type = Desktop; check recent releases, tracking changes, campaign mix, and operational issues."
2026-03-21,revenue_per_session,residual_anomaly,full_segment,North America + Desktop + Chrome + Email + Enterprise,0.487159,0.5953226428571429,0.10816364285714286,0.36244512010209706,1,1,WARNING,"Review revenue_per_session drivers for full_segment = North America + Desktop + Chrome + Email + Enterprise; check recent releases, tracking changes, campaign mix, and operational issues."
2026-03-21,revenue_per_session,residual_anomaly,full_segment,APAC + Mobile + Chrome + Email + Mid-Market,0.215408,0.31379635714285714,0.09838835714285715,0.3296891541309248,2,1,WARNING,"Review revenue_per_session drivers for full_segment = APAC + Mobile + Chrome + Email + Mid-Market; check recent releases, tracking changes, campaign mix, and operational issues."
2026-03-21,revenue_per_session,residual_anomaly,full_segment,EMEA + Mobile + Firefox + Paid Search + Mid-Market,0.354045,0.44592064285714283,0.09187564285714284,0.3078657257669781,3,1,WARNING,"Review revenue_per_session drivers for full_segment = EMEA + Mobile + Firefox + Paid Search + Mid-Market; check recent releases, tracking changes, campaign mix, and operational issues."
2026-03-21,revenue_per_session,residual_anomaly,region,North America,0.487159,0.5953226428571429,0.10816364285714286,0.36244512010209706,1,1,WARNING,"Review revenue_per_session drivers for region = North America; check recent releases, tracking changes, campaign mix, and operational issues."
2026-03-21,revenue_per_session,residual_anomaly,region,APAC,0.215408,0.31379635714285714,0.09838835714285715,0.3296891541309248,2,1,WARNING,"Review revenue_per_session drivers for region = APAC; check recent releases, tracking changes, campaign mix, and operational issues."
2026-03-21,revenue_per_session,residual_anomaly,region,EMEA,0.354045,0.44592064285714283,0.09187564285714284,0.3078657257669781,3,1,WARNING,"Review revenue_per_session drivers for region = EMEA; check recent releases, tracking changes, campaign mix, and operational issues."
2026-03-21,revenue_per_session,residual_anomaly,region_device_browser,North America + Desktop + Chrome,0.487159,0.5953226428571429,0.10816364285714286,0.36244512010209706,1,1,WARNING,"Review revenue_per_session drivers for region_device_browser = North America + Desktop + Chrome; check recent releases, tracking changes, campaign mix, and operational issues."
2026-03-21,revenue_per_session,residual_anomaly,region_device_browser,APAC + Mobile + Chrome,0.215408,0.31379635714285714,0.09838835714285715,0.3296891541309248,2,1,WARNING,"Review revenue_per_session drivers for region_device_browser = APAC + Mobile + Chrome; check recent releases, tracking changes, campaign mix, and operational issues."
2026-03-21,revenue_per_session,residual_anomaly,region_device_browser,EMEA + Mobile + Firefox,0.354045,0.44592064285714283,0.09187564285714284,0.3078657257669781,3,1,WARNING,"Review revenue_per_session drivers for region_device_browser = EMEA + Mobile + Firefox; check recent releases, tracking changes, campaign mix, and operational issues."
2026-03-22,revenue_per_session,residual_anomaly,browser,Chrome,0.455126,0.5607339285714287,0.1056079285714287,1.0,1,1,WARNING,"Review revenue_per_session drivers for browser = Chrome; check recent releases, tracking changes, campaign mix, and operational issues."
2026-03-22,revenue_per_session,residual_anomaly,business_segment,Enterprise,0.455126,0.5607339285714287,0.1056079285714287,1.0,1,1,WARNING,"Review revenue_per_session drivers for business_segment = Enterprise; check recent releases, tracking changes, campaign mix, and operational issues."
2026-03-22,revenue_per_session,residual_anomaly,channel,Organic,0.455126,0.5607339285714287,0.1056079285714287,1.0,1,1,WARNING,"Review revenue_per_session drivers for channel = Organic; check recent releases, tracking changes, campaign mix, and operational issues."
2026-03-22,revenue_per_session,residual_anomaly,device_type,Mobile,0.455126,0.5607339285714287,0.1056079285714287,1.0,1,1,WARNING,"Review revenue_per_session drivers for device_type = Mobile; check recent releases, tracking changes, campaign mix, and operational issues."
2026-03-22,revenue_per_session,residual_anomaly,full_segment,APAC + Mobile + Chrome + Organic + Enterprise,0.455126,0.5607339285714287,0.1056079285714287,1.0,1,1,WARNING,"Review revenue_per_session drivers for full_segment = APAC + Mobile + Chrome + Organic + Enterprise; check recent releases, tracking changes, campaign mix, and operational issues."
2026-03-22,revenue_per_session,residual_anomaly,region,APAC,0.455126,0.5607339285714287,0.1056079285714287,1.0,1,1,WARNING,"Review revenue_per_session drivers for region = APAC; check recent releases, tracking changes, campaign mix, and operational issues."
2026-03-22,revenue_per_session,residual_anomaly,region_device_browser,APAC + Mobile + Chrome,0.455126,0.5607339285714287,0.1056079285714287,1.0,1,1,WARNING,"Review revenue_per_session drivers for region_device_browser = APAC + Mobile + Chrome; check recent releases, tracking changes, campaign mix, and operational issues."
2026-03-23,revenue_per_session,residual_anomaly,browser,Chrome,0.402219,0.4826047857142857,0.08038578571428573,0.40463288784444895,1,1,WARNING,"Review revenue_per_session drivers for browser = Chrome; check recent releases, tracking changes, campaign mix, and operational issues."
2026-03-23,revenue_per_session,residual_anomaly,browser,Safari,0.204653,0.2659811785714286,0.06132817857142861,0.30870380604101194,2,1,WARNING,"Review revenue_per_session drivers for browser = Safari; check recent releases, tracking changes, campaign mix, and operational issues."
2026-03-23,revenue_per_session,residual_anomaly,browser,Firefox,0.241299,0.2982485357142858,0.056949535714285765,0.2866633061145391,3,1,WARNING,"Review revenue_per_session drivers for browser = Firefox; check recent releases, tracking changes, campaign mix, and operational issues."
2026-03-23,revenue_per_session,residual_anomaly,business_segment,Enterprise,0.402219,0.4826047857142857,0.08038578571428573,0.40463288784444895,1,1,WARNING,"Review revenue_per_session drivers for business_segment = Enterprise; check recent releases, tracking changes, campaign mix, and operational issues."
2026-03-23,revenue_per_session,residual_anomaly,business_segment,Mid-Market,0.204653,0.2659811785714286,0.06132817857142861,0.30870380604101194,2,1,WARNING,"Review revenue_per_session drivers for business_segment = Mid-Market; check recent releases, tracking changes, campaign mix, and operational issues."
2026-03-23,revenue_per_session,residual_anomaly,business_segment,SMB,0.241299,0.2982485357142858,0.056949535714285765,0.2866633061145391,3,1,WARNING,"Review revenue_per_session drivers for business_segment = SMB; check recent releases, tracking changes, campaign mix, and operational issues."
2026-03-23,revenue_per_session,residual_anomaly,channel,Email,0.28272366666666665,0.34894483333333337,0.1986635000000001,1.0,1,3,WARNING,"Review revenue_per_session drivers for channel = Email; check recent releases, tracking changes, campaign mix, and operational issues."
2026-03-23,revenue_per_session,residual_anomaly,device_type,Mobile,0.303436,0.37429298214285717,0.14171396428571434,0.713336693885461,1,2,WARNING,"Review revenue_per_session drivers for device_type = Mobile; check recent releases, tracking changes, campaign mix, and operational issues."
2026-03-23,revenue_per_session,residual_anomaly,device_type,Desktop,0.241299,0.2982485357142858,0.056949535714285765,0.2866633061145391,2,1,WARNING,"Review revenue_per_session drivers for device_type = Desktop; check recent releases, tracking changes, campaign mix, and operational issues."
2026-03-23,revenue_per_session,residual_anomaly,full_segment,APAC + Mobile + Chrome + Email + Enterprise,0.402219,0.4826047857142857,0.08038578571428573,0.40463288784444895,1,1,WARNING,"Review revenue_per_session drivers for full_segment = APAC + Mobile + Chrome + Email + Enterprise; check recent releases, tracking changes, campaign mix, and operational issues."
2026-03-23,revenue_per_session,residual_anomaly,full_segment,APAC + Mobile + Safari + Email + Mid-Market,0.204653,0.2659811785714286,0.06132817857142861,0.30870380604101194,2,1,WARNING,"Review revenue_per_session drivers for full_segment = APAC + Mobile + Safari + Email + Mid-Market; check recent releases, tracking changes, campaign mix, and operational issues."
2026-03-23,revenue_per_session,residual_anomaly,full_segment,North America + Desktop + Firefox + Email + SMB,0.241299,0.2982485357142858,0.056949535714285765,0.2866633061145391,3,1,WARNING,"Review revenue_per_session drivers for full_segment = North America + Desktop + Firefox + Email + SMB; check recent releases, tracking changes, campaign mix, and operational issues."
2026-03-23,revenue_per_session,residual_anomaly,region,APAC,0.303436,0.37429298214285717,0.14171396428571434,0.713336693885461,1,2,WARNING,"Review revenue_per_session drivers for region = APAC; check recent releases, tracking changes, campaign mix, and operational issues."
2026-03-23,revenue_per_session,residual_anomaly,region,North America,0.241299,0.2982485357142858,0.056949535714285765,0.2866633061145391,2,1,WARNING,"Review revenue_per_session drivers for region = North America; check recent releases, tracking changes, campaign mix, and operational issues."
2026-03-23,revenue_per_session,residual_anomaly,region_device_browser,APAC + Mobile + Chrome,0.402219,0.4826047857142857,0.08038578571428573,0.40463288784444895,1,1,WARNING,"Review revenue_per_session drivers for region_device_browser = APAC + Mobile + Chrome; check recent releases, tracking changes, campaign mix, and operational issues."
2026-03-23,revenue_per_session,residual_anomaly,region_device_browser,APAC + Mobile + Safari,0.204653,0.2659811785714286,0.06132817857142861,0.30870380604101194,2,1,WARNING,"Review revenue_per_session drivers for region_device_browser = APAC + Mobile + Safari; check recent releases, tracking changes, campaign mix, and operational issues."
2026-03-23,revenue_per_session,residual_anomaly,region_device_browser,North America + Desktop + Firefox,0.241299,0.2982485357142858,0.056949535714285765,0.2866633061145391,3,1,WARNING,"Review revenue_per_session drivers for region_device_browser = North America + Desktop + Firefox; check recent releases, tracking changes, campaign mix, and operational issues."
2026-03-24,conversion_rate,residual_anomaly,browser,Safari,0.068182,0.08602096428571428,0.01783896428571427,1.0,1,1,WARNING,"Review conversion_rate drivers for browser = Safari; check recent releases, tracking changes, campaign mix, and operational issues."
2026-03-24,conversion_rate,residual_anomaly,business_segment,SMB,0.068182,0.08602096428571428,0.01783896428571427,1.0,1,1,WARNING,"Review conversion_rate drivers for business_segment = SMB; check recent releases, tracking changes, campaign mix, and operational issues."
2026-03-24,conversion_rate,residual_anomaly,channel,Email,0.068182,0.08602096428571428,0.01783896428571427,1.0,1,1,WARNING,"Review conversion_rate drivers for channel = Email; check recent releases, tracking changes, campaign mix, and operational issues."
2026-03-24,conversion_rate,residual_anomaly,device_type,Desktop,0.068182,0.08602096428571428,0.01783896428571427,1.0,1,1,WARNING,"Review conversion_rate drivers for device_type = Desktop; check recent releases, tracking changes, campaign mix, and operational issues."
2026-03-24,conversion_rate,residual_anomaly,full_segment,EMEA + Desktop + Safari + Email + SMB,0.068182,0.08602096428571428,0.01783896428571427,1.0,1,1,WARNING,"Review conversion_rate drivers for full_segment = EMEA + Desktop + Safari + Email + SMB; check recent releases, tracking changes, campaign mix, and operational issues."
2026-03-24,conversion_rate,residual_anomaly,region,EMEA,0.068182,0.08602096428571428,0.01783896428571427,1.0,1,1,WARNING,"Review conversion_rate drivers for region = EMEA; check recent releases, tracking changes, campaign mix, and operational issues."
2026-03-24,conversion_rate,residual_anomaly,region_device_browser,EMEA + Desktop + Safari,0.068182,0.08602096428571428,0.01783896428571427,1.0,1,1,WARNING,"Review conversion_rate drivers for region_device_browser = EMEA + Desktop + Safari; check recent releases, tracking changes, campaign mix, and operational issues."
2026-03-24,revenue_per_session,residual_anomaly,browser,Firefox,0.480185,0.5909873928571429,0.2216047857142857,1.0,1,2,WARNING,"Review revenue_per_session drivers for browser = Firefox; check recent releases, tracking changes, campaign mix, and operational issues."
2026-03-24,revenue_per_session,residual_anomaly,business_segment,Enterprise,0.546504,0.6891509285714286,0.14264692857142858,0.6436996751295018,1,1,WARNING,"Review revenue_per_session drivers for business_segment = Enterprise; check recent releases, tracking changes, campaign mix, and operational issues."
2026-03-24,revenue_per_session,residual_anomaly,business_segment,Mid-Market,0.413866,0.49282385714285715,0.07895785714285714,0.3563003248704982,2,1,WARNING,"Review revenue_per_session drivers for business_segment = Mid-Market; check recent releases, tracking changes, campaign mix, and operational issues."
2026-03-24,revenue_per_session,residual_anomaly,channel,Organic,0.546504,0.6891509285714286,0.14264692857142858,0.6436996751295018,1,1,WARNING,"Review revenue_per_session drivers for channel = Organic; check recent releases, tracking changes, campaign mix, and operational issues."
2026-03-24,revenue_per_session,residual_anomaly,channel,Paid Search,0.413866,0.49282385714285715,0.07895785714285714,0.3563003248704982,2,1,WARNING,"Review revenue_per_session drivers for channel = Paid Search; check recent releases, tracking changes, campaign mix, and operational issues."
2026-03-24,revenue_per_session,residual_anomaly,device_type,Desktop,0.546504,0.6891509285714286,0.14264692857142858,0.6436996751295018,1,1,WARNING,"Review revenue_per_session drivers for device_type = Desktop; check recent releases, tracking changes, campaign mix, and operational issues."
2026-03-24,revenue_per_session,residual_anomaly,device_type,Mobile,0.413866,0.49282385714285715,0.07895785714285714,0.3563003248704982,2,1,WARNING,"Review revenue_per_session drivers for device_type = Mobile; check recent releases, tracking changes, campaign mix, and operational issues."
2026-03-24,revenue_per_session,residual_anomaly,full_segment,North America + Desktop + Firefox + Organic + Enterprise,0.546504,0.6891509285714286,0.14264692857142858,0.6436996751295018,1,1,WARNING,"Review revenue_per_session drivers for full_segment = North America + Desktop + Firefox + Organic + Enterprise; check recent releases, tracking changes, campaign mix, and operational issues."
2026-03-24,revenue_per_session,residual_anomaly,full_segment,North America + Mobile + Firefox + Paid Search + Mid-Market,0.413866,0.49282385714285715,0.07895785714285714,0.3563003248704982,2,1,WARNING,"Review revenue_per_session drivers for full_segment = North America + Mobile + Firefox + Paid Search + Mid-Market; check recent releases, tracking changes, campaign mix, and operational issues."
2026-03-24,revenue_per_session,residual_anomaly,region,North America,0.480185,0.5909873928571429,0.2216047857142857,1.0,1,2,WARNING,"Review revenue_per_session drivers for region = North America; check recent releases, tracking changes, campaign mix, and operational issues."
2026-03-24,revenue_per_session,residual_anomaly,region_device_browser,North America + Desktop + Firefox,0.546504,0.6891509285714286,0.14264692857142858,0.6436996751295018,1,1,WARNING,"Review revenue_per_session drivers for region_device_browser = North America + Desktop + Firefox; check recent releases, tracking changes, campaign mix, and operational issues."
2026-03-24,revenue_per_session,residual_anomaly,region_device_browser,North America + Mobile + Firefox,0.413866,0.49282385714285715,0.07895785714285714,0.3563003248704982,2,1,WARNING,"Review revenue_per_session drivers for region_device_browser = North America + Mobile + Firefox; check recent releases, tracking changes, campaign mix, and operational issues."
2026-03-25,revenue_per_session,residual_anomaly,browser,Chrome,0.33898,0.4412847678571428,0.20460953571428564,0.7808046950767765,1,2,WARNING,"Review revenue_per_session drivers for browser = Chrome; check recent releases, tracking changes, campaign mix, and operational issues."
2026-03-25,revenue_per_session,residual_anomaly,browser,Firefox,0.178311,0.23575103571428574,0.05744003571428574,0.2191953049232235,2,1,WARNING,"Review revenue_per_session drivers for browser = Firefox; check recent releases, tracking changes, campaign mix, and operational issues."
2026-03-25,revenue_per_session,residual_anomaly,business_segment,Enterprise,0.364653,0.4746033214285714,0.10995032142857142,0.4195783295090842,1,1,WARNING,"Review revenue_per_session drivers for business_segment = Enterprise; check recent releases, tracking changes, campaign mix, and operational issues."
2026-03-25,revenue_per_session,residual_anomaly,business_segment,Mid-Market,0.313307,0.4079662142857142,0.09465921428571422,0.3612263655676923,2,1,WARNING,"Review revenue_per_session drivers for business_segment = Mid-Market; check recent releases, tracking changes, campaign mix, and operational issues."
2026-03-25,revenue_per_session,residual_anomaly,business_segment,SMB,0.178311,0.23575103571428574,0.05744003571428574,0.2191953049232235,3,1,WARNING,"Review revenue_per_session drivers for business_segment = SMB; check recent releases, tracking changes, campaign mix, and operational issues."
2026-03-25,revenue_per_session,residual_anomaly,channel,Email,0.2854236666666667,0.3727735238095238,0.2620495714285714,1.0,1,3,WARNING,"Review revenue_per_session drivers for channel = Email; check recent releases, tracking changes, campaign mix, and operational issues."
2026-03-25,revenue_per_session,residual_anomaly,device_type,Desktop,0.245809,0.32185862499999995,0.15209924999999996,0.5804216704909158,1,2,WARNING,"Review revenue_per_session drivers for device_type = Desktop; check recent releases, tracking changes, campaign mix, and operational issues."
2026-03-25,revenue_per_session,residual_anomaly,device_type,Mobile,0.364653,0.4746033214285714,0.10995032142857142,0.4195783295090842,2,1,WARNING,"Review revenue_per_session drivers for device_type = Mobile; check recent releases, tracking changes, campaign mix, and operational issues."
2026-03-25,revenue_per_session,residual_anomaly,full_segment,APAC + Mobile + Chrome + Email + Enterprise,0.364653,0.4746033214285714,0.10995032142857142,0.4195783295090842,1,1,WARNING,"Review revenue_per_session drivers for full_segment = APAC + Mobile + Chrome + Email + Enterprise; check recent releases, tracking changes, campaign mix, and operational issues."
2026-03-25,revenue_per_session,residual_anomaly,full_segment,North America + Desktop + Chrome + Email + Mid-Market,0.313307,0.4079662142857142,0.09465921428571422,0.3612263655676923,2,1,WARNING,"Review revenue_per_session drivers for full_segment = North America + Desktop + Chrome + Email + Mid-Market; check recent releases, tracking changes, campaign mix, and operational issues."
2026-03-25,revenue_per_session,residual_anomaly,full_segment,APAC + Desktop + Firefox + Email + SMB,0.178311,0.23575103571428574,0.05744003571428574,0.2191953049232235,3,1,WARNING,"Review revenue_per_session drivers for full_segment = APAC + Desktop + Firefox + Email + SMB; check recent releases, tracking changes, campaign mix, and operational issues."
2026-03-25,revenue_per_session,residual_anomaly,region,APAC,0.271482,0.3551771785714286,0.16739035714285716,0.6387736344323077,1,2,WARNING,"Review revenue_per_session drivers for region = APAC; check recent releases, tracking changes, campaign mix, and operational issues."
2026-03-25,revenue_per_session,residual_anomaly,region,North America,0.313307,0.4079662142857142,0.09465921428571422,0.3612263655676923,2,1,WARNING,"Review revenue_per_session drivers for region = North America; check recent releases, tracking changes, campaign mix, and operational issues."
2026-03-25,revenue_per_session,residual_anomaly,region_device_browser,APAC + Mobile + Chrome,0.364653,0.4746033214285714,0.10995032142857142,0.4195783295090842,1,1,WARNING,"Review revenue_per_session drivers for region_device_browser = APAC + Mobile + Chrome; check recent releases, tracking changes, campaign mix, and operational issues."
2026-03-25,revenue_per_session,residual_anomaly,region_device_browser,North America + Desktop + Chrome,0.313307,0.4079662142857142,0.09465921428571422,0.3612263655676923,2,1,WARNING,"Review revenue_per_session drivers for region_device_browser = North America + Desktop + Chrome; check recent releases, tracking changes, campaign mix, and operational issues."
2026-03-25,revenue_per_session,residual_anomaly,region_device_browser,APAC + Desktop + Firefox,0.178311,0.23575103571428574,0.05744003571428574,0.2191953049232235,3,1,WARNING,"Review revenue_per_session drivers for region_device_browser = APAC + Desktop + Firefox; check recent releases, tracking changes, campaign mix, and operational issues."
2026-03-26,conversion_rate,residual_anomaly,browser,Safari,0.055556,0.07805603571428572,0.022500035714285722,1.0,1,1,WARNING,"Review conversion_rate drivers for browser = Safari; check recent releases, tracking changes, campaign mix, and operational issues."
2026-03-26,conversion_rate,residual_anomaly,business_segment,SMB,0.055556,0.07805603571428572,0.022500035714285722,1.0,1,1,WARNING,"Review conversion_rate drivers for business_segment = SMB; check recent releases, tracking changes, campaign mix, and operational issues."
2026-03-26,conversion_rate,residual_anomaly,channel,Email,0.055556,0.07805603571428572,0.022500035714285722,1.0,1,1,WARNING,"Review conversion_rate drivers for channel = Email; check recent releases, tracking changes, campaign mix, and operational issues."
2026-03-26,conversion_rate,residual_anomaly,device_type,Mobile,0.055556,0.07805603571428572,0.022500035714285722,1.0,1,1,WARNING,"Review conversion_rate drivers for device_type = Mobile; check recent releases, tracking changes, campaign mix, and operational issues."
2026-03-26,conversion_rate,residual_anomaly,full_segment,APAC + Mobile + Safari + Email + SMB,0.055556,0.07805603571428572,0.022500035714285722,1.0,1,1,WARNING,"Review conversion_rate drivers for full_segment = APAC + Mobile + Safari + Email + SMB; check recent releases, tracking changes, campaign mix, and operational issues."
2026-03-26,conversion_rate,residual_anomaly,region,APAC,0.055556,0.07805603571428572,0.022500035714285722,1.0,1,1,WARNING,"Review conversion_rate drivers for region = APAC; check recent releases, tracking changes, campaign mix, and operational issues."
2026-03-26,conversion_rate,residual_anomaly,region_device_browser,APAC + Mobile + Safari,0.055556,0.07805603571428572,0.022500035714285722,1.0,1,1,WARNING,"Review conversion_rate drivers for region_device_browser = APAC + Mobile + Safari; check recent releases, tracking changes, campaign mix, and operational issues."
2026-03-26,revenue_per_session,residual_anomaly,browser,Firefox,0.24180274999999998,0.31481174107142856,0.29203596428571427,0.57009932352966,1,4,WARNING,"Review revenue_per_session drivers for browser = Firefox; check recent releases, tracking changes, campaign mix, and operational issues."
2026-03-26,revenue_per_session,residual_anomaly,browser,Chrome,0.20627066666666663,0.2796768571428571,0.2202185714285714,0.4299006764703402,2,3,WARNING,"Review revenue_per_session drivers for browser = Chrome; check recent releases, tracking changes, campaign mix, and operational issues."
2026-03-26,revenue_per_session,residual_anomaly,business_segment,SMB,0.1983292,0.26850003571428566,0.35085417857142853,0.6849215655693491,1,5,WARNING,"Review revenue_per_session drivers for business_segment = SMB; check recent releases, tracking changes, campaign mix, and operational issues."
2026-03-26,revenue_per_session,residual_anomaly,business_segment,Enterprise,0.372821,0.4627111071428572,0.08989010714285717,0.17547937768382035,2,1,WARNING,"Review revenue_per_session drivers for business_segment = Enterprise; check recent releases, tracking changes, campaign mix, and operational issues."
2026-03-26,revenue_per_session,residual_anomaly,business_segment,Mid-Market,0.221556,0.29306625,0.07151024999999997,0.1395990567468307,3,1,WARNING,"Review revenue_per_session drivers for business_segment = Mid-Market; check recent releases, tracking changes, campaign mix, and operational issues."
2026-03-26,revenue_per_session,residual_anomaly,channel,Email,0.22957799999999998,0.30508003571428566,0.37751017857142855,0.7369581960753747,1,5,WARNING,"Review revenue_per_session drivers for channel = Email; check recent releases, tracking changes, campaign mix, and operational issues."
2026-03-26,revenue_per_session,residual_anomaly,channel,Organic,0.2190665,0.2864386785714286,0.1347443571428571,0.26304180392462534,2,2,WARNING,"Review revenue_per_session drivers for channel = Organic; check recent releases, tracking changes, campaign mix, and operational issues."
2026-03-26,revenue_per_session,residual_anomaly,device_type,Mobile,0.2438124,0.3216492,0.389184,0.7597472991768115,1,5,WARNING,"Review revenue_per_session drivers for device_type = Mobile; check recent releases, tracking changes, campaign mix, and operational issues."
2026-03-26,revenue_per_session,residual_anomaly,device_type,Desktop,0.1834805,0.24501576785714285,0.12307053571428567,0.24025270082318867,2,2,WARNING,"Review revenue_per_session drivers for device_type = Desktop; check recent releases, tracking changes, campaign mix, and operational issues."
2026-03-26,revenue_per_session,residual_anomaly,full_segment,North America + Mobile + Chrome + Email + SMB,0.186552,0.27959128571428576,0.09303928571428577,0.1816270608215351,1,1,WARNING,"Review revenue_per_session drivers for full_segment = North America + Mobile + Chrome + Email + SMB; check recent releases, tracking changes, campaign mix, and operational issues."
2026-03-26,revenue_per_session,residual_anomaly,full_segment,APAC + Mobile + Firefox + Email + Enterprise,0.372821,0.4627111071428572,0.08989010714285717,0.17547937768382035,2,1,WARNING,"Review revenue_per_session drivers for full_segment = APAC + Mobile + Firefox + Email + Enterprise; check recent releases, tracking changes, campaign mix, and operational issues."
2026-03-26,revenue_per_session,residual_anomaly,full_segment,APAC + Mobile + Firefox + Organic + SMB,0.194353,0.26823364285714285,0.07388064285714285,0.1442264298433668,3,1,WARNING,"Review revenue_per_session drivers for full_segment = APAC + Mobile + Firefox + Organic + SMB; check recent releases, tracking changes, campaign mix, and operational issues."
2026-03-26,revenue_per_session,residual_anomaly,full_segment,APAC + Mobile + Firefox + Email + Mid-Market,0.221556,0.29306625,0.07151024999999997,0.1395990567468307,4,1,WARNING,"Review revenue_per_session drivers for full_segment = APAC + Mobile + Firefox + Email + Mid-Market; check recent releases, tracking changes, campaign mix, and operational issues."
2026-03-26,revenue_per_session,residual_anomaly,full_segment,APAC + Desktop + Chrome + Email + SMB,0.18848,0.2547955714285714,0.06631557142857139,0.12945824156754657,5,1,WARNING,"Review revenue_per_session drivers for full_segment = APAC + Desktop + Chrome + Email + SMB; check recent releases, tracking changes, campaign mix, and operational issues."
2026-03-26,revenue_per_session,residual_anomaly,full_segment,EMEA + Mobile + Chrome + Organic + SMB,0.24378,0.30464371428571424,0.06086371428571424,0.11881537408125852,6,1,WARNING,"Review revenue_per_session drivers for full_segment = EMEA + Mobile + Chrome + Organic + SMB; check recent releases, tracking changes, campaign mix, and operational issues."
2026-03-26,revenue_per_session,residual_anomaly,full_segment,APAC + Desktop + Firefox + Email + SMB,0.178481,0.23523596428571428,0.05675496428571428,0.1107944592556421,7,1,WARNING,"Review revenue_per_session drivers for full_segment = APAC + Desktop + Firefox + Email + SMB; check recent releases, tracking changes, campaign mix, and operational issues."
2026-03-26,revenue_per_session,residual_anomaly,region,APAC,0.23113820000000002,0.3028085071428571,0.35835153571428563,0.6995575650972065,1,5,WARNING,"Review revenue_per_session drivers for region = APAC; check recent releases, tracking changes, campaign mix, and operational issues."
2026-03-26,revenue_per_session,residual_anomaly,region,North America,0.186552,0.27959128571428576,0.09303928571428577,0.1816270608215351,2,1,WARNING,"Review revenue_per_session drivers for region = North America; check recent releases, tracking changes, campaign mix, and operational issues."
2026-03-26,revenue_per_session,residual_anomaly,region,EMEA,0.24378,0.30464371428571424,0.06086371428571424,0.11881537408125852,3,1,WARNING,"Review revenue_per_session drivers for region = EMEA; check recent releases, tracking changes, campaign mix, and operational issues."
2026-03-26,revenue_per_session,residual_anomaly,region_device_browser,APAC + Mobile + Firefox,0.26291000000000003,0.341337,0.235281,0.4593048642740179,1,3,WARNING,"Review revenue_per_session drivers for region_device_browser = APAC + Mobile + Firefox; check recent releases, tracking changes, campaign mix, and operational issues."
2026-03-26,revenue_per_session,residual_anomaly,region_device_browser,North America + Mobile + Chrome,0.186552,0.27959128571428576,0.09303928571428577,0.1816270608215351,2,1,WARNING,"Review revenue_per_session drivers for region_device_browser = North America + Mobile + Chrome; check recent releases, tracking changes, campaign mix, and operational issues."
2026-03-26,revenue_per_session,residual_anomaly,region_device_browser,APAC + Desktop + Chrome,0.18848,0.2547955714285714,0.06631557142857139,0.12945824156754657,3,1,WARNING,"Review revenue_per_session drivers for region_device_browser = APAC + Desktop + Chrome; check recent releases, tracking changes, campaign mix, and operational issues."
2026-03-26,revenue_per_session,residual_anomaly,region_device_browser,EMEA + Mobile + Chrome,0.24378,0.30464371428571424,0.06086371428571424,0.11881537408125852,4,1,WARNING,"Review revenue_per_session drivers for region_device_browser = EMEA + Mobile + Chrome; check recent releases, tracking changes, campaign mix, and operational issues."
2026-03-26,revenue_per_session,residual_anomaly,region_device_browser,APAC + Desktop + Firefox,0.178481,0.23523596428571428,0.05675496428571428,0.1107944592556421,5,1,WARNING,"Review revenue_per_session drivers for region_device_browser = APAC + Desktop + Firefox; check recent releases, tracking changes, campaign mix, and operational issues."
2026-03-27,revenue_per_session,residual_anomaly,browser,Firefox,0.29580100000000004,0.38442122142857144,0.44310110714285705,0.6123544879428636,1,5,WARNING,"Review revenue_per_session drivers for browser = Firefox; check recent releases, tracking changes, campaign mix, and operational issues."
2026-03-27,revenue_per_session,residual_anomaly,browser,Safari,0.199076,0.29257639285714293,0.28050117857142864,0.3876455120571365,2,3,WARNING,"Review revenue_per_session drivers for browser = Safari; check recent releases, tracking changes, campaign mix, and operational issues."
2026-03-27,revenue_per_session,residual_anomaly,business_segment,SMB,0.22849100000000003,0.30787974107142857,0.3175549642857143,0.4388529038050895,1,4,WARNING,"Review revenue_per_session drivers for business_segment = SMB; check recent releases, tracking changes, campaign mix, and operational issues."
2026-03-27,revenue_per_session,residual_anomaly,business_segment,Mid-Market,0.2122206666666667,0.29960575,0.26215525,0.3622919042346862,2,3,WARNING,"Review revenue_per_session drivers for business_segment = Mid-Market; check recent releases, tracking changes, campaign mix, and operational issues."
2026-03-27,revenue_per_session,residual_anomaly,business_segment,Enterprise,0.525607,0.6694990714285715,0.1438920714285714,0.1988551919602244,3,1,WARNING,"Review revenue_per_session drivers for business_segment = Enterprise; check recent releases, tracking changes, campaign mix, and operational issues."
2026-03-27,revenue_per_session,residual_anomaly,channel,Email,0.2122206666666667,0.29960575,0.26215525,0.3622919042346862,1,3,WARNING,"Review revenue_per_session drivers for channel = Email; check recent releases, tracking changes, campaign mix, and operational issues."
2026-03-27,revenue_per_session,residual_anomaly,channel,Organic,0.19548600000000002,0.28255175000000005,0.26119725,0.360967972540559,2,3,WARNING,"Review revenue_per_session drivers for channel = Organic; check recent releases, tracking changes, campaign mix, and operational issues."
2026-03-27,revenue_per_session,residual_anomaly,channel,Paid Search,0.4265565,0.5266813928571429,0.2002497857142857,0.2767401232247549,3,2,WARNING,"Review revenue_per_session drivers for channel = Paid Search; check recent releases, tracking changes, campaign mix, and operational issues."
2026-03-27,revenue_per_session,residual_anomaly,device_type,Mobile,0.2608172,0.3568964785714286,0.48039639285714286,0.6638956265636057,1,5,WARNING,"Review revenue_per_session drivers for device_type = Mobile; check recent releases, tracking changes, campaign mix, and operational issues."
2026-03-27,revenue_per_session,residual_anomaly,device_type,Desktop,0.2573823333333333,0.3384509642857143,0.24320589285714286,0.3361043734363945,2,3,WARNING,"Review revenue_per_session drivers for device_type = Desktop; check recent releases, tracking changes, campaign mix, and operational issues."
2026-03-27,revenue_per_session,residual_anomaly,full_segment,APAC + Mobile + Firefox + Paid Search + Enterprise,0.525607,0.6694990714285715,0.1438920714285714,0.1988551919602244,1,1,WARNING,"Review revenue_per_session drivers for full_segment = APAC + Mobile + Firefox + Paid Search + Enterprise; check recent releases, tracking changes, campaign mix, and operational issues."
2026-03-27,revenue_per_session,residual_anomaly,full_segment,APAC + Desktop + Safari + Email + Mid-Market,0.216273,0.317406,0.10113300000000003,0.13976324010664112,2,1,WARNING,"Review revenue_per_session drivers for full_segment = APAC + Desktop + Safari + Email + Mid-Market; check recent releases, tracking changes, campaign mix, and operational issues."
2026-03-27,revenue_per_session,residual_anomaly,full_segment,EMEA + Mobile + Safari + Organic + SMB,0.173239,0.2686824285714286,0.0954434285714286,0.1319003967451734,3,1,WARNING,"Review revenue_per_session drivers for full_segment = EMEA + Mobile + Safari + Organic + SMB; check recent releases, tracking changes, campaign mix, and operational issues."
2026-03-27,revenue_per_session,residual_anomaly,full_segment,APAC + Desktop + Firefox + Organic + SMB,0.228368,0.31408317857142853,0.08571517857142855,0.11845620206522287,4,1,WARNING,"Review revenue_per_session drivers for full_segment = APAC + Desktop + Firefox + Organic + SMB; check recent releases, tracking changes, campaign mix, and operational issues."
2026-03-27,revenue_per_session,residual_anomaly,full_segment,EMEA + Mobile + Safari + Email + Mid-Market,0.207716,0.29164075,0.08392474999999999,0.11598187520532195,5,1,WARNING,"Review revenue_per_session drivers for full_segment = EMEA + Mobile + Safari + Email + Mid-Market; check recent releases, tracking changes, campaign mix, and operational issues."
2026-03-27,revenue_per_session,residual_anomaly,full_segment,APAC + Mobile + Firefox + Organic + SMB,0.184851,0.26488964285714284,0.08003864285714285,0.11061137373016275,6,1,WARNING,"Review revenue_per_session drivers for full_segment = APAC + Mobile + Firefox + Organic + SMB; check recent releases, tracking changes, campaign mix, and operational issues."
2026-03-27,revenue_per_session,residual_anomaly,full_segment,APAC + Mobile + Firefox + Email + Mid-Market,0.212673,0.2897705,0.07709749999999999,0.10654678892272312,7,1,WARNING,"Review revenue_per_session drivers for full_segment = APAC + Mobile + Firefox + Email + Mid-Market; check recent releases, tracking changes, campaign mix, and operational issues."
2026-03-27,revenue_per_session,residual_anomaly,full_segment,EMEA + Desktop + Firefox + Paid Search + SMB,0.327506,0.3838637142857143,0.05635771428571429,0.07788493126453049,8,1,WARNING,"Review revenue_per_session drivers for full_segment = EMEA + Desktop + Firefox + Paid Search + SMB; check recent releases, tracking changes, campaign mix, and operational issues."
2026-03-27,revenue_per_session,residual_anomaly,region,APAC,0.2735544,0.37112967857142853,0.48787639285714285,0.6742327967849743,1,5,WARNING,"Review revenue_per_session drivers for region = APAC; check recent releases, tracking changes, campaign mix, and operational issues."
2026-03-27,revenue_per_session,residual_anomaly,region,EMEA,0.2361536666666667,0.3147289642857143,0.23572589285714288,0.32576720321502584,2,3,WARNING,"Review revenue_per_session drivers for region = EMEA; check recent releases, tracking changes, campaign mix, and operational issues."
2026-03-27,revenue_per_session,residual_anomaly,region_device_browser,APAC + Mobile + Firefox,0.30771033333333336,0.40805307142857145,0.30102821428571425,0.4160133546131103,1,3,WARNING,"Review revenue_per_session drivers for region_device_browser = APAC + Mobile + Firefox; check recent releases, tracking changes, campaign mix, and operational issues."
2026-03-27,revenue_per_session,residual_anomaly,region_device_browser,EMEA + Mobile + Safari,0.19047750000000002,0.28016158928571433,0.1793681785714286,0.24788227195049534,2,2,WARNING,"Review revenue_per_session drivers for region_device_browser = EMEA + Mobile + Safari; check recent releases, tracking changes, campaign mix, and operational issues."
2026-03-27,revenue_per_session,residual_anomaly,region_device_browser,APAC + Desktop + Safari,0.216273,0.317406,0.10113300000000003,0.13976324010664112,3,1,WARNING,"Review revenue_per_session drivers for region_device_browser = APAC + Desktop + Safari; check recent releases, tracking changes, campaign mix, and operational issues."
2026-03-27,revenue_per_session,residual_anomaly,region_device_browser,APAC + Desktop + Firefox,0.228368,0.31408317857142853,0.08571517857142855,0.11845620206522287,4,1,WARNING,"Review revenue_per_session drivers for region_device_browser = APAC + Desktop + Firefox; check recent releases, tracking changes, campaign mix, and operational issues."
2026-03-27,revenue_per_session,residual_anomaly,region_device_browser,EMEA + Desktop + Firefox,0.327506,0.3838637142857143,0.05635771428571429,0.07788493126453049,5,1,WARNING,"Review revenue_per_session drivers for region_device_browser = EMEA + Desktop + Firefox; check recent releases, tracking changes, campaign mix, and operational issues."
2026-03-28,revenue_per_session,residual_anomaly,browser,Safari,0.189328,0.26438778571428573,0.07505978571428573,0.5168895637532889,1,1,WARNING,"Review revenue_per_session drivers for browser = Safari; check recent releases, tracking changes, campaign mix, and operational issues."
2026-03-28,revenue_per_session,residual_anomaly,browser,Chrome,0.343562,0.41371657142857143,0.07015457142857146,0.4831104362467112,2,1,WARNING,"Review revenue_per_session drivers for browser = Chrome; check recent releases, tracking changes, campaign mix, and operational issues."
2026-03-28,revenue_per_session,residual_anomaly,business_segment,SMB,0.266445,0.33905217857142855,0.1452143571428572,1.0,1,2,WARNING,"Review revenue_per_session drivers for business_segment = SMB; check recent releases, tracking changes, campaign mix, and operational issues."
2026-03-28,revenue_per_session,residual_anomaly,channel,Organic,0.189328,0.26438778571428573,0.07505978571428573,0.5168895637532889,1,1,WARNING,"Review revenue_per_session drivers for channel = Organic; check recent releases, tracking changes, campaign mix, and operational issues."
2026-03-28,revenue_per_session,residual_anomaly,channel,Paid Search,0.343562,0.41371657142857143,0.07015457142857146,0.4831104362467112,2,1,WARNING,"Review revenue_per_session drivers for channel = Paid Search; check recent releases, tracking changes, campaign mix, and operational issues."
2026-03-28,revenue_per_session,residual_anomaly,device_type,Mobile,0.266445,0.33905217857142855,0.1452143571428572,1.0,1,2,WARNING,"Review revenue_per_session drivers for device_type = Mobile; check recent releases, tracking changes, campaign mix, and operational issues."
2026-03-28,revenue_per_session,residual_anomaly,full_segment,EMEA + Mobile + Safari + Organic + SMB,0.189328,0.26438778571428573,0.07505978571428573,0.5168895637532889,1,1,WARNING,"Review revenue_per_session drivers for full_segment = EMEA + Mobile + Safari + Organic + SMB; check recent releases, tracking changes, campaign mix, and operational issues."
2026-03-28,revenue_per_session,residual_anomaly,full_segment,North America + Mobile + Chrome + Paid Search + SMB,0.343562,0.41371657142857143,0.07015457142857146,0.4831104362467112,2,1,WARNING,"Review revenue_per_session drivers for full_segment = North America + Mobile + Chrome + Paid Search + SMB; check recent releases, tracking changes, campaign mix, and operational issues."
2026-03-28,revenue_per_session,residual_anomaly,region,EMEA,0.189328,0.26438778571428573,0.07505978571428573,0.5168895637532889,1,1,WARNING,"Review revenue_per_session drivers for region = EMEA; check recent releases, tracking changes, campaign mix, and operational issues."
2026-03-28,revenue_per_session,residual_anomaly,region,North America,0.343562,0.41371657142857143,0.07015457142857146,0.4831104362467112,2,1,WARNING,"Review revenue_per_session drivers for region = North America; check recent releases, tracking changes, campaign mix, and operational issues."
2026-03-28,revenue_per_session,residual_anomaly,region_device_browser,EMEA + Mobile + Safari,0.189328,0.26438778571428573,0.07505978571428573,0.5168895637532889,1,1,WARNING,"Review revenue_per_session drivers for region_device_browser = EMEA + Mobile + Safari; check recent releases, tracking changes, campaign mix, and operational issues."
2026-03-28,revenue_per_session,residual_anomaly,region_device_browser,North America + Mobile + Chrome,0.343562,0.41371657142857143,0.07015457142857146,0.4831104362467112,2,1,WARNING,"Review revenue_per_session drivers for region_device_browser = North America + Mobile + Chrome; check recent releases, tracking changes, campaign mix, and operational issues."
2026-03-30,revenue_per_session,residual_anomaly,browser,Firefox,0.402511,0.4895946428571428,0.08708364285714282,1.0,1,1,WARNING,"Review revenue_per_session drivers for browser = Firefox; check recent releases, tracking changes, campaign mix, and operational issues."
2026-03-30,revenue_per_session,residual_anomaly,business_segment,Enterprise,0.402511,0.4895946428571428,0.08708364285714282,1.0,1,1,WARNING,"Review revenue_per_session drivers for business_segment = Enterprise; check recent releases, tracking changes, campaign mix, and operational issues."
2026-03-30,revenue_per_session,residual_anomaly,channel,Email,0.402511,0.4895946428571428,0.08708364285714282,1.0,1,1,WARNING,"Review revenue_per_session drivers for channel = Email; check recent releases, tracking changes, campaign mix, and operational issues."
2026-03-30,revenue_per_session,residual_anomaly,device_type,Mobile,0.402511,0.4895946428571428,0.08708364285714282,1.0,1,1,WARNING,"Review revenue_per_session drivers for device_type = Mobile; check recent releases, tracking changes, campaign mix, and operational issues."
2026-03-30,revenue_per_session,residual_anomaly,full_segment,EMEA + Mobile + Firefox + Email + Enterprise,0.402511,0.4895946428571428,0.08708364285714282,1.0,1,1,WARNING,"Review revenue_per_session drivers for full_segment = EMEA + Mobile + Firefox + Email + Enterprise; check recent releases, tracking changes, campaign mix, and operational issues."
2026-03-30,revenue_per_session,residual_anomaly,region,EMEA,0.402511,0.4895946428571428,0.08708364285714282,1.0,1,1,WARNING,"Review revenue_per_session drivers for region = EMEA; check recent releases, tracking changes, campaign mix, and operational issues."
2026-03-30,revenue_per_session,residual_anomaly,region_device_browser,EMEA + Mobile + Firefox,0.402511,0.4895946428571428,0.08708364285714282,1.0,1,1,WARNING,"Review revenue_per_session drivers for region_device_browser = EMEA + Mobile + Firefox; check recent releases, tracking changes, campaign mix, and operational issues."
2026-04-01,revenue_per_session,residual_anomaly,browser,Firefox,0.339493,0.4482275178571429,0.21746903571428572,0.7336882930293545,1,2,WARNING,"Review revenue_per_session drivers for browser = Firefox; check recent releases, tracking changes, campaign mix, and operational issues."
2026-04-01,revenue_per_session,residual_anomaly,browser,Safari,0.416573,0.49550917857142857,0.07893617857142854,0.26631170697064555,2,1,WARNING,"Review revenue_per_session drivers for browser = Safari; check recent releases, tracking changes, campaign mix, and operational issues."
2026-04-01,revenue_per_session,residual_anomaly,business_segment,Enterprise,0.39163749999999997,0.4924053035714286,0.20153560714285718,0.6799327320490074,1,2,WARNING,"Review revenue_per_session drivers for business_segment = Enterprise; check recent releases, tracking changes, campaign mix, and operational issues."
2026-04-01,revenue_per_session,residual_anomaly,business_segment,Mid-Market,0.312284,0.4071536071428571,0.09486960714285708,0.3200672679509926,2,1,WARNING,"Review revenue_per_session drivers for business_segment = Mid-Market; check recent releases, tracking changes, campaign mix, and operational issues."
2026-04-01,revenue_per_session,residual_anomaly,channel,Email,0.39163749999999997,0.4924053035714286,0.20153560714285718,0.6799327320490074,1,2,WARNING,"Review revenue_per_session drivers for channel = Email; check recent releases, tracking changes, campaign mix, and operational issues."
2026-04-01,revenue_per_session,residual_anomaly,channel,Organic,0.312284,0.4071536071428571,0.09486960714285708,0.3200672679509926,2,1,WARNING,"Review revenue_per_session drivers for channel = Organic; check recent releases, tracking changes, campaign mix, and operational issues."
2026-04-01,revenue_per_session,residual_anomaly,device_type,Desktop,0.36442850000000004,0.45133139285714285,0.17380578571428562,0.5863789749216382,1,2,WARNING,"Review revenue_per_session drivers for device_type = Desktop; check recent releases, tracking changes, campaign mix, and operational issues."
2026-04-01,revenue_per_session,residual_anomaly,device_type,Mobile,0.366702,0.4893014285714286,0.12259942857142864,0.41362102507836185,2,1,WARNING,"Review revenue_per_session drivers for device_type = Mobile; check recent releases, tracking changes, campaign mix, and operational issues."
2026-04-01,revenue_per_session,residual_anomaly,full_segment,EMEA + Mobile + Firefox + Email + Enterprise,0.366702,0.4893014285714286,0.12259942857142864,0.41362102507836185,1,1,WARNING,"Review revenue_per_session drivers for full_segment = EMEA + Mobile + Firefox + Email + Enterprise; check recent releases, tracking changes, campaign mix, and operational issues."
2026-04-01,revenue_per_session,residual_anomaly,full_segment,EMEA + Desktop + Firefox + Organic + Mid-Market,0.312284,0.4071536071428571,0.09486960714285708,0.3200672679509926,2,1,WARNING,"Review revenue_per_session drivers for full_segment = EMEA + Desktop + Firefox + Organic + Mid-Market; check recent releases, tracking changes, campaign mix, and operational issues."
2026-04-01,revenue_per_session,residual_anomaly,full_segment,EMEA + Desktop + Safari + Email + Enterprise,0.416573,0.49550917857142857,0.07893617857142854,0.26631170697064555,3,1,WARNING,"Review revenue_per_session drivers for full_segment = EMEA + Desktop + Safari + Email + Enterprise; check recent releases, tracking changes, campaign mix, and operational issues."
2026-04-01,revenue_per_session,residual_anomaly,region,EMEA,0.3651863333333334,0.4639880714285714,0.29640521428571426,1.0,1,3,WARNING,"Review revenue_per_session drivers for region = EMEA; check recent releases, tracking changes, campaign mix, and operational issues."
2026-04-01,revenue_per_session,residual_anomaly,region_device_browser,EMEA + Mobile + Firefox,0.366702,0.4893014285714286,0.12259942857142864,0.41362102507836185,1,1,WARNING,"Review revenue_per_session drivers for region_device_browser = EMEA + Mobile + Firefox; check recent releases, tracking changes, campaign mix, and operational issues."
2026-04-01,revenue_per_session,residual_anomaly,region_device_browser,EMEA + Desktop + Firefox,0.312284,0.4071536071428571,0.09486960714285708,0.3200672679509926,2,1,WARNING,"Review revenue_per_session drivers for region_device_browser = EMEA + Desktop + Firefox; check recent releases, tracking changes, campaign mix, and operational issues."
2026-04-01,revenue_per_session,residual_anomaly,region_device_browser,EMEA + Desktop + Safari,0.416573,0.49550917857142857,0.07893617857142854,0.26631170697064555,3,1,WARNING,"Review revenue_per_session drivers for region_device_browser = EMEA + Desktop + Safari; check recent releases, tracking changes, campaign mix, and operational issues."
2026-04-02,revenue_per_session,residual_anomaly,browser,Safari,0.2721155,0.35689089285714287,0.16955078571428572,1.0,1,2,WARNING,"Review revenue_per_session drivers for browser = Safari; check recent releases, tracking changes, campaign mix, and operational issues."
2026-04-02,revenue_per_session,residual_anomaly,business_segment,Mid-Market,0.363894,0.47584042857142855,0.11194642857142856,0.6602530805140135,1,1,WARNING,"Review revenue_per_session drivers for business_segment = Mid-Market; check recent releases, tracking changes, campaign mix, and operational issues."
2026-04-02,revenue_per_session,residual_anomaly,business_segment,SMB,0.180337,0.23794135714285716,0.057604357142857165,0.3397469194859864,2,1,WARNING,"Review revenue_per_session drivers for business_segment = SMB; check recent releases, tracking changes, campaign mix, and operational issues."
2026-04-02,revenue_per_session,residual_anomaly,channel,Paid Search,0.363894,0.47584042857142855,0.11194642857142856,0.6602530805140135,1,1,WARNING,"Review revenue_per_session drivers for channel = Paid Search; check recent releases, tracking changes, campaign mix, and operational issues."
2026-04-02,revenue_per_session,residual_anomaly,channel,Email,0.180337,0.23794135714285716,0.057604357142857165,0.3397469194859864,2,1,WARNING,"Review revenue_per_session drivers for channel = Email; check recent releases, tracking changes, campaign mix, and operational issues."
2026-04-02,revenue_per_session,residual_anomaly,device_type,Desktop,0.2721155,0.35689089285714287,0.16955078571428572,1.0,1,2,WARNING,"Review revenue_per_session drivers for device_type = Desktop; check recent releases, tracking changes, campaign mix, and operational issues."
2026-04-02,revenue_per_session,residual_anomaly,full_segment,APAC + Desktop + Safari + Paid Search + Mid-Market,0.363894,0.47584042857142855,0.11194642857142856,0.6602530805140135,1,1,WARNING,"Review revenue_per_session drivers for full_segment = APAC + Desktop + Safari + Paid Search + Mid-Market; check recent releases, tracking changes, campaign mix, and operational issues."
2026-04-02,revenue_per_session,residual_anomaly,full_segment,EMEA + Desktop + Safari + Email + SMB,0.180337,0.23794135714285716,0.057604357142857165,0.3397469194859864,2,1,WARNING,"Review revenue_per_session drivers for full_segment = EMEA + Desktop + Safari + Email + SMB; check recent releases, tracking changes, campaign mix, and operational issues."
2026-04-02,revenue_per_session,residual_anomaly,region,APAC,0.363894,0.47584042857142855,0.11194642857142856,0.6602530805140135,1,1,WARNING,"Review revenue_per_session drivers for region = APAC; check recent releases, tracking changes, campaign mix, and operational issues."
2026-04-02,revenue_per_session,residual_anomaly,region,EMEA,0.180337,0.23794135714285716,0.057604357142857165,0.3397469194859864,2,1,WARNING,"Review revenue_per_session drivers for region = EMEA; check recent releases, tracking changes, campaign mix, and operational issues."
2026-04-02,revenue_per_session,residual_anomaly,region_device_browser,APAC + Desktop + Safari,0.363894,0.47584042857142855,0.11194642857142856,0.6602530805140135,1,1,WARNING,"Review revenue_per_session drivers for region_device_browser = APAC + Desktop + Safari; check recent releases, tracking changes, campaign mix, and operational issues."
2026-04-02,revenue_per_session,residual_anomaly,region_device_browser,EMEA + Desktop + Safari,0.180337,0.23794135714285716,0.057604357142857165,0.3397469194859864,2,1,WARNING,"Review revenue_per_session drivers for region_device_browser = EMEA + Desktop + Safari; check recent releases, tracking changes, campaign mix, and operational issues."
2026-04-03,revenue_per_session,residual_anomaly,browser,Firefox,0.265873,0.3521683392857143,0.17259067857142857,0.5596658639352954,1,2,WARNING,"Review revenue_per_session drivers for browser = Firefox; check recent releases, tracking changes, campaign mix, and operational issues."
2026-04-03,revenue_per_session,residual_anomaly,browser,Safari,0.340333,0.4167188571428571,0.07638585714285712,0.2476991056768016,2,1,WARNING,"Review revenue_per_session drivers for browser = Safari; check recent releases, tracking changes, campaign mix, and operational issues."
2026-04-03,revenue_per_session,residual_anomaly,browser,Chrome,0.177551,0.23695610714285714,0.059405107142857155,0.19263503038790297,3,1,WARNING,"Review revenue_per_session drivers for browser = Chrome; check recent releases, tracking changes, campaign mix, and operational issues."
2026-04-03,revenue_per_session,residual_anomaly,business_segment,SMB,0.249197,0.32007422619047615,0.2126316785714286,0.6895082229973389,1,3,WARNING,"Review revenue_per_session drivers for business_segment = SMB; check recent releases, tracking changes, campaign mix, and operational issues."
2026-04-03,revenue_per_session,residual_anomaly,business_segment,Mid-Market,0.302039,0.39778896428571425,0.09574996428571425,0.310491777002661,2,1,WARNING,"Review revenue_per_session drivers for business_segment = Mid-Market; check recent releases, tracking changes, campaign mix, and operational issues."
2026-04-03,revenue_per_session,residual_anomaly,channel,Email,0.23979499999999998,0.3173725357142857,0.1551550714285714,0.5031268073905639,1,2,WARNING,"Review revenue_per_session drivers for channel = Email; check recent releases, tracking changes, campaign mix, and operational issues."
2026-04-03,revenue_per_session,residual_anomaly,channel,Organic,0.229707,0.3065477142857143,0.07684071428571432,0.24917408693263435,2,1,WARNING,"Review revenue_per_session drivers for channel = Organic; check recent releases, tracking changes, campaign mix, and operational issues."
2026-04-03,revenue_per_session,residual_anomaly,channel,Paid Search,0.340333,0.4167188571428571,0.07638585714285712,0.2476991056768016,3,1,WARNING,"Review revenue_per_session drivers for channel = Paid Search; check recent releases, tracking changes, campaign mix, and operational issues."
2026-04-03,revenue_per_session,residual_anomaly,device_type,Desktop,0.29069300000000003,0.3736851785714286,0.24897653571428568,0.8073649696120969,1,3,WARNING,"Review revenue_per_session drivers for device_type = Desktop; check recent releases, tracking changes, campaign mix, and operational issues."
2026-04-03,revenue_per_session,residual_anomaly,device_type,Mobile,0.177551,0.23695610714285714,0.059405107142857155,0.19263503038790297,2,1,WARNING,"Review revenue_per_session drivers for device_type = Mobile; check recent releases, tracking changes, campaign mix, and operational issues."
2026-04-03,revenue_per_session,residual_anomaly,full_segment,North America + Desktop + Firefox + Email + Mid-Market,0.302039,0.39778896428571425,0.09574996428571425,0.310491777002661,1,1,WARNING,"Review revenue_per_session drivers for full_segment = North America + Desktop + Firefox + Email + Mid-Market; check recent releases, tracking changes, campaign mix, and operational issues."
2026-04-03,revenue_per_session,residual_anomaly,full_segment,APAC + Desktop + Firefox + Organic + SMB,0.229707,0.3065477142857143,0.07684071428571432,0.24917408693263435,2,1,WARNING,"Review revenue_per_session drivers for full_segment = APAC + Desktop + Firefox + Organic + SMB; check recent releases, tracking changes, campaign mix, and operational issues."
2026-04-03,revenue_per_session,residual_anomaly,full_segment,North America + Desktop + Safari + Paid Search + SMB,0.340333,0.4167188571428571,0.07638585714285712,0.2476991056768016,3,1,WARNING,"Review revenue_per_session drivers for full_segment = North America + Desktop + Safari + Paid Search + SMB; check recent releases, tracking changes, campaign mix, and operational issues."
2026-04-03,revenue_per_session,residual_anomaly,full_segment,EMEA + Mobile + Chrome + Email + SMB,0.177551,0.23695610714285714,0.059405107142857155,0.19263503038790297,4,1,WARNING,"Review revenue_per_session drivers for full_segment = EMEA + Mobile + Chrome + Email + SMB; check recent releases, tracking changes, campaign mix, and operational issues."
2026-04-03,revenue_per_session,residual_anomaly,region,North America,0.32118599999999997,0.4072539107142857,0.17213582142857137,0.5581908826794626,1,2,WARNING,"Review revenue_per_session drivers for region = North America; check recent releases, tracking changes, campaign mix, and operational issues."
2026-04-03,revenue_per_session,residual_anomaly,region,APAC,0.229707,0.3065477142857143,0.07684071428571432,0.24917408693263435,2,1,WARNING,"Review revenue_per_session drivers for region = APAC; check recent releases, tracking changes, campaign mix, and operational issues."
2026-04-03,revenue_per_session,residual_anomaly,region,EMEA,0.177551,0.23695610714285714,0.059405107142857155,0.19263503038790297,3,1,WARNING,"Review revenue_per_session drivers for region = EMEA; check recent releases, tracking changes, campaign mix, and operational issues."
2026-04-03,revenue_per_session,residual_anomaly,region_device_browser,North America + Desktop + Firefox,0.302039,0.39778896428571425,0.09574996428571425,0.310491777002661,1,1,WARNING,"Review revenue_per_session drivers for region_device_browser = North America + Desktop + Firefox; check recent releases, tracking changes, campaign mix, and operational issues."
2026-04-03,revenue_per_session,residual_anomaly,region_device_browser,APAC + Desktop + Firefox,0.229707,0.3065477142857143,0.07684071428571432,0.24917408693263435,2,1,WARNING,"Review revenue_per_session drivers for region_device_browser = APAC + Desktop + Firefox; check recent releases, tracking changes, campaign mix, and operational issues."
2026-04-03,revenue_per_session,residual_anomaly,region_device_browser,North America + Desktop + Safari,0.340333,0.4167188571428571,0.07638585714285712,0.2476991056768016,3,1,WARNING,"Review revenue_per_session drivers for region_device_browser = North America + Desktop + Safari; check recent releases, tracking changes, campaign mix, and operational issues."
2026-04-03,revenue_per_session,residual_anomaly,region_device_browser,EMEA + Mobile + Chrome,0.177551,0.23695610714285714,0.059405107142857155,0.19263503038790297,4,1,WARNING,"Review revenue_per_session drivers for region_device_browser = EMEA + Mobile + Chrome; check recent releases, tracking changes, campaign mix, and operational issues."
2026-04-04,revenue_per_session,residual_anomaly,browser,Chrome,0.433731,0.5387548928571428,0.10502389285714286,1.0,1,1,WARNING,"Review revenue_per_session drivers for browser = Chrome; check recent releases, tracking changes, campaign mix, and operational issues."
2026-04-04,revenue_per_session,residual_anomaly,business_segment,Enterprise,0.433731,0.5387548928571428,0.10502389285714286,1.0,1,1,WARNING,"Review revenue_per_session drivers for business_segment = Enterprise; check recent releases, tracking changes, campaign mix, and operational issues."
2026-04-04,revenue_per_session,residual_anomaly,channel,Email,0.433731,0.5387548928571428,0.10502389285714286,1.0,1,1,WARNING,"Review revenue_per_session drivers for channel = Email; check recent releases, tracking changes, campaign mix, and operational issues."
2026-04-04,revenue_per_session,residual_anomaly,device_type,Mobile,0.433731,0.5387548928571428,0.10502389285714286,1.0,1,1,WARNING,"Review revenue_per_session drivers for device_type = Mobile; check recent releases, tracking changes, campaign mix, and operational issues."
2026-04-04,revenue_per_session,residual_anomaly,full_segment,North America + Mobile + Chrome + Email + Enterprise,0.433731,0.5387548928571428,0.10502389285714286,1.0,1,1,WARNING,"Review revenue_per_session drivers for full_segment = North America + Mobile + Chrome + Email + Enterprise; check recent releases, tracking changes, campaign mix, and operational issues."
2026-04-04,revenue_per_session,residual_anomaly,region,North America,0.433731,0.5387548928571428,0.10502389285714286,1.0,1,1,WARNING,"Review revenue_per_session drivers for region = North America; check recent releases, tracking changes, campaign mix, and operational issues."
2026-04-04,revenue_per_session,residual_anomaly,region_device_browser,North America + Mobile + Chrome,0.433731,0.5387548928571428,0.10502389285714286,1.0,1,1,WARNING,"Review revenue_per_session drivers for region_device_browser = North America + Mobile + Chrome; check recent releases, tracking changes, campaign mix, and operational issues."
2026-04-05,revenue_per_session,residual_anomaly,browser,Safari,0.409824,0.496176,0.08635199999999998,1.0,1,1,WARNING,"Review revenue_per_session drivers for browser = Safari; check recent releases, tracking changes, campaign mix, and operational issues."
2026-04-05,revenue_per_session,residual_anomaly,business_segment,Enterprise,0.409824,0.496176,0.08635199999999998,1.0,1,1,WARNING,"Review revenue_per_session drivers for business_segment = Enterprise; check recent releases, tracking changes, campaign mix, and operational issues."
2026-04-05,revenue_per_session,residual_anomaly,channel,Email,0.409824,0.496176,0.08635199999999998,1.0,1,1,WARNING,"Review revenue_per_session drivers for channel = Email; check recent releases, tracking changes, campaign mix, and operational issues."
2026-04-05,revenue_per_session,residual_anomaly,device_type,Desktop,0.409824,0.496176,0.08635199999999998,1.0,1,1,WARNING,"Review revenue_per_session drivers for device_type = Desktop; check recent releases, tracking changes, campaign mix, and operational issues."
2026-04-05,revenue_per_session,residual_anomaly,full_segment,EMEA + Desktop + Safari + Email + Enterprise,0.409824,0.496176,0.08635199999999998,1.0,1,1,WARNING,"Review revenue_per_session drivers for full_segment = EMEA + Desktop + Safari + Email + Enterprise; check recent releases, tracking changes, campaign mix, and operational issues."
2026-04-05,revenue_per_session,residual_anomaly,region,EMEA,0.409824,0.496176,0.08635199999999998,1.0,1,1,WARNING,"Review revenue_per_session drivers for region = EMEA; check recent releases, tracking changes, campaign mix, and operational issues."
2026-04-05,revenue_per_session,residual_anomaly,region_device_browser,EMEA + Desktop + Safari,0.409824,0.496176,0.08635199999999998,1.0,1,1,WARNING,"Review revenue_per_session drivers for region_device_browser = EMEA + Desktop + Safari; check recent releases, tracking changes, campaign mix, and operational issues."
2026-04-08,revenue_per_session,residual_anomaly,browser,Chrome,0.3174325,0.39125314285714285,0.14764128571428564,1.0,1,2,WARNING,"Review revenue_per_session drivers for browser = Chrome; check recent releases, tracking changes, campaign mix, and operational issues."
2026-04-08,revenue_per_session,residual_anomaly,business_segment,SMB,0.3174325,0.39125314285714285,0.14764128571428564,1.0,1,2,WARNING,"Review revenue_per_session drivers for business_segment = SMB; check recent releases, tracking changes, campaign mix, and operational issues."
2026-04-08,revenue_per_session,residual_anomaly,channel,Organic,0.282961,0.36209367857142855,0.07913267857142853,0.5359793379513473,1,1,WARNING,"Review revenue_per_session drivers for channel = Organic; check recent releases, tracking changes, campaign mix, and operational issues."
2026-04-08,revenue_per_session,residual_anomaly,channel,Paid Search,0.351904,0.4204126071428571,0.06850860714285711,0.4640206620486527,2,1,WARNING,"Review revenue_per_session drivers for channel = Paid Search; check recent releases, tracking changes, campaign mix, and operational issues."
2026-04-08,revenue_per_session,residual_anomaly,device_type,Mobile,0.3174325,0.39125314285714285,0.14764128571428564,1.0,1,2,WARNING,"Review revenue_per_session drivers for device_type = Mobile; check recent releases, tracking changes, campaign mix, and operational issues."
2026-04-08,revenue_per_session,residual_anomaly,full_segment,North America + Mobile + Chrome + Organic + SMB,0.282961,0.36209367857142855,0.07913267857142853,0.5359793379513473,1,1,WARNING,"Review revenue_per_session drivers for full_segment = North America + Mobile + Chrome + Organic + SMB; check recent releases, tracking changes, campaign mix, and operational issues."
2026-04-08,revenue_per_session,residual_anomaly,full_segment,North America + Mobile + Chrome + Paid Search + SMB,0.351904,0.4204126071428571,0.06850860714285711,0.4640206620486527,2,1,WARNING,"Review revenue_per_session drivers for full_segment = North America + Mobile + Chrome + Paid Search + SMB; check recent releases, tracking changes, campaign mix, and operational issues."
2026-04-08,revenue_per_session,residual_anomaly,region,North America,0.3174325,0.39125314285714285,0.14764128571428564,1.0,1,2,WARNING,"Review revenue_per_session drivers for region = North America; check recent releases, tracking changes, campaign mix, and operational issues."
2026-04-08,revenue_per_session,residual_anomaly,region_device_browser,North America + Mobile + Chrome,0.3174325,0.39125314285714285,0.14764128571428564,1.0,1,2,WARNING,"Review revenue_per_session drivers for region_device_browser = North America + Mobile + Chrome; check recent releases, tracking changes, campaign mix, and operational issues."
2026-04-09,revenue_per_session,residual_anomaly,browser,Chrome,0.3499636666666666,0.44615575,0.2885762500000001,0.511017686102512,1,3,WARNING,"Review revenue_per_session drivers for browser = Chrome; check recent releases, tracking changes, campaign mix, and operational issues."
2026-04-09,revenue_per_session,residual_anomaly,browser,Safari,0.37108,0.4661407321428571,0.1901214642857142,0.3366716102163882,2,2,WARNING,"Review revenue_per_session drivers for browser = Safari; check recent releases, tracking changes, campaign mix, and operational issues."
2026-04-09,revenue_per_session,residual_anomaly,browser,Firefox,0.323257,0.4092682142857143,0.08601121428571429,0.15231070368109995,3,1,WARNING,"Review revenue_per_session drivers for browser = Firefox; check recent releases, tracking changes, campaign mix, and operational issues."
2026-04-09,revenue_per_session,residual_anomaly,business_segment,Enterprise,0.42773966666666663,0.5241730476190477,0.2893001428571429,0.5122995727887629,1,3,WARNING,"Review revenue_per_session drivers for business_segment = Enterprise; check recent releases, tracking changes, campaign mix, and operational issues."
2026-04-09,revenue_per_session,residual_anomaly,business_segment,SMB,0.26372450000000003,0.3446684107142857,0.16188782142857142,0.2866748040235646,2,2,WARNING,"Review revenue_per_session drivers for business_segment = SMB; check recent releases, tracking changes, campaign mix, and operational issues."
2026-04-09,revenue_per_session,residual_anomaly,business_segment,Mid-Market,0.30464,0.41816096428571425,0.11352096428571423,0.20102562318767248,3,1,WARNING,"Review revenue_per_session drivers for business_segment = Mid-Market; check recent releases, tracking changes, campaign mix, and operational issues."
2026-04-09,revenue_per_session,residual_anomaly,channel,Email,0.3499636666666666,0.44615575,0.2885762500000001,0.511017686102512,1,3,WARNING,"Review revenue_per_session drivers for channel = Email; check recent releases, tracking changes, campaign mix, and operational issues."
2026-04-09,revenue_per_session,residual_anomaly,channel,Organic,0.37108,0.4661407321428571,0.1901214642857142,0.3366716102163882,2,2,WARNING,"Review revenue_per_session drivers for channel = Organic; check recent releases, tracking changes, campaign mix, and operational issues."
2026-04-09,revenue_per_session,residual_anomaly,channel,Paid Search,0.323257,0.4092682142857143,0.08601121428571429,0.15231070368109995,3,1,WARNING,"Review revenue_per_session drivers for channel = Paid Search; check recent releases, tracking changes, campaign mix, and operational issues."
2026-04-09,revenue_per_session,residual_anomaly,device_type,Desktop,0.314043,0.41429148809523814,0.30074546428571425,0.5325672201545044,1,3,WARNING,"Review revenue_per_session drivers for device_type = Desktop; check recent releases, tracking changes, campaign mix, and operational issues."
2026-04-09,revenue_per_session,residual_anomaly,device_type,Mobile,0.39105966666666675,0.47904748809523806,0.26396346428571427,0.46743277984549564,2,3,WARNING,"Review revenue_per_session drivers for device_type = Mobile; check recent releases, tracking changes, campaign mix, and operational issues."
2026-04-09,revenue_per_session,residual_anomaly,full_segment,EMEA + Desktop + Safari + Organic + Mid-Market,0.30464,0.41816096428571425,0.11352096428571423,0.20102562318767248,1,1,WARNING,"Review revenue_per_session drivers for full_segment = EMEA + Desktop + Safari + Organic + Mid-Market; check recent releases, tracking changes, campaign mix, and operational issues."
2026-04-09,revenue_per_session,residual_anomaly,full_segment,APAC + Desktop + Chrome + Email + Enterprise,0.433297,0.5446448928571429,0.11134789285714292,0.1971774966243673,2,1,WARNING,"Review revenue_per_session drivers for full_segment = APAC + Desktop + Chrome + Email + Enterprise; check recent releases, tracking changes, campaign mix, and operational issues."
2026-04-09,revenue_per_session,residual_anomaly,full_segment,EMEA + Mobile + Chrome + Email + Enterprise,0.412402,0.51375375,0.10135175000000002,0.17947608913567994,3,1,WARNING,"Review revenue_per_session drivers for full_segment = EMEA + Mobile + Chrome + Email + Enterprise; check recent releases, tracking changes, campaign mix, and operational issues."
2026-04-09,revenue_per_session,residual_anomaly,full_segment,North America + Mobile + Firefox + Paid Search + SMB,0.323257,0.4092682142857143,0.08601121428571429,0.15231070368109995,4,1,WARNING,"Review revenue_per_session drivers for full_segment = North America + Mobile + Firefox + Paid Search + SMB; check recent releases, tracking changes, campaign mix, and operational issues."
2026-04-09,revenue_per_session,residual_anomaly,full_segment,APAC + Mobile + Safari + Organic + Enterprise,0.43752,0.5141205,0.07660049999999996,0.13564598702871575,5,1,WARNING,"Review revenue_per_session drivers for full_segment = APAC + Mobile + Safari + Organic + Enterprise; check recent releases, tracking changes, campaign mix, and operational issues."
2026-04-09,revenue_per_session,residual_anomaly,full_segment,EMEA + Desktop + Chrome + Email + SMB,0.204192,0.28006860714285714,0.07587660714285713,0.13436410034246465,6,1,WARNING,"Review revenue_per_session drivers for full_segment = EMEA + Desktop + Chrome + Email + SMB; check recent releases, tracking changes, campaign mix, and operational issues."
2026-04-09,revenue_per_session,residual_anomaly,region,EMEA,0.307078,0.40399444047619043,0.29074932142857135,0.514865812665817,1,3,WARNING,"Review revenue_per_session drivers for region = EMEA; check recent releases, tracking changes, campaign mix, and operational issues."
2026-04-09,revenue_per_session,residual_anomaly,region,APAC,0.4354085,0.5293826964285715,0.18794839285714288,0.33282348365308306,2,2,WARNING,"Review revenue_per_session drivers for region = APAC; check recent releases, tracking changes, campaign mix, and operational issues."
2026-04-09,revenue_per_session,residual_anomaly,region,North America,0.323257,0.4092682142857143,0.08601121428571429,0.15231070368109995,3,1,WARNING,"Review revenue_per_session drivers for region = North America; check recent releases, tracking changes, campaign mix, and operational issues."
2026-04-09,revenue_per_session,residual_anomaly,region_device_browser,EMEA + Desktop + Safari,0.30464,0.41816096428571425,0.11352096428571423,0.20102562318767248,1,1,WARNING,"Review revenue_per_session drivers for region_device_browser = EMEA + Desktop + Safari; check recent releases, tracking changes, campaign mix, and operational issues."
2026-04-09,revenue_per_session,residual_anomaly,region_device_browser,APAC + Desktop + Chrome,0.433297,0.5446448928571429,0.11134789285714292,0.1971774966243673,2,1,WARNING,"Review revenue_per_session drivers for region_device_browser = APAC + Desktop + Chrome; check recent releases, tracking changes, campaign mix, and operational issues."
2026-04-09,revenue_per_session,residual_anomaly,region_device_browser,EMEA + Mobile + Chrome,0.412402,0.51375375,0.10135175000000002,0.17947608913567994,3,1,WARNING,"Review revenue_per_session drivers for region_device_browser = EMEA + Mobile + Chrome; check recent releases, tracking changes, campaign mix, and operational issues."
2026-04-09,revenue_per_session,residual_anomaly,region_device_browser,North America + Mobile + Firefox,0.323257,0.4092682142857143,0.08601121428571429,0.15231070368109995,4,1,WARNING,"Review revenue_per_session drivers for region_device_browser = North America + Mobile + Firefox; check recent releases, tracking changes, campaign mix, and operational issues."
2026-04-09,revenue_per_session,residual_anomaly,region_device_browser,APAC + Mobile + Safari,0.43752,0.5141205,0.07660049999999996,0.13564598702871575,5,1,WARNING,"Review revenue_per_session drivers for region_device_browser = APAC + Mobile + Safari; check recent releases, tracking changes, campaign mix, and operational issues."
2026-04-09,revenue_per_session,residual_anomaly,region_device_browser,EMEA + Desktop + Chrome,0.204192,0.28006860714285714,0.07587660714285713,0.13436410034246465,6,1,WARNING,"Review revenue_per_session drivers for region_device_browser = EMEA + Desktop + Chrome; check recent releases, tracking changes, campaign mix, and operational issues."
2026-04-10,revenue_per_session,residual_anomaly,browser,Safari,0.25446225,0.34310133035714285,0.3545563214285714,0.5624872764976762,1,4,WARNING,"Review revenue_per_session drivers for browser = Safari; check recent releases, tracking changes, campaign mix, and operational issues."
2026-04-10,revenue_per_session,residual_anomaly,browser,Firefox,0.221566,0.3134927619047619,0.2757802857142857,0.4375127235023237,2,3,WARNING,"Review revenue_per_session drivers for browser = Firefox; check recent releases, tracking changes, campaign mix, and operational issues."
2026-04-10,revenue_per_session,residual_anomaly,business_segment,Mid-Market,0.268401,0.3623874285714286,0.3759457142857143,0.5964205632761407,1,4,WARNING,"Review revenue_per_session drivers for business_segment = Mid-Market; check recent releases, tracking changes, campaign mix, and operational issues."
2026-04-10,revenue_per_session,residual_anomaly,business_segment,SMB,0.202981,0.2877779642857143,0.25439089285714284,0.4035794367238592,2,3,WARNING,"Review revenue_per_session drivers for business_segment = SMB; check recent releases, tracking changes, campaign mix, and operational issues."
2026-04-10,revenue_per_session,residual_anomaly,channel,Organic,0.2388658,0.3275218714285714,0.4432803571428571,0.7032438733839769,1,5,WARNING,"Review revenue_per_session drivers for channel = Organic; check recent releases, tracking changes, campaign mix, and operational issues."
2026-04-10,revenue_per_session,residual_anomaly,channel,Email,0.24410900000000002,0.337637125,0.18705625,0.29675612661602285,2,2,WARNING,"Review revenue_per_session drivers for channel = Email; check recent releases, tracking changes, campaign mix, and operational issues."
2026-04-10,revenue_per_session,residual_anomaly,device_type,Mobile,0.21906025,0.30166882142857143,0.3304342857142856,0.5242187776655611,1,4,WARNING,"Review revenue_per_session drivers for device_type = Mobile; check recent releases, tracking changes, campaign mix, and operational issues."
2026-04-10,revenue_per_session,residual_anomaly,device_type,Desktop,0.26876866666666666,0.36873610714285715,0.29990232142857154,0.47578122233443876,2,3,WARNING,"Review revenue_per_session drivers for device_type = Desktop; check recent releases, tracking changes, campaign mix, and operational issues."
2026-04-10,revenue_per_session,residual_anomaly,full_segment,EMEA + Desktop + Safari + Organic + Mid-Market,0.306411,0.414584,0.10817300000000002,0.17161148309364188,1,1,WARNING,"Review revenue_per_session drivers for full_segment = EMEA + Desktop + Safari + Organic + Mid-Market; check recent releases, tracking changes, campaign mix, and operational issues."
2026-04-10,revenue_per_session,residual_anomaly,full_segment,EMEA + Desktop + Firefox + Email + Mid-Market,0.261131,0.36492303571428575,0.10379203571428575,0.1646612849993697,2,1,WARNING,"Review revenue_per_session drivers for full_segment = EMEA + Desktop + Firefox + Email + Mid-Market; check recent releases, tracking changes, campaign mix, and operational issues."
2026-04-10,revenue_per_session,residual_anomaly,full_segment,APAC + Mobile + Firefox + Organic + SMB,0.17648,0.2652040357142857,0.08872403571428569,0.14075659688630077,3,1,WARNING,"Review revenue_per_session drivers for full_segment = APAC + Mobile + Firefox + Organic + SMB; check recent releases, tracking changes, campaign mix, and operational issues."
2026-04-10,revenue_per_session,residual_anomaly,full_segment,EMEA + Desktop + Safari + Organic + SMB,0.238764,0.32670128571428575,0.08793728571428575,0.13950845424142716,4,1,WARNING,"Review revenue_per_session drivers for full_segment = EMEA + Desktop + Safari + Organic + SMB; check recent releases, tracking changes, campaign mix, and operational issues."
2026-04-10,revenue_per_session,residual_anomaly,full_segment,EMEA + Mobile + Firefox + Email + Mid-Market,0.227087,0.31035121428571427,0.08326421428571426,0.1320948416166532,5,1,WARNING,"Review revenue_per_session drivers for full_segment = EMEA + Mobile + Firefox + Email + Mid-Market; check recent releases, tracking changes, campaign mix, and operational issues."
2026-04-10,revenue_per_session,residual_anomaly,full_segment,APAC + Mobile + Safari + Organic + Mid-Market,0.278975,0.35969146428571425,0.08071646428571427,0.12805295356647592,6,1,WARNING,"Review revenue_per_session drivers for full_segment = APAC + Mobile + Safari + Organic + Mid-Market; check recent releases, tracking changes, campaign mix, and operational issues."
2026-04-10,revenue_per_session,residual_anomaly,full_segment,APAC + Mobile + Safari + Organic + SMB,0.193699,0.2714285714285714,0.0777295714285714,0.12331438559613125,7,1,WARNING,"Review revenue_per_session drivers for full_segment = APAC + Mobile + Safari + Organic + SMB; check recent releases, tracking changes, campaign mix, and operational issues."
2026-04-10,revenue_per_session,residual_anomaly,region,EMEA,0.25834825,0.35413988392857143,0.3831665357142858,0.607876063951092,1,4,WARNING,"Review revenue_per_session drivers for region = EMEA; check recent releases, tracking changes, campaign mix, and operational issues."
2026-04-10,revenue_per_session,residual_anomaly,region,APAC,0.21638466666666667,0.2987746904761905,0.24717007142857136,0.39212393604890794,2,3,WARNING,"Review revenue_per_session drivers for region = APAC; check recent releases, tracking changes, campaign mix, and operational issues."
2026-04-10,revenue_per_session,residual_anomaly,region_device_browser,EMEA + Desktop + Safari,0.2725875,0.3706426428571429,0.19611028571428576,0.31111993733506904,1,2,WARNING,"Review revenue_per_session drivers for region_device_browser = EMEA + Desktop + Safari; check recent releases, tracking changes, campaign mix, and operational issues."
2026-04-10,revenue_per_session,residual_anomaly,region_device_browser,APAC + Mobile + Safari,0.236337,0.3155600178571428,0.15844603571428567,0.2513673391626072,2,2,WARNING,"Review revenue_per_session drivers for region_device_browser = APAC + Mobile + Safari; check recent releases, tracking changes, campaign mix, and operational issues."
2026-04-10,revenue_per_session,residual_anomaly,region_device_browser,EMEA + Desktop + Firefox,0.261131,0.36492303571428575,0.10379203571428575,0.1646612849993697,3,1,WARNING,"Review revenue_per_session drivers for region_device_browser = EMEA + Desktop + Firefox; check recent releases, tracking changes, campaign mix, and operational issues."
2026-04-10,revenue_per_session,residual_anomaly,region_device_browser,APAC + Mobile + Firefox,0.17648,0.2652040357142857,0.08872403571428569,0.14075659688630077,4,1,WARNING,"Review revenue_per_session drivers for region_device_browser = APAC + Mobile + Firefox; check recent releases, tracking changes, campaign mix, and operational issues."
2026-04-10,revenue_per_session,residual_anomaly,region_device_browser,EMEA + Mobile + Firefox,0.227087,0.31035121428571427,0.08326421428571426,0.1320948416166532,5,1,WARNING,"Review revenue_per_session drivers for region_device_browser = EMEA + Mobile + Firefox; check recent releases, tracking changes, campaign mix, and operational issues."
2026-04-11,revenue_per_session,residual_anomaly,browser,Chrome,0.29242250000000003,0.36711676785714287,0.1493885357142857,1.0,1,2,WARNING,"Review revenue_per_session drivers for browser = Chrome; check recent releases, tracking changes, campaign mix, and operational issues."
2026-04-11,revenue_per_session,residual_anomaly,business_segment,Enterprise,0.386128,0.48246732142857146,0.09633932142857143,0.6448909949343503,1,1,WARNING,"Review revenue_per_session drivers for business_segment = Enterprise; check recent releases, tracking changes, campaign mix, and operational issues."
2026-04-11,revenue_per_session,residual_anomaly,business_segment,SMB,0.198717,0.2517662142857143,0.05304921428571427,0.3551090050656497,2,1,WARNING,"Review revenue_per_session drivers for business_segment = SMB; check recent releases, tracking changes, campaign mix, and operational issues."
2026-04-11,revenue_per_session,residual_anomaly,channel,Email,0.29242250000000003,0.36711676785714287,0.1493885357142857,1.0,1,2,WARNING,"Review revenue_per_session drivers for channel = Email; check recent releases, tracking changes, campaign mix, and operational issues."
2026-04-11,revenue_per_session,residual_anomaly,device_type,Mobile,0.386128,0.48246732142857146,0.09633932142857143,0.6448909949343503,1,1,WARNING,"Review revenue_per_session drivers for device_type = Mobile; check recent releases, tracking changes, campaign mix, and operational issues."
2026-04-11,revenue_per_session,residual_anomaly,device_type,Desktop,0.198717,0.2517662142857143,0.05304921428571427,0.3551090050656497,2,1,WARNING,"Review revenue_per_session drivers for device_type = Desktop; check recent releases, tracking changes, campaign mix, and operational issues."
2026-04-11,revenue_per_session,residual_anomaly,full_segment,APAC + Mobile + Chrome + Email + Enterprise,0.386128,0.48246732142857146,0.09633932142857143,0.6448909949343503,1,1,WARNING,"Review revenue_per_session drivers for full_segment = APAC + Mobile + Chrome + Email + Enterprise; check recent releases, tracking changes, campaign mix, and operational issues."
2026-04-11,revenue_per_session,residual_anomaly,full_segment,APAC + Desktop + Chrome + Email + SMB,0.198717,0.2517662142857143,0.05304921428571427,0.3551090050656497,2,1,WARNING,"Review revenue_per_session drivers for full_segment = APAC + Desktop + Chrome + Email + SMB; check recent releases, tracking changes, campaign mix, and operational issues."
2026-04-11,revenue_per_session,residual_anomaly,region,APAC,0.29242250000000003,0.36711676785714287,0.1493885357142857,1.0,1,2,WARNING,"Review revenue_per_session drivers for region = APAC; check recent releases, tracking changes, campaign mix, and operational issues."
2026-04-11,revenue_per_session,residual_anomaly,region_device_browser,APAC + Mobile + Chrome,0.386128,0.48246732142857146,0.09633932142857143,0.6448909949343503,1,1,WARNING,"Review revenue_per_session drivers for region_device_browser = APAC + Mobile + Chrome; check recent releases, tracking changes, campaign mix, and operational issues."
2026-04-11,revenue_per_session,residual_anomaly,region_device_browser,APAC + Desktop + Chrome,0.198717,0.2517662142857143,0.05304921428571427,0.3551090050656497,2,1,WARNING,"Review revenue_per_session drivers for region_device_browser = APAC + Desktop + Chrome; check recent releases, tracking changes, campaign mix, and operational issues."
2026-04-13,revenue_per_session,residual_anomaly,browser,Firefox,0.423131,0.5106635714285714,0.08753257142857146,0.6138315156071827,1,1,WARNING,"Review revenue_per_session drivers for browser = Firefox; check recent releases, tracking changes, campaign mix, and operational issues."
2026-04-13,revenue_per_session,residual_anomaly,browser,Chrome,0.221022,0.27608975,0.055067750000000026,0.3861684843928172,2,1,WARNING,"Review revenue_per_session drivers for browser = Chrome; check recent releases, tracking changes, campaign mix, and operational issues."
2026-04-13,revenue_per_session,residual_anomaly,business_segment,Enterprise,0.423131,0.5106635714285714,0.08753257142857146,0.6138315156071827,1,1,WARNING,"Review revenue_per_session drivers for business_segment = Enterprise; check recent releases, tracking changes, campaign mix, and operational issues."
2026-04-13,revenue_per_session,residual_anomaly,business_segment,SMB,0.221022,0.27608975,0.055067750000000026,0.3861684843928172,2,1,WARNING,"Review revenue_per_session drivers for business_segment = SMB; check recent releases, tracking changes, campaign mix, and operational issues."
2026-04-13,revenue_per_session,residual_anomaly,channel,Email,0.3220765,0.39337666071428573,0.14260032142857149,1.0,1,2,WARNING,"Review revenue_per_session drivers for channel = Email; check recent releases, tracking changes, campaign mix, and operational issues."
2026-04-13,revenue_per_session,residual_anomaly,device_type,Desktop,0.3220765,0.39337666071428573,0.14260032142857149,1.0,1,2,WARNING,"Review revenue_per_session drivers for device_type = Desktop; check recent releases, tracking changes, campaign mix, and operational issues."
2026-04-13,revenue_per_session,residual_anomaly,full_segment,APAC + Desktop + Firefox + Email + Enterprise,0.423131,0.5106635714285714,0.08753257142857146,0.6138315156071827,1,1,WARNING,"Review revenue_per_session drivers for full_segment = APAC + Desktop + Firefox + Email + Enterprise; check recent releases, tracking changes, campaign mix, and operational issues."
2026-04-13,revenue_per_session,residual_anomaly,full_segment,EMEA + Desktop + Chrome + Email + SMB,0.221022,0.27608975,0.055067750000000026,0.3861684843928172,2,1,WARNING,"Review revenue_per_session drivers for full_segment = EMEA + Desktop + Chrome + Email + SMB; check recent releases, tracking changes, campaign mix, and operational issues."
2026-04-13,revenue_per_session,residual_anomaly,region,APAC,0.423131,0.5106635714285714,0.08753257142857146,0.6138315156071827,1,1,WARNING,"Review revenue_per_session drivers for region = APAC; check recent releases, tracking changes, campaign mix, and operational issues."
2026-04-13,revenue_per_session,residual_anomaly,region,EMEA,0.221022,0.27608975,0.055067750000000026,0.3861684843928172,2,1,WARNING,"Review revenue_per_session drivers for region = EMEA; check recent releases, tracking changes, campaign mix, and operational issues."
2026-04-13,revenue_per_session,residual_anomaly,region_device_browser,APAC + Desktop + Firefox,0.423131,0.5106635714285714,0.08753257142857146,0.6138315156071827,1,1,WARNING,"Review revenue_per_session drivers for region_device_browser = APAC + Desktop + Firefox; check recent releases, tracking changes, campaign mix, and operational issues."
2026-04-13,revenue_per_session,residual_anomaly,region_device_browser,EMEA + Desktop + Chrome,0.221022,0.27608975,0.055067750000000026,0.3861684843928172,2,1,WARNING,"Review revenue_per_session drivers for region_device_browser = EMEA + Desktop + Chrome; check recent releases, tracking changes, campaign mix, and operational issues."
2026-04-14,revenue_per_session,residual_anomaly,browser,Chrome,0.327683,0.42134975,0.09366675000000002,1.0,1,1,WARNING,"Review revenue_per_session drivers for browser = Chrome; check recent releases, tracking changes, campaign mix, and operational issues."
2026-04-14,revenue_per_session,residual_anomaly,business_segment,SMB,0.327683,0.42134975,0.09366675000000002,1.0,1,1,WARNING,"Review revenue_per_session drivers for business_segment = SMB; check recent releases, tracking changes, campaign mix, and operational issues."
2026-04-14,revenue_per_session,residual_anomaly,channel,Paid Search,0.327683,0.42134975,0.09366675000000002,1.0,1,1,WARNING,"Review revenue_per_session drivers for channel = Paid Search; check recent releases, tracking changes, campaign mix, and operational issues."
2026-04-14,revenue_per_session,residual_anomaly,device_type,Desktop,0.327683,0.42134975,0.09366675000000002,1.0,1,1,WARNING,"Review revenue_per_session drivers for device_type = Desktop; check recent releases, tracking changes, campaign mix, and operational issues."
2026-04-14,revenue_per_session,residual_anomaly,full_segment,EMEA + Desktop + Chrome + Paid Search + SMB,0.327683,0.42134975,0.09366675000000002,1.0,1,1,WARNING,"Review revenue_per_session drivers for full_segment = EMEA + Desktop + Chrome + Paid Search + SMB; check recent releases, tracking changes, campaign mix, and operational issues."
2026-04-14,revenue_per_session,residual_anomaly,region,EMEA,0.327683,0.42134975,0.09366675000000002,1.0,1,1,WARNING,"Review revenue_per_session drivers for region = EMEA; check recent releases, tracking changes, campaign mix, and operational issues."
2026-04-14,revenue_per_session,residual_anomaly,region_device_browser,EMEA + Desktop + Chrome,0.327683,0.42134975,0.09366675000000002,1.0,1,1,WARNING,"Review revenue_per_session drivers for region_device_browser = EMEA + Desktop + Chrome; check recent releases, tracking changes, campaign mix, and operational issues."
2026-04-15,revenue_per_session,residual_anomaly,browser,Firefox,0.24987949999999998,0.3160597857142857,0.13236057142857144,1.0,1,2,WARNING,"Review revenue_per_session drivers for browser = Firefox; check recent releases, tracking changes, campaign mix, and operational issues."
2026-04-15,revenue_per_session,residual_anomaly,business_segment,SMB,0.24987949999999998,0.3160597857142857,0.13236057142857144,1.0,1,2,WARNING,"Review revenue_per_session drivers for business_segment = SMB; check recent releases, tracking changes, campaign mix, and operational issues."
2026-04-15,revenue_per_session,residual_anomaly,channel,Paid Search,0.317405,0.39667782142857144,0.07927282142857145,0.5989156783850177,1,1,WARNING,"Review revenue_per_session drivers for channel = Paid Search; check recent releases, tracking changes, campaign mix, and operational issues."
2026-04-15,revenue_per_session,residual_anomaly,channel,Email,0.182354,0.23544174999999998,0.05308774999999999,0.40108432161498236,2,1,WARNING,"Review revenue_per_session drivers for channel = Email; check recent releases, tracking changes, campaign mix, and operational issues."
2026-04-15,revenue_per_session,residual_anomaly,device_type,Desktop,0.24987949999999998,0.3160597857142857,0.13236057142857144,1.0,1,2,WARNING,"Review revenue_per_session drivers for device_type = Desktop; check recent releases, tracking changes, campaign mix, and operational issues."
2026-04-15,revenue_per_session,residual_anomaly,full_segment,APAC + Desktop + Firefox + Paid Search + SMB,0.317405,0.39667782142857144,0.07927282142857145,0.5989156783850177,1,1,WARNING,"Review revenue_per_session drivers for full_segment = APAC + Desktop + Firefox + Paid Search + SMB; check recent releases, tracking changes, campaign mix, and operational issues."
2026-04-15,revenue_per_session,residual_anomaly,full_segment,APAC + Desktop + Firefox + Email + SMB,0.182354,0.23544174999999998,0.05308774999999999,0.40108432161498236,2,1,WARNING,"Review revenue_per_session drivers for full_segment = APAC + Desktop + Firefox + Email + SMB; check recent releases, tracking changes, campaign mix, and operational issues."
2026-04-15,revenue_per_session,residual_anomaly,region,APAC,0.24987949999999998,0.3160597857142857,0.13236057142857144,1.0,1,2,WARNING,"Review revenue_per_session drivers for region = APAC; check recent releases, tracking changes, campaign mix, and operational issues."
2026-04-15,revenue_per_session,residual_anomaly,region_device_browser,APAC + Desktop + Firefox,0.24987949999999998,0.3160597857142857,0.13236057142857144,1.0,1,2,WARNING,"Review revenue_per_session drivers for region_device_browser = APAC + Desktop + Firefox; check recent releases, tracking changes, campaign mix, and operational issues."
2026-04-16,conversion_rate,residual_anomaly,browser,Safari,0.057143,0.07586453571428572,0.018721535714285725,1.0,1,1,WARNING,"Review conversion_rate drivers for browser = Safari; check recent releases, tracking changes, campaign mix, and operational issues."
2026-04-16,conversion_rate,residual_anomaly,business_segment,SMB,0.057143,0.07586453571428572,0.018721535714285725,1.0,1,1,WARNING,"Review conversion_rate drivers for business_segment = SMB; check recent releases, tracking changes, campaign mix, and operational issues."
2026-04-16,conversion_rate,residual_anomaly,channel,Email,0.057143,0.07586453571428572,0.018721535714285725,1.0,1,1,WARNING,"Review conversion_rate drivers for channel = Email; check recent releases, tracking changes, campaign mix, and operational issues."
2026-04-16,conversion_rate,residual_anomaly,device_type,Mobile,0.057143,0.07586453571428572,0.018721535714285725,1.0,1,1,WARNING,"Review conversion_rate drivers for device_type = Mobile; check recent releases, tracking changes, campaign mix, and operational issues."
2026-04-16,conversion_rate,residual_anomaly,full_segment,APAC + Mobile + Safari + Email + SMB,0.057143,0.07586453571428572,0.018721535714285725,1.0,1,1,WARNING,"Review conversion_rate drivers for full_segment = APAC + Mobile + Safari + Email + SMB; check recent releases, tracking changes, campaign mix, and operational issues."
2026-04-16,conversion_rate,residual_anomaly,region,APAC,0.057143,0.07586453571428572,0.018721535714285725,1.0,1,1,WARNING,"Review conversion_rate drivers for region = APAC; check recent releases, tracking changes, campaign mix, and operational issues."
2026-04-16,conversion_rate,residual_anomaly,region_device_browser,APAC + Mobile + Safari,0.057143,0.07586453571428572,0.018721535714285725,1.0,1,1,WARNING,"Review conversion_rate drivers for region_device_browser = APAC + Mobile + Safari; check recent releases, tracking changes, campaign mix, and operational issues."
2026-04-16,revenue_per_session,residual_anomaly,browser,Chrome,0.34654,0.4560205,0.3284415,0.714177979410957,1,3,WARNING,"Review revenue_per_session drivers for browser = Chrome; check recent releases, tracking changes, campaign mix, and operational issues."
2026-04-16,revenue_per_session,residual_anomaly,browser,Firefox,0.326152,0.3946688571428571,0.0685168571428571,0.14898613783542847,2,1,WARNING,"Review revenue_per_session drivers for browser = Firefox; check recent releases, tracking changes, campaign mix, and operational issues."
2026-04-16,revenue_per_session,residual_anomaly,browser,Safari,0.276417,0.3393461071428571,0.0629291071428571,0.13683588275361458,3,1,WARNING,"Review revenue_per_session drivers for browser = Safari; check recent releases, tracking changes, campaign mix, and operational issues."
2026-04-16,revenue_per_session,residual_anomaly,business_segment,SMB,0.3084233333333333,0.3851060476190476,0.23004814285714276,0.5002270353562427,1,3,WARNING,"Review revenue_per_session drivers for business_segment = SMB; check recent releases, tracking changes, campaign mix, and operational issues."
2026-04-16,revenue_per_session,residual_anomaly,business_segment,Enterprise,0.386407,0.5109136785714286,0.12450667857142855,0.270732925422982,2,1,WARNING,"Review revenue_per_session drivers for business_segment = Enterprise; check recent releases, tracking changes, campaign mix, and operational issues."
2026-04-16,revenue_per_session,residual_anomaly,business_segment,Mid-Market,0.330512,0.43584464285714286,0.10533264285714289,0.22904003922077532,3,1,WARNING,"Review revenue_per_session drivers for business_segment = Mid-Market; check recent releases, tracking changes, campaign mix, and operational issues."
2026-04-16,revenue_per_session,residual_anomaly,channel,Paid Search,0.3084233333333333,0.3851060476190476,0.23004814285714276,0.5002270353562427,1,3,WARNING,"Review revenue_per_session drivers for channel = Paid Search; check recent releases, tracking changes, campaign mix, and operational issues."
2026-04-16,revenue_per_session,residual_anomaly,channel,Email,0.386407,0.5109136785714286,0.12450667857142855,0.270732925422982,2,1,WARNING,"Review revenue_per_session drivers for channel = Email; check recent releases, tracking changes, campaign mix, and operational issues."
2026-04-16,revenue_per_session,residual_anomaly,channel,Organic,0.330512,0.43584464285714286,0.10533264285714289,0.22904003922077532,3,1,WARNING,"Review revenue_per_session drivers for channel = Organic; check recent releases, tracking changes, campaign mix, and operational issues."
2026-04-16,revenue_per_session,residual_anomaly,device_type,Desktop,0.326455,0.41727222619047616,0.27245167857142855,0.5924311918234034,1,3,WARNING,"Review revenue_per_session drivers for device_type = Desktop; check recent releases, tracking changes, campaign mix, and operational issues."
2026-04-16,revenue_per_session,residual_anomaly,device_type,Mobile,0.33141200000000004,0.42512989285714287,0.18743578571428565,0.4075688081765966,2,2,WARNING,"Review revenue_per_session drivers for device_type = Mobile; check recent releases, tracking changes, campaign mix, and operational issues."
2026-04-16,revenue_per_session,residual_anomaly,full_segment,EMEA + Mobile + Chrome + Email + Enterprise,0.386407,0.5109136785714286,0.12450667857142855,0.270732925422982,1,1,WARNING,"Review revenue_per_session drivers for full_segment = EMEA + Mobile + Chrome + Email + Enterprise; check recent releases, tracking changes, campaign mix, and operational issues."
2026-04-16,revenue_per_session,residual_anomaly,full_segment,EMEA + Desktop + Chrome + Organic + Mid-Market,0.330512,0.43584464285714286,0.10533264285714289,0.22904003922077532,2,1,WARNING,"Review revenue_per_session drivers for full_segment = EMEA + Desktop + Chrome + Organic + Mid-Market; check recent releases, tracking changes, campaign mix, and operational issues."
2026-04-16,revenue_per_session,residual_anomaly,full_segment,EMEA + Desktop + Chrome + Paid Search + SMB,0.322701,0.42130317857142857,0.09860217857142856,0.21440501476719964,3,1,WARNING,"Review revenue_per_session drivers for full_segment = EMEA + Desktop + Chrome + Paid Search + SMB; check recent releases, tracking changes, campaign mix, and operational issues."
2026-04-16,revenue_per_session,residual_anomaly,full_segment,APAC + Desktop + Firefox + Paid Search + SMB,0.326152,0.3946688571428571,0.0685168571428571,0.14898613783542847,4,1,WARNING,"Review revenue_per_session drivers for full_segment = APAC + Desktop + Firefox + Paid Search + SMB; check recent releases, tracking changes, campaign mix, and operational issues."
2026-04-16,revenue_per_session,residual_anomaly,full_segment,APAC + Mobile + Safari + Paid Search + SMB,0.276417,0.3393461071428571,0.0629291071428571,0.13683588275361458,5,1,WARNING,"Review revenue_per_session drivers for full_segment = APAC + Mobile + Safari + Paid Search + SMB; check recent releases, tracking changes, campaign mix, and operational issues."
2026-04-16,revenue_per_session,residual_anomaly,region,EMEA,0.34654,0.4560205,0.3284415,0.714177979410957,1,3,WARNING,"Review revenue_per_session drivers for region = EMEA; check recent releases, tracking changes, campaign mix, and operational issues."
2026-04-16,revenue_per_session,residual_anomaly,region,APAC,0.3012845,0.3670074821428571,0.1314459642857142,0.28582202058904305,2,2,WARNING,"Review revenue_per_session drivers for region = APAC; check recent releases, tracking changes, campaign mix, and operational issues."
2026-04-16,revenue_per_session,residual_anomaly,region_device_browser,EMEA + Desktop + Chrome,0.3266065,0.42857391071428574,0.20393482142857144,0.44344505398797496,1,2,WARNING,"Review revenue_per_session drivers for region_device_browser = EMEA + Desktop + Chrome; check recent releases, tracking changes, campaign mix, and operational issues."
2026-04-16,revenue_per_session,residual_anomaly,region_device_browser,EMEA + Mobile + Chrome,0.386407,0.5109136785714286,0.12450667857142855,0.270732925422982,2,1,WARNING,"Review revenue_per_session drivers for region_device_browser = EMEA + Mobile + Chrome; check recent releases, tracking changes, campaign mix, and operational issues."
2026-04-16,revenue_per_session,residual_anomaly,region_device_browser,APAC + Desktop + Firefox,0.326152,0.3946688571428571,0.0685168571428571,0.14898613783542847,3,1,WARNING,"Review revenue_per_session drivers for region_device_browser = APAC + Desktop + Firefox; check recent releases, tracking changes, campaign mix, and operational issues."
2026-04-16,revenue_per_session,residual_anomaly,region_device_browser,APAC + Mobile + Safari,0.276417,0.3393461071428571,0.0629291071428571,0.13683588275361458,4,1,WARNING,"Review revenue_per_session drivers for region_device_browser = APAC + Mobile + Safari; check recent releases, tracking changes, campaign mix, and operational issues."
2026-04-17,revenue_per_session,residual_anomaly,browser,Firefox,0.31358400000000003,0.40316027380952385,0.2687288214285715,0.5171773459432368,1,3,WARNING,"Review revenue_per_session drivers for browser = Firefox; check recent releases, tracking changes, campaign mix, and operational issues."
2026-04-17,revenue_per_session,residual_anomaly,browser,Safari,0.3291705,0.42000948214285716,0.18167796428571428,0.3496451437034658,2,2,WARNING,"Review revenue_per_session drivers for browser = Safari; check recent releases, tracking changes, campaign mix, and operational issues."
2026-04-17,revenue_per_session,residual_anomaly,browser,Chrome,0.210351,0.27955092857142855,0.06919992857142854,0.13317751035329733,3,1,WARNING,"Review revenue_per_session drivers for browser = Chrome; check recent releases, tracking changes, campaign mix, and operational issues."
2026-04-17,revenue_per_session,residual_anomaly,business_segment,Mid-Market,0.27600033333333335,0.3636237261904762,0.2628701785714287,0.5059021974586825,1,3,WARNING,"Review revenue_per_session drivers for business_segment = Mid-Market; check recent releases, tracking changes, campaign mix, and operational issues."
2026-04-17,revenue_per_session,residual_anomaly,business_segment,SMB,0.2667565,0.33917474999999997,0.14483649999999998,0.2787425489662923,2,2,WARNING,"Review revenue_per_session drivers for business_segment = SMB; check recent releases, tracking changes, campaign mix, and operational issues."
2026-04-17,revenue_per_session,residual_anomaly,business_segment,Enterprise,0.44793,0.5598300357142857,0.1119000357142857,0.21535525357502522,3,1,WARNING,"Review revenue_per_session drivers for business_segment = Enterprise; check recent releases, tracking changes, campaign mix, and operational issues."
2026-04-17,revenue_per_session,residual_anomaly,channel,Organic,0.35517333333333334,0.45683742857142856,0.30499228571428577,0.5869675609052671,1,3,WARNING,"Review revenue_per_session drivers for channel = Organic; check recent releases, tracking changes, campaign mix, and operational issues."
2026-04-17,revenue_per_session,residual_anomaly,channel,Email,0.21038099999999998,0.27986992857142856,0.13897785714285713,0.2674674004817379,2,2,WARNING,"Review revenue_per_session drivers for channel = Email; check recent releases, tracking changes, campaign mix, and operational issues."
2026-04-17,revenue_per_session,residual_anomaly,channel,Paid Search,0.323162,0.39879857142857145,0.07563657142857144,0.14556503861299494,3,1,WARNING,"Review revenue_per_session drivers for channel = Paid Search; check recent releases, tracking changes, campaign mix, and operational issues."
2026-04-17,revenue_per_session,residual_anomaly,device_type,Mobile,0.29152724999999996,0.37601750892857144,0.3379610357142857,0.650416991202412,1,4,WARNING,"Review revenue_per_session drivers for device_type = Mobile; check recent releases, tracking changes, campaign mix, and operational issues."
2026-04-17,revenue_per_session,residual_anomaly,device_type,Desktop,0.3216675,0.4124903392857143,0.1816456785714286,0.34958300879758786,2,2,WARNING,"Review revenue_per_session drivers for device_type = Desktop; check recent releases, tracking changes, campaign mix, and operational issues."
2026-04-17,revenue_per_session,residual_anomaly,full_segment,EMEA + Mobile + Safari + Organic + Enterprise,0.44793,0.5598300357142857,0.1119000357142857,0.21535525357502522,1,1,WARNING,"Review revenue_per_session drivers for full_segment = EMEA + Mobile + Safari + Organic + Enterprise; check recent releases, tracking changes, campaign mix, and operational issues."
2026-04-17,revenue_per_session,residual_anomaly,full_segment,EMEA + Desktop + Firefox + Organic + Mid-Market,0.320173,0.42618210714285715,0.10600910714285716,0.20401797018459292,2,1,WARNING,"Review revenue_per_session drivers for full_segment = EMEA + Desktop + Firefox + Organic + Mid-Market; check recent releases, tracking changes, campaign mix, and operational issues."
2026-04-17,revenue_per_session,residual_anomaly,full_segment,APAC + Mobile + Firefox + Organic + Mid-Market,0.297417,0.3845001428571429,0.08708314285714291,0.16759433714564897,3,1,WARNING,"Review revenue_per_session drivers for full_segment = APAC + Mobile + Firefox + Organic + Mid-Market; check recent releases, tracking changes, campaign mix, and operational issues."
2026-04-17,revenue_per_session,residual_anomaly,full_segment,EMEA + Desktop + Firefox + Paid Search + SMB,0.323162,0.39879857142857145,0.07563657142857144,0.14556503861299494,4,1,WARNING,"Review revenue_per_session drivers for full_segment = EMEA + Desktop + Firefox + Paid Search + SMB; check recent releases, tracking changes, campaign mix, and operational issues."
2026-04-17,revenue_per_session,residual_anomaly,full_segment,APAC + Mobile + Safari + Email + Mid-Market,0.210411,0.2801889285714286,0.06977792857142859,0.13428989012844056,5,1,WARNING,"Review revenue_per_session drivers for full_segment = APAC + Mobile + Safari + Email + Mid-Market; check recent releases, tracking changes, campaign mix, and operational issues."
2026-04-17,revenue_per_session,residual_anomaly,full_segment,North America + Mobile + Chrome + Email + SMB,0.210351,0.27955092857142855,0.06919992857142854,0.13317751035329733,6,1,WARNING,"Review revenue_per_session drivers for full_segment = North America + Mobile + Chrome + Email + SMB; check recent releases, tracking changes, campaign mix, and operational issues."
2026-04-17,revenue_per_session,residual_anomaly,region,EMEA,0.363755,0.4616035714285715,0.2935457142857143,0.564938262372613,1,3,WARNING,"Review revenue_per_session drivers for region = EMEA; check recent releases, tracking changes, campaign mix, and operational issues."
2026-04-17,revenue_per_session,residual_anomaly,region,APAC,0.253914,0.33234453571428574,0.1568610714285715,0.30188422727408953,2,2,WARNING,"Review revenue_per_session drivers for region = APAC; check recent releases, tracking changes, campaign mix, and operational issues."
2026-04-17,revenue_per_session,residual_anomaly,region,North America,0.210351,0.27955092857142855,0.06919992857142854,0.13317751035329733,3,1,WARNING,"Review revenue_per_session drivers for region = North America; check recent releases, tracking changes, campaign mix, and operational issues."
2026-04-17,revenue_per_session,residual_anomaly,region_device_browser,EMEA + Desktop + Firefox,0.3216675,0.4124903392857143,0.1816456785714286,0.34958300879758786,1,2,WARNING,"Review revenue_per_session drivers for region_device_browser = EMEA + Desktop + Firefox; check recent releases, tracking changes, campaign mix, and operational issues."
2026-04-17,revenue_per_session,residual_anomaly,region_device_browser,EMEA + Mobile + Safari,0.44793,0.5598300357142857,0.1119000357142857,0.21535525357502522,2,1,WARNING,"Review revenue_per_session drivers for region_device_browser = EMEA + Mobile + Safari; check recent releases, tracking changes, campaign mix, and operational issues."
2026-04-17,revenue_per_session,residual_anomaly,region_device_browser,APAC + Mobile + Firefox,0.297417,0.3845001428571429,0.08708314285714291,0.16759433714564897,3,1,WARNING,"Review revenue_per_session drivers for region_device_browser = APAC + Mobile + Firefox; check recent releases, tracking changes, campaign mix, and operational issues."
2026-04-17,revenue_per_session,residual_anomaly,region_device_browser,APAC + Mobile + Safari,0.210411,0.2801889285714286,0.06977792857142859,0.13428989012844056,4,1,WARNING,"Review revenue_per_session drivers for region_device_browser = APAC + Mobile + Safari; check recent releases, tracking changes, campaign mix, and operational issues."
2026-04-17,revenue_per_session,residual_anomaly,region_device_browser,North America + Mobile + Chrome,0.210351,0.27955092857142855,0.06919992857142854,0.13317751035329733,5,1,WARNING,"Review revenue_per_session drivers for region_device_browser = North America + Mobile + Chrome; check recent releases, tracking changes, campaign mix, and operational issues."
2026-04-18,conversion_rate,residual_anomaly,browser,Firefox,0.060606,0.07978617857142857,0.01918017857142857,1.0,1,1,WARNING,"Review conversion_rate drivers for browser = Firefox; check recent releases, tracking changes, campaign mix, and operational issues."
2026-04-18,conversion_rate,residual_anomaly,business_segment,SMB,0.060606,0.07978617857142857,0.01918017857142857,1.0,1,1,WARNING,"Review conversion_rate drivers for business_segment = SMB; check recent releases, tracking changes, campaign mix, and operational issues."
2026-04-18,conversion_rate,residual_anomaly,channel,Email,0.060606,0.07978617857142857,0.01918017857142857,1.0,1,1,WARNING,"Review conversion_rate drivers for channel = Email; check recent releases, tracking changes, campaign mix, and operational issues."
2026-04-18,conversion_rate,residual_anomaly,device_type,Mobile,0.060606,0.07978617857142857,0.01918017857142857,1.0,1,1,WARNING,"Review conversion_rate drivers for device_type = Mobile; check recent releases, tracking changes, campaign mix, and operational issues."
2026-04-18,conversion_rate,residual_anomaly,full_segment,APAC + Mobile + Firefox + Email + SMB,0.060606,0.07978617857142857,0.01918017857142857,1.0,1,1,WARNING,"Review conversion_rate drivers for full_segment = APAC + Mobile + Firefox + Email + SMB; check recent releases, tracking changes, campaign mix, and operational issues."
2026-04-18,conversion_rate,residual_anomaly,region,APAC,0.060606,0.07978617857142857,0.01918017857142857,1.0,1,1,WARNING,"Review conversion_rate drivers for region = APAC; check recent releases, tracking changes, campaign mix, and operational issues."
2026-04-18,conversion_rate,residual_anomaly,region_device_browser,APAC + Mobile + Firefox,0.060606,0.07978617857142857,0.01918017857142857,1.0,1,1,WARNING,"Review conversion_rate drivers for region_device_browser = APAC + Mobile + Firefox; check recent releases, tracking changes, campaign mix, and operational issues."
2026-04-18,revenue_per_session,residual_anomaly,browser,Firefox,0.24518266666666666,0.3465017619047619,0.3039572857142857,0.4079878683252707,1,3,WARNING,"Review revenue_per_session drivers for browser = Firefox; check recent releases, tracking changes, campaign mix, and operational issues."
2026-04-18,revenue_per_session,residual_anomaly,browser,Safari,0.368589,0.45221298809523813,0.2508719642857143,0.33673388578588537,2,3,WARNING,"Review revenue_per_session drivers for browser = Safari; check recent releases, tracking changes, campaign mix, and operational issues."
2026-04-18,revenue_per_session,residual_anomaly,browser,Chrome,0.3328235,0.42791662500000005,0.19018625000000006,0.25527824588884396,3,2,WARNING,"Review revenue_per_session drivers for browser = Chrome; check recent releases, tracking changes, campaign mix, and operational issues."
2026-04-18,revenue_per_session,residual_anomaly,business_segment,SMB,0.25290175,0.33385522321428573,0.3238138928571428,0.43464047775803694,1,4,WARNING,"Review revenue_per_session drivers for business_segment = SMB; check recent releases, tracking changes, campaign mix, and operational issues."
2026-04-18,revenue_per_session,residual_anomaly,business_segment,Enterprise,0.4280953333333333,0.5338630595238095,0.3173031785714286,0.4259014457704955,2,3,WARNING,"Review revenue_per_session drivers for business_segment = Enterprise; check recent releases, tracking changes, campaign mix, and operational issues."
2026-04-18,revenue_per_session,residual_anomaly,business_segment,Mid-Market,0.211069,0.3149674285714286,0.10389842857142861,0.13945807647146752,3,1,WARNING,"Review revenue_per_session drivers for business_segment = Mid-Market; check recent releases, tracking changes, campaign mix, and operational issues."
2026-04-18,revenue_per_session,residual_anomaly,channel,Email,0.32285679999999994,0.4259938071428572,0.5156850357142857,0.6921802777449404,1,5,WARNING,"Review revenue_per_session drivers for channel = Email; check recent releases, tracking changes, campaign mix, and operational issues."
2026-04-18,revenue_per_session,residual_anomaly,channel,Paid Search,0.32595799999999997,0.4038116785714286,0.15570735714285716,0.20899881565263695,2,2,WARNING,"Review revenue_per_session drivers for channel = Paid Search; check recent releases, tracking changes, campaign mix, and operational issues."
2026-04-18,revenue_per_session,residual_anomaly,channel,Organic,0.240762,0.3143851071428571,0.07362310714285711,0.0988209066024225,3,1,WARNING,"Review revenue_per_session drivers for channel = Organic; check recent releases, tracking changes, campaign mix, and operational issues."
2026-04-18,revenue_per_session,residual_anomaly,device_type,Desktop,0.36282733333333334,0.4539329404761905,0.5466336428571428,0.7337211680255549,1,6,WARNING,"Review revenue_per_session drivers for device_type = Desktop; check recent releases, tracking changes, campaign mix, and operational issues."
2026-04-18,revenue_per_session,residual_anomaly,device_type,Mobile,0.164999,0.2641899285714286,0.19838185714285717,0.266278831974445,2,2,WARNING,"Review revenue_per_session drivers for device_type = Mobile; check recent releases, tracking changes, campaign mix, and operational issues."
2026-04-18,revenue_per_session,residual_anomaly,full_segment,EMEA + Desktop + Firefox + Email + Enterprise,0.375857,0.51170775,0.13585075000000002,0.1823462062198706,1,1,WARNING,"Review revenue_per_session drivers for full_segment = EMEA + Desktop + Firefox + Email + Enterprise; check recent releases, tracking changes, campaign mix, and operational issues."
2026-04-18,revenue_per_session,residual_anomaly,full_segment,APAC + Mobile + Chrome + Email + Mid-Market,0.211069,0.3149674285714286,0.10389842857142861,0.13945807647146752,2,1,WARNING,"Review revenue_per_session drivers for full_segment = APAC + Mobile + Chrome + Email + Mid-Market; check recent releases, tracking changes, campaign mix, and operational issues."
2026-04-18,revenue_per_session,residual_anomaly,full_segment,North America + Desktop + Safari + Email + Enterprise,0.453851,0.5490156071428571,0.09516460714285713,0.1277350701332484,3,1,WARNING,"Review revenue_per_session drivers for full_segment = North America + Desktop + Safari + Email + Enterprise; check recent releases, tracking changes, campaign mix, and operational issues."
2026-04-18,revenue_per_session,residual_anomaly,full_segment,APAC + Mobile + Firefox + Email + SMB,0.118929,0.21341242857142856,0.09448342857142855,0.12682075550297753,4,1,WARNING,"Review revenue_per_session drivers for full_segment = APAC + Mobile + Firefox + Email + SMB; check recent releases, tracking changes, campaign mix, and operational issues."
2026-04-18,revenue_per_session,residual_anomaly,full_segment,EMEA + Desktop + Safari + Paid Search + SMB,0.296156,0.38911235714285713,0.09295635714285716,0.12477103784130283,5,1,WARNING,"Review revenue_per_session drivers for full_segment = EMEA + Desktop + Safari + Paid Search + SMB; check recent releases, tracking changes, campaign mix, and operational issues."
2026-04-18,revenue_per_session,residual_anomaly,full_segment,EMEA + Desktop + Chrome + Email + Enterprise,0.454578,0.5408658214285714,0.08628782142857144,0.11582016941737647,6,1,WARNING,"Review revenue_per_session drivers for full_segment = EMEA + Desktop + Chrome + Email + Enterprise; check recent releases, tracking changes, campaign mix, and operational issues."
2026-04-18,revenue_per_session,residual_anomaly,full_segment,APAC + Desktop + Firefox + Organic + SMB,0.240762,0.3143851071428571,0.07362310714285711,0.0988209066024225,7,1,WARNING,"Review revenue_per_session drivers for full_segment = APAC + Desktop + Firefox + Organic + SMB; check recent releases, tracking changes, campaign mix, and operational issues."
2026-04-18,revenue_per_session,residual_anomaly,full_segment,North America + Desktop + Safari + Paid Search + SMB,0.35576,0.418511,0.062751,0.08422777781133413,8,1,WARNING,"Review revenue_per_session drivers for full_segment = North America + Desktop + Safari + Paid Search + SMB; check recent releases, tracking changes, campaign mix, and operational issues."
2026-04-18,revenue_per_session,residual_anomaly,region,EMEA,0.3755303333333333,0.4805619761904762,0.3150949285714286,0.4229374134785499,1,3,WARNING,"Review revenue_per_session drivers for region = EMEA; check recent releases, tracking changes, campaign mix, and operational issues."
2026-04-18,revenue_per_session,residual_anomaly,region,APAC,0.1902533333333333,0.2809216547619047,0.2720049642857143,0.36509973857686756,2,3,WARNING,"Review revenue_per_session drivers for region = APAC; check recent releases, tracking changes, campaign mix, and operational issues."
2026-04-18,revenue_per_session,residual_anomaly,region,North America,0.40480550000000004,0.4837633035714286,0.15791560714285713,0.2119628479445825,3,2,WARNING,"Review revenue_per_session drivers for region = North America; check recent releases, tracking changes, campaign mix, and operational issues."
2026-04-18,revenue_per_session,residual_anomaly,region_device_browser,North America + Desktop + Safari,0.40480550000000004,0.4837633035714286,0.15791560714285713,0.2119628479445825,1,2,WARNING,"Review revenue_per_session drivers for region_device_browser = North America + Desktop + Safari; check recent releases, tracking changes, campaign mix, and operational issues."
2026-04-18,revenue_per_session,residual_anomaly,region_device_browser,EMEA + Desktop + Firefox,0.375857,0.51170775,0.13585075000000002,0.1823462062198706,2,1,WARNING,"Review revenue_per_session drivers for region_device_browser = EMEA + Desktop + Firefox; check recent releases, tracking changes, campaign mix, and operational issues."
2026-04-18,revenue_per_session,residual_anomaly,region_device_browser,APAC + Mobile + Chrome,0.211069,0.3149674285714286,0.10389842857142861,0.13945807647146752,3,1,WARNING,"Review revenue_per_session drivers for region_device_browser = APAC + Mobile + Chrome; check recent releases, tracking changes, campaign mix, and operational issues."
2026-04-18,revenue_per_session,residual_anomaly,region_device_browser,APAC + Mobile + Firefox,0.118929,0.21341242857142856,0.09448342857142855,0.12682075550297753,4,1,WARNING,"Review revenue_per_session drivers for region_device_browser = APAC + Mobile + Firefox; check recent releases, tracking changes, campaign mix, and operational issues."
2026-04-18,revenue_per_session,residual_anomaly,region_device_browser,EMEA + Desktop + Safari,0.296156,0.38911235714285713,0.09295635714285716,0.12477103784130283,5,1,WARNING,"Review revenue_per_session drivers for region_device_browser = EMEA + Desktop + Safari; check recent releases, tracking changes, campaign mix, and operational issues."
2026-04-18,revenue_per_session,residual_anomaly,region_device_browser,EMEA + Desktop + Chrome,0.454578,0.5408658214285714,0.08628782142857144,0.11582016941737647,6,1,WARNING,"Review revenue_per_session drivers for region_device_browser = EMEA + Desktop + Chrome; check recent releases, tracking changes, campaign mix, and operational issues."
2026-04-18,revenue_per_session,residual_anomaly,region_device_browser,APAC + Desktop + Firefox,0.240762,0.3143851071428571,0.07362310714285711,0.0988209066024225,7,1,WARNING,"Review revenue_per_session drivers for region_device_browser = APAC + Desktop + Firefox; check recent releases, tracking changes, campaign mix, and operational issues."
2026-04-19,revenue_per_session,residual_anomaly,browser,Safari,0.344421,0.4508655714285714,0.10644457142857144,1.0,1,1,WARNING,"Review revenue_per_session drivers for browser = Safari; check recent releases, tracking changes, campaign mix, and operational issues."
2026-04-19,revenue_per_session,residual_anomaly,business_segment,Mid-Market,0.344421,0.4508655714285714,0.10644457142857144,1.0,1,1,WARNING,"Review revenue_per_session drivers for business_segment = Mid-Market; check recent releases, tracking changes, campaign mix, and operational issues."
2026-04-19,revenue_per_session,residual_anomaly,channel,Paid Search,0.344421,0.4508655714285714,0.10644457142857144,1.0,1,1,WARNING,"Review revenue_per_session drivers for channel = Paid Search; check recent releases, tracking changes, campaign mix, and operational issues."
2026-04-19,revenue_per_session,residual_anomaly,device_type,Mobile,0.344421,0.4508655714285714,0.10644457142857144,1.0,1,1,WARNING,"Review revenue_per_session drivers for device_type = Mobile; check recent releases, tracking changes, campaign mix, and operational issues."
2026-04-19,revenue_per_session,residual_anomaly,full_segment,APAC + Mobile + Safari + Paid Search + Mid-Market,0.344421,0.4508655714285714,0.10644457142857144,1.0,1,1,WARNING,"Review revenue_per_session drivers for full_segment = APAC + Mobile + Safari + Paid Search + Mid-Market; check recent releases, tracking changes, campaign mix, and operational issues."
2026-04-19,revenue_per_session,residual_anomaly,region,APAC,0.344421,0.4508655714285714,0.10644457142857144,1.0,1,1,WARNING,"Review revenue_per_session drivers for region = APAC; check recent releases, tracking changes, campaign mix, and operational issues."
2026-04-19,revenue_per_session,residual_anomaly,region_device_browser,APAC + Mobile + Safari,0.344421,0.4508655714285714,0.10644457142857144,1.0,1,1,WARNING,"Review revenue_per_session drivers for region_device_browser = APAC + Mobile + Safari; check recent releases, tracking changes, campaign mix, and operational issues."
2026-04-20,revenue_per_session,residual_anomaly,browser,Firefox,0.37206649999999997,0.4373677142857143,0.13060242857142862,1.0,1,2,WARNING,"Review revenue_per_session drivers for browser = Firefox; check recent releases, tracking changes, campaign mix, and operational issues."
2026-04-20,revenue_per_session,residual_anomaly,business_segment,Enterprise,0.427247,0.5055385,0.07829150000000001,0.5994643503675822,1,1,WARNING,"Review revenue_per_session drivers for business_segment = Enterprise; check recent releases, tracking changes, campaign mix, and operational issues."
2026-04-20,revenue_per_session,residual_anomaly,business_segment,SMB,0.316886,0.3691969285714286,0.052310928571428605,0.4005356496324178,2,1,WARNING,"Review revenue_per_session drivers for business_segment = SMB; check recent releases, tracking changes, campaign mix, and operational issues."
2026-04-20,revenue_per_session,residual_anomaly,channel,Email,0.427247,0.5055385,0.07829150000000001,0.5994643503675822,1,1,WARNING,"Review revenue_per_session drivers for channel = Email; check recent releases, tracking changes, campaign mix, and operational issues."
2026-04-20,revenue_per_session,residual_anomaly,channel,Organic,0.316886,0.3691969285714286,0.052310928571428605,0.4005356496324178,2,1,WARNING,"Review revenue_per_session drivers for channel = Organic; check recent releases, tracking changes, campaign mix, and operational issues."
2026-04-20,revenue_per_session,residual_anomaly,device_type,Desktop,0.37206649999999997,0.4373677142857143,0.13060242857142862,1.0,1,2,WARNING,"Review revenue_per_session drivers for device_type = Desktop; check recent releases, tracking changes, campaign mix, and operational issues."
2026-04-20,revenue_per_session,residual_anomaly,full_segment,APAC + Desktop + Firefox + Email + Enterprise,0.427247,0.5055385,0.07829150000000001,0.5994643503675822,1,1,WARNING,"Review revenue_per_session drivers for full_segment = APAC + Desktop + Firefox + Email + Enterprise; check recent releases, tracking changes, campaign mix, and operational issues."
2026-04-20,revenue_per_session,residual_anomaly,full_segment,North America + Desktop + Firefox + Organic + SMB,0.316886,0.3691969285714286,0.052310928571428605,0.4005356496324178,2,1,WARNING,"Review revenue_per_session drivers for full_segment = North America + Desktop + Firefox + Organic + SMB; check recent releases, tracking changes, campaign mix, and operational issues."
2026-04-20,revenue_per_session,residual_anomaly,region,APAC,0.427247,0.5055385,0.07829150000000001,0.5994643503675822,1,1,WARNING,"Review revenue_per_session drivers for region = APAC; check recent releases, tracking changes, campaign mix, and operational issues."
2026-04-20,revenue_per_session,residual_anomaly,region,North America,0.316886,0.3691969285714286,0.052310928571428605,0.4005356496324178,2,1,WARNING,"Review revenue_per_session drivers for region = North America; check recent releases, tracking changes, campaign mix, and operational issues."
2026-04-20,revenue_per_session,residual_anomaly,region_device_browser,APAC + Desktop + Firefox,0.427247,0.5055385,0.07829150000000001,0.5994643503675822,1,1,WARNING,"Review revenue_per_session drivers for region_device_browser = APAC + Desktop + Firefox; check recent releases, tracking changes, campaign mix, and operational issues."
2026-04-20,revenue_per_session,residual_anomaly,region_device_browser,North America + Desktop + Firefox,0.316886,0.3691969285714286,0.052310928571428605,0.4005356496324178,2,1,WARNING,"Review revenue_per_session drivers for region_device_browser = North America + Desktop + Firefox; check recent releases, tracking changes, campaign mix, and operational issues."
2026-04-21,revenue_per_session,residual_anomaly,browser,Firefox,0.298379,0.38777175,0.08939275000000002,0.5421923877657163,1,1,WARNING,"Review revenue_per_session drivers for browser = Firefox; check recent releases, tracking changes, campaign mix, and operational issues."
2026-04-21,revenue_per_session,residual_anomaly,browser,Chrome,0.355276,0.430756,0.07547999999999999,0.4578076122342836,2,1,WARNING,"Review revenue_per_session drivers for browser = Chrome; check recent releases, tracking changes, campaign mix, and operational issues."
2026-04-21,revenue_per_session,residual_anomaly,business_segment,SMB,0.3268275,0.409263875,0.16487275,1.0,1,2,WARNING,"Review revenue_per_session drivers for business_segment = SMB; check recent releases, tracking changes, campaign mix, and operational issues."
2026-04-21,revenue_per_session,residual_anomaly,channel,Paid Search,0.3268275,0.409263875,0.16487275,1.0,1,2,WARNING,"Review revenue_per_session drivers for channel = Paid Search; check recent releases, tracking changes, campaign mix, and operational issues."
2026-04-21,revenue_per_session,residual_anomaly,device_type,Desktop,0.3268275,0.409263875,0.16487275,1.0,1,2,WARNING,"Review revenue_per_session drivers for device_type = Desktop; check recent releases, tracking changes, campaign mix, and operational issues."
2026-04-21,revenue_per_session,residual_anomaly,full_segment,APAC + Desktop + Firefox + Paid Search + SMB,0.298379,0.38777175,0.08939275000000002,0.5421923877657163,1,1,WARNING,"Review revenue_per_session drivers for full_segment = APAC + Desktop + Firefox + Paid Search + SMB; check recent releases, tracking changes, campaign mix, and operational issues."
2026-04-21,revenue_per_session,residual_anomaly,full_segment,APAC + Desktop + Chrome + Paid Search + SMB,0.355276,0.430756,0.07547999999999999,0.4578076122342836,2,1,WARNING,"Review revenue_per_session drivers for full_segment = APAC + Desktop + Chrome + Paid Search + SMB; check recent releases, tracking changes, campaign mix, and operational issues."
2026-04-21,revenue_per_session,residual_anomaly,region,APAC,0.3268275,0.409263875,0.16487275,1.0,1,2,WARNING,"Review revenue_per_session drivers for region = APAC; check recent releases, tracking changes, campaign mix, and operational issues."
2026-04-21,revenue_per_session,residual_anomaly,region_device_browser,APAC + Desktop + Firefox,0.298379,0.38777175,0.08939275000000002,0.5421923877657163,1,1,WARNING,"Review revenue_per_session drivers for region_device_browser = APAC + Desktop + Firefox; check recent releases, tracking changes, campaign mix, and operational issues."
2026-04-21,revenue_per_session,residual_anomaly,region_device_browser,APAC + Desktop + Chrome,0.355276,0.430756,0.07547999999999999,0.4578076122342836,2,1,WARNING,"Review revenue_per_session drivers for region_device_browser = APAC + Desktop + Chrome; check recent releases, tracking changes, campaign mix, and operational issues."
2026-04-22,revenue_per_session,residual_anomaly,browser,Safari,0.30580666666666667,0.3938935714285714,0.2642607142857143,0.7411438453899798,1,3,WARNING,"Review revenue_per_session drivers for browser = Safari; check recent releases, tracking changes, campaign mix, and operational issues."
2026-04-22,revenue_per_session,residual_anomaly,browser,Chrome,0.254406,0.34670321428571427,0.09229721428571425,0.2588561546100202,2,1,WARNING,"Review revenue_per_session drivers for browser = Chrome; check recent releases, tracking changes, campaign mix, and operational issues."
2026-04-22,revenue_per_session,residual_anomaly,business_segment,SMB,0.21342,0.2980823928571429,0.1693247857142857,0.4748871702073656,1,2,WARNING,"Review revenue_per_session drivers for business_segment = SMB; check recent releases, tracking changes, campaign mix, and operational issues."
2026-04-22,revenue_per_session,residual_anomaly,business_segment,Enterprise,0.382328,0.4891430714285714,0.10681507142857138,0.29957284039800375,2,1,WARNING,"Review revenue_per_session drivers for business_segment = Enterprise; check recent releases, tracking changes, campaign mix, and operational issues."
2026-04-22,revenue_per_session,residual_anomaly,business_segment,Mid-Market,0.362658,0.44307607142857147,0.08041807142857149,0.2255399893946307,3,1,WARNING,"Review revenue_per_session drivers for business_segment = Mid-Market; check recent releases, tracking changes, campaign mix, and operational issues."
2026-04-22,revenue_per_session,residual_anomaly,channel,Email,0.277381,0.36930232142857145,0.18384264285714283,0.5156038559953492,1,2,WARNING,"Review revenue_per_session drivers for channel = Email; check recent releases, tracking changes, campaign mix, and operational issues."
2026-04-22,revenue_per_session,residual_anomaly,channel,Organic,0.254406,0.34670321428571427,0.09229721428571425,0.2588561546100202,2,1,WARNING,"Review revenue_per_session drivers for channel = Organic; check recent releases, tracking changes, campaign mix, and operational issues."
2026-04-22,revenue_per_session,residual_anomaly,channel,Paid Search,0.362658,0.44307607142857147,0.08041807142857149,0.2255399893946307,3,1,WARNING,"Review revenue_per_session drivers for channel = Paid Search; check recent releases, tracking changes, campaign mix, and operational issues."
2026-04-22,revenue_per_session,residual_anomaly,device_type,Mobile,0.37249299999999996,0.46610957142857146,0.18723314285714288,0.5251128297926345,1,2,WARNING,"Review revenue_per_session drivers for device_type = Mobile; check recent releases, tracking changes, campaign mix, and operational issues."
2026-04-22,revenue_per_session,residual_anomaly,device_type,Desktop,0.21342,0.2980823928571429,0.1693247857142857,0.4748871702073656,2,2,WARNING,"Review revenue_per_session drivers for device_type = Desktop; check recent releases, tracking changes, campaign mix, and operational issues."
2026-04-22,revenue_per_session,residual_anomaly,full_segment,EMEA + Mobile + Safari + Email + Enterprise,0.382328,0.4891430714285714,0.10681507142857138,0.29957284039800375,1,1,WARNING,"Review revenue_per_session drivers for full_segment = EMEA + Mobile + Safari + Email + Enterprise; check recent releases, tracking changes, campaign mix, and operational issues."
2026-04-22,revenue_per_session,residual_anomaly,full_segment,APAC + Desktop + Chrome + Organic + SMB,0.254406,0.34670321428571427,0.09229721428571425,0.2588561546100202,2,1,WARNING,"Review revenue_per_session drivers for full_segment = APAC + Desktop + Chrome + Organic + SMB; check recent releases, tracking changes, campaign mix, and operational issues."
2026-04-22,revenue_per_session,residual_anomaly,full_segment,APAC + Mobile + Safari + Paid Search + Mid-Market,0.362658,0.44307607142857147,0.08041807142857149,0.2255399893946307,3,1,WARNING,"Review revenue_per_session drivers for full_segment = APAC + Mobile + Safari + Paid Search + Mid-Market; check recent releases, tracking changes, campaign mix, and operational issues."
2026-04-22,revenue_per_session,residual_anomaly,full_segment,EMEA + Desktop + Safari + Email + SMB,0.172434,0.24946157142857145,0.07702757142857145,0.2160310155973454,4,1,WARNING,"Review revenue_per_session drivers for full_segment = EMEA + Desktop + Safari + Email + SMB; check recent releases, tracking changes, campaign mix, and operational issues."
2026-04-22,revenue_per_session,residual_anomaly,region,EMEA,0.277381,0.36930232142857145,0.18384264285714283,0.5156038559953492,1,2,WARNING,"Review revenue_per_session drivers for region = EMEA; check recent releases, tracking changes, campaign mix, and operational issues."
2026-04-22,revenue_per_session,residual_anomaly,region,APAC,0.30853200000000003,0.3948896428571429,0.17271528571428574,0.4843961440046509,2,2,WARNING,"Review revenue_per_session drivers for region = APAC; check recent releases, tracking changes, campaign mix, and operational issues."
2026-04-22,revenue_per_session,residual_anomaly,region_device_browser,EMEA + Mobile + Safari,0.382328,0.4891430714285714,0.10681507142857138,0.29957284039800375,1,1,WARNING,"Review revenue_per_session drivers for region_device_browser = EMEA + Mobile + Safari; check recent releases, tracking changes, campaign mix, and operational issues."
2026-04-22,revenue_per_session,residual_anomaly,region_device_browser,APAC + Desktop + Chrome,0.254406,0.34670321428571427,0.09229721428571425,0.2588561546100202,2,1,WARNING,"Review revenue_per_session drivers for region_device_browser = APAC + Desktop + Chrome; check recent releases, tracking changes, campaign mix, and operational issues."
2026-04-22,revenue_per_session,residual_anomaly,region_device_browser,APAC + Mobile + Safari,0.362658,0.44307607142857147,0.08041807142857149,0.2255399893946307,3,1,WARNING,"Review revenue_per_session drivers for region_device_browser = APAC + Mobile + Safari; check recent releases, tracking changes, campaign mix, and operational issues."
2026-04-22,revenue_per_session,residual_anomaly,region_device_browser,EMEA + Desktop + Safari,0.172434,0.24946157142857145,0.07702757142857145,0.2160310155973454,4,1,WARNING,"Review revenue_per_session drivers for region_device_browser = EMEA + Desktop + Safari; check recent releases, tracking changes, campaign mix, and operational issues."
2026-04-23,revenue_per_session,residual_anomaly,browser,Safari,0.304715,0.3935008714285715,0.44392935714285714,0.5294841649159217,1,5,WARNING,"Review revenue_per_session drivers for browser = Safari; check recent releases, tracking changes, campaign mix, and operational issues."
2026-04-23,revenue_per_session,residual_anomaly,browser,Firefox,0.2839428,0.36284064285714285,0.3944892142857143,0.4705158350840784,2,5,WARNING,"Review revenue_per_session drivers for browser = Firefox; check recent releases, tracking changes, campaign mix, and operational issues."
2026-04-23,revenue_per_session,residual_anomaly,business_segment,Mid-Market,0.28865066666666667,0.374399,0.5144900000000001,0.6136433728124208,1,6,WARNING,"Review revenue_per_session drivers for business_segment = Mid-Market; check recent releases, tracking changes, campaign mix, and operational issues."
2026-04-23,revenue_per_session,residual_anomaly,business_segment,SMB,0.2724763333333334,0.34953463095238096,0.23117489285714277,0.2757273046364498,2,3,WARNING,"Review revenue_per_session drivers for business_segment = SMB; check recent releases, tracking changes, campaign mix, and operational issues."
2026-04-23,revenue_per_session,residual_anomaly,business_segment,Enterprise,0.393956,0.4867096785714286,0.09275367857142863,0.11062932255112949,3,1,WARNING,"Review revenue_per_session drivers for business_segment = Enterprise; check recent releases, tracking changes, campaign mix, and operational issues."
2026-04-23,revenue_per_session,residual_anomaly,channel,Organic,0.28730780000000006,0.3700807071428572,0.41386453571428566,0.49362520084580996,1,5,WARNING,"Review revenue_per_session drivers for channel = Organic; check recent releases, tracking changes, campaign mix, and operational issues."
2026-04-23,revenue_per_session,residual_anomaly,channel,Email,0.2739293333333333,0.3541071428571429,0.2405334285714286,0.28688943299715625,2,3,WARNING,"Review revenue_per_session drivers for channel = Email; check recent releases, tracking changes, campaign mix, and operational issues."
2026-04-23,revenue_per_session,residual_anomaly,channel,Paid Search,0.342481,0.43449130357142857,0.18402060714285717,0.21948536615703376,3,2,WARNING,"Review revenue_per_session drivers for channel = Paid Search; check recent releases, tracking changes, campaign mix, and operational issues."
2026-04-23,revenue_per_session,residual_anomaly,device_type,Mobile,0.2711275,0.349761494047619,0.4718039642857143,0.5627308129420525,1,6,WARNING,"Review revenue_per_session drivers for device_type = Mobile; check recent releases, tracking changes, campaign mix, and operational issues."
2026-04-23,revenue_per_session,residual_anomaly,device_type,Desktop,0.32913099999999995,0.42078465178571434,0.36661460714285715,0.43726918705794754,2,4,WARNING,"Review revenue_per_session drivers for device_type = Desktop; check recent releases, tracking changes, campaign mix, and operational issues."
2026-04-23,revenue_per_session,residual_anomaly,full_segment,APAC + Desktop + Safari + Organic + Mid-Market,0.299991,0.4067504642857143,0.10675946428571431,0.12733432670009698,1,1,WARNING,"Review revenue_per_session drivers for full_segment = APAC + Desktop + Safari + Organic + Mid-Market; check recent releases, tracking changes, campaign mix, and operational issues."
2026-04-23,revenue_per_session,residual_anomaly,full_segment,APAC + Mobile + Firefox + Paid Search + Mid-Market,0.375057,0.4682180357142857,0.09316103571428574,0.11111518624348905,2,1,WARNING,"Review revenue_per_session drivers for full_segment = APAC + Mobile + Firefox + Paid Search + Mid-Market; check recent releases, tracking changes, campaign mix, and operational issues."
2026-04-23,revenue_per_session,residual_anomaly,full_segment,EMEA + Desktop + Safari + Email + Enterprise,0.393956,0.4867096785714286,0.09275367857142863,0.11062932255112949,3,1,WARNING,"Review revenue_per_session drivers for full_segment = EMEA + Desktop + Safari + Email + Enterprise; check recent releases, tracking changes, campaign mix, and operational issues."
2026-04-23,revenue_per_session,residual_anomaly,full_segment,North America + Mobile + Firefox + Paid Search + SMB,0.309905,0.4007645714285714,0.09085957142857143,0.10837017991354471,4,1,WARNING,"Review revenue_per_session drivers for full_segment = North America + Mobile + Firefox + Paid Search + SMB; check recent releases, tracking changes, campaign mix, and operational issues."
2026-04-23,revenue_per_session,residual_anomaly,full_segment,EMEA + Desktop + Safari + Organic + Mid-Market,0.328149,0.41363314285714287,0.08548414285714284,0.1019587897623587,5,1,WARNING,"Review revenue_per_session drivers for full_segment = EMEA + Desktop + Safari + Organic + Mid-Market; check recent releases, tracking changes, campaign mix, and operational issues."
2026-04-23,revenue_per_session,residual_anomaly,full_segment,North America + Desktop + Safari + Organic + SMB,0.294428,0.3760453214285714,0.08161732142857137,0.09734674804436236,6,1,WARNING,"Review revenue_per_session drivers for full_segment = North America + Desktop + Safari + Organic + SMB; check recent releases, tracking changes, campaign mix, and operational issues."
2026-04-23,revenue_per_session,residual_anomaly,full_segment,APAC + Mobile + Firefox + Organic + Mid-Market,0.300875,0.3821806071428572,0.08130560714285717,0.09697495966044921,7,1,WARNING,"Review revenue_per_session drivers for full_segment = APAC + Mobile + Firefox + Organic + Mid-Market; check recent releases, tracking changes, campaign mix, and operational issues."
2026-04-23,revenue_per_session,residual_anomaly,full_segment,APAC + Mobile + Safari + Email + Mid-Market,0.207051,0.28436575,0.07731474999999996,0.09221497785797406,8,1,WARNING,"Review revenue_per_session drivers for full_segment = APAC + Mobile + Safari + Email + Mid-Market; check recent releases, tracking changes, campaign mix, and operational issues."
2026-04-23,revenue_per_session,residual_anomaly,full_segment,APAC + Mobile + Firefox + Email + Mid-Market,0.220781,0.291246,0.070465,0.08404513258805267,9,1,WARNING,"Review revenue_per_session drivers for full_segment = APAC + Mobile + Firefox + Email + Mid-Market; check recent releases, tracking changes, campaign mix, and operational issues."
2026-04-23,revenue_per_session,residual_anomaly,full_segment,APAC + Mobile + Firefox + Organic + SMB,0.213096,0.271794,0.05869799999999997,0.07001037667854274,10,1,WARNING,"Review revenue_per_session drivers for full_segment = APAC + Mobile + Firefox + Organic + SMB; check recent releases, tracking changes, campaign mix, and operational issues."
2026-04-23,revenue_per_session,residual_anomaly,region,APAC,0.26947516666666665,0.3507591428571428,0.48770385714285713,0.5816949597286046,1,6,WARNING,"Review revenue_per_session drivers for region = APAC; check recent releases, tracking changes, campaign mix, and operational issues."
2026-04-23,revenue_per_session,residual_anomaly,region,EMEA,0.3610525,0.45017141071428574,0.17823782142857147,0.2125881123134882,2,2,WARNING,"Review revenue_per_session drivers for region = EMEA; check recent releases, tracking changes, campaign mix, and operational issues."
2026-04-23,revenue_per_session,residual_anomaly,region,North America,0.3021665,0.3884049464285714,0.1724768928571428,0.20571692795790705,3,2,WARNING,"Review revenue_per_session drivers for region = North America; check recent releases, tracking changes, campaign mix, and operational issues."
2026-04-23,revenue_per_session,residual_anomaly,region_device_browser,APAC + Mobile + Firefox,0.27745225,0.3533596607142857,0.3036296428571429,0.36214565517053365,1,4,WARNING,"Review revenue_per_session drivers for region_device_browser = APAC + Mobile + Firefox; check recent releases, tracking changes, campaign mix, and operational issues."
2026-04-23,revenue_per_session,residual_anomaly,region_device_browser,EMEA + Desktop + Safari,0.3610525,0.45017141071428574,0.17823782142857147,0.2125881123134882,2,2,WARNING,"Review revenue_per_session drivers for region_device_browser = EMEA + Desktop + Safari; check recent releases, tracking changes, campaign mix, and operational issues."
2026-04-23,revenue_per_session,residual_anomaly,region_device_browser,APAC + Desktop + Safari,0.299991,0.4067504642857143,0.10675946428571431,0.12733432670009698,3,1,WARNING,"Review revenue_per_session drivers for region_device_browser = APAC + Desktop + Safari; check recent releases, tracking changes, campaign mix, and operational issues."
2026-04-23,revenue_per_session,residual_anomaly,region_device_browser,North America + Mobile + Firefox,0.309905,0.4007645714285714,0.09085957142857143,0.10837017991354471,4,1,WARNING,"Review revenue_per_session drivers for region_device_browser = North America + Mobile + Firefox; check recent releases, tracking changes, campaign mix, and operational issues."
2026-04-23,revenue_per_session,residual_anomaly,region_device_browser,North America + Desktop + Safari,0.294428,0.3760453214285714,0.08161732142857137,0.09734674804436236,5,1,WARNING,"Review revenue_per_session drivers for region_device_browser = North America + Desktop + Safari; check recent releases, tracking changes, campaign mix, and operational issues."
2026-04-23,revenue_per_session,residual_anomaly,region_device_browser,APAC + Mobile + Safari,0.207051,0.28436575,0.07731474999999996,0.09221497785797406,6,1,WARNING,"Review revenue_per_session drivers for region_device_browser = APAC + Mobile + Safari; check recent releases, tracking changes, campaign mix, and operational issues."
2026-04-24,revenue_per_session,residual_anomaly,browser,Chrome,0.3747486666666667,0.4719732380952381,0.2916737142857143,0.457916636926167,1,3,WARNING,"Review revenue_per_session drivers for browser = Chrome; check recent releases, tracking changes, campaign mix, and operational issues."
2026-04-24,revenue_per_session,residual_anomaly,browser,Safari,0.2796983333333333,0.35936267857142856,0.2389930357142857,0.37520997540374235,2,3,WARNING,"Review revenue_per_session drivers for browser = Safari; check recent releases, tracking changes, campaign mix, and operational issues."
2026-04-24,revenue_per_session,residual_anomaly,browser,Firefox,0.374276,0.48056735714285714,0.10629135714285715,0.16687338767009066,3,1,WARNING,"Review revenue_per_session drivers for browser = Firefox; check recent releases, tracking changes, campaign mix, and operational issues."
2026-04-24,revenue_per_session,residual_anomaly,business_segment,Enterprise,0.4397246666666667,0.54991375,0.33056725000000003,0.5189780085895983,1,3,WARNING,"Review revenue_per_session drivers for business_segment = Enterprise; check recent releases, tracking changes, campaign mix, and operational issues."
2026-04-24,revenue_per_session,residual_anomaly,business_segment,Mid-Market,0.2630935,0.34583408928571424,0.16548117857142852,0.25979915588752267,2,2,WARNING,"Review revenue_per_session drivers for business_segment = Mid-Market; check recent releases, tracking changes, campaign mix, and operational issues."
2026-04-24,revenue_per_session,residual_anomaly,business_segment,SMB,0.246128,0.3165828392857143,0.1409096785714286,0.22122283552287897,3,2,WARNING,"Review revenue_per_session drivers for business_segment = SMB; check recent releases, tracking changes, campaign mix, and operational issues."
2026-04-24,revenue_per_session,residual_anomaly,channel,Email,0.3392638,0.43550200714285714,0.48119103571428573,0.7554516228276282,1,5,WARNING,"Review revenue_per_session drivers for channel = Email; check recent releases, tracking changes, campaign mix, and operational issues."
2026-04-24,revenue_per_session,residual_anomaly,channel,Organic,0.32839,0.41064521428571427,0.08225521428571425,0.12913755765615215,2,1,WARNING,"Review revenue_per_session drivers for channel = Organic; check recent releases, tracking changes, campaign mix, and operational issues."
2026-04-24,revenue_per_session,residual_anomaly,channel,Paid Search,0.312908,0.3864198571428572,0.07351185714285718,0.11541081951621965,3,1,WARNING,"Review revenue_per_session drivers for channel = Paid Search; check recent releases, tracking changes, campaign mix, and operational issues."
2026-04-24,revenue_per_session,residual_anomaly,device_type,Mobile,0.26995275,0.3547453392857143,0.3391703571428571,0.5324845595642727,1,4,WARNING,"Review revenue_per_session drivers for device_type = Mobile; check recent releases, tracking changes, campaign mix, and operational issues."
2026-04-24,revenue_per_session,residual_anomaly,device_type,Desktop,0.4192686666666667,0.51853125,0.2977877500000001,0.46751544043572735,2,3,WARNING,"Review revenue_per_session drivers for device_type = Desktop; check recent releases, tracking changes, campaign mix, and operational issues."
2026-04-24,revenue_per_session,residual_anomaly,full_segment,North America + Desktop + Chrome + Email + Enterprise,0.489128,0.6172887142857143,0.1281607142857143,0.201207446531441,1,1,WARNING,"Review revenue_per_session drivers for full_segment = North America + Desktop + Chrome + Email + Enterprise; check recent releases, tracking changes, campaign mix, and operational issues."
2026-04-24,revenue_per_session,residual_anomaly,full_segment,APAC + Mobile + Firefox + Email + Enterprise,0.374276,0.48056735714285714,0.10629135714285715,0.16687338767009066,2,1,WARNING,"Review revenue_per_session drivers for full_segment = APAC + Mobile + Firefox + Email + Enterprise; check recent releases, tracking changes, campaign mix, and operational issues."
2026-04-24,revenue_per_session,residual_anomaly,full_segment,EMEA + Desktop + Chrome + Email + Enterprise,0.45577,0.5518851785714286,0.0961151785714286,0.1508971743880667,3,1,WARNING,"Review revenue_per_session drivers for full_segment = EMEA + Desktop + Chrome + Email + Enterprise; check recent releases, tracking changes, campaign mix, and operational issues."
2026-04-24,revenue_per_session,residual_anomaly,full_segment,APAC + Mobile + Safari + Email + Mid-Market,0.197797,0.28102296428571427,0.08322596428571427,0.13066159823137052,4,1,WARNING,"Review revenue_per_session drivers for full_segment = APAC + Mobile + Safari + Email + Mid-Market; check recent releases, tracking changes, campaign mix, and operational issues."
2026-04-24,revenue_per_session,residual_anomaly,full_segment,North America + Mobile + Safari + Organic + Mid-Market,0.32839,0.41064521428571427,0.08225521428571425,0.12913755765615215,5,1,WARNING,"Review revenue_per_session drivers for full_segment = North America + Mobile + Safari + Organic + Mid-Market; check recent releases, tracking changes, campaign mix, and operational issues."
2026-04-24,revenue_per_session,residual_anomaly,full_segment,EMEA + Desktop + Safari + Paid Search + SMB,0.312908,0.3864198571428572,0.07351185714285718,0.11541081951621965,6,1,WARNING,"Review revenue_per_session drivers for full_segment = EMEA + Desktop + Safari + Paid Search + SMB; check recent releases, tracking changes, campaign mix, and operational issues."
2026-04-24,revenue_per_session,residual_anomaly,full_segment,EMEA + Mobile + Chrome + Email + SMB,0.179348,0.24674582142857143,0.06739782142857142,0.10581201600665932,7,1,WARNING,"Review revenue_per_session drivers for full_segment = EMEA + Mobile + Chrome + Email + SMB; check recent releases, tracking changes, campaign mix, and operational issues."
2026-04-24,revenue_per_session,residual_anomaly,region,EMEA,0.31600866666666666,0.3950169523809524,0.2370248571428572,0.3721200099109457,1,3,WARNING,"Review revenue_per_session drivers for region = EMEA; check recent releases, tracking changes, campaign mix, and operational issues."
2026-04-24,revenue_per_session,residual_anomaly,region,North America,0.408759,0.5139669642857143,0.21041592857142855,0.3303450041875931,2,2,WARNING,"Review revenue_per_session drivers for region = North America; check recent releases, tracking changes, campaign mix, and operational issues."
2026-04-24,revenue_per_session,residual_anomaly,region,APAC,0.2860365,0.3807951607142857,0.18951732142857142,0.2975349859014612,3,2,WARNING,"Review revenue_per_session drivers for region = APAC; check recent releases, tracking changes, campaign mix, and operational issues."
2026-04-24,revenue_per_session,residual_anomaly,region_device_browser,North America + Desktop + Chrome,0.489128,0.6172887142857143,0.1281607142857143,0.201207446531441,1,1,WARNING,"Review revenue_per_session drivers for region_device_browser = North America + Desktop + Chrome; check recent releases, tracking changes, campaign mix, and operational issues."
2026-04-24,revenue_per_session,residual_anomaly,region_device_browser,APAC + Mobile + Firefox,0.374276,0.48056735714285714,0.10629135714285715,0.16687338767009066,2,1,WARNING,"Review revenue_per_session drivers for region_device_browser = APAC + Mobile + Firefox; check recent releases, tracking changes, campaign mix, and operational issues."
2026-04-24,revenue_per_session,residual_anomaly,region_device_browser,EMEA + Desktop + Chrome,0.45577,0.5518851785714286,0.0961151785714286,0.1508971743880667,3,1,WARNING,"Review revenue_per_session drivers for region_device_browser = EMEA + Desktop + Chrome; check recent releases, tracking changes, campaign mix, and operational issues."
2026-04-24,revenue_per_session,residual_anomaly,region_device_browser,APAC + Mobile + Safari,0.197797,0.28102296428571427,0.08322596428571427,0.13066159823137052,4,1,WARNING,"Review revenue_per_session drivers for region_device_browser = APAC + Mobile + Safari; check recent releases, tracking changes, campaign mix, and operational issues."
2026-04-24,revenue_per_session,residual_anomaly,region_device_browser,North America + Mobile + Safari,0.32839,0.41064521428571427,0.08225521428571425,0.12913755765615215,5,1,WARNING,"Review revenue_per_session drivers for region_device_browser = North America + Mobile + Safari; check recent releases, tracking changes, campaign mix, and operational issues."
2026-04-24,revenue_per_session,residual_anomaly,region_device_browser,EMEA + Desktop + Safari,0.312908,0.3864198571428572,0.07351185714285718,0.11541081951621965,6,1,WARNING,"Review revenue_per_session drivers for region_device_browser = EMEA + Desktop + Safari; check recent releases, tracking changes, campaign mix, and operational issues."
2026-04-24,revenue_per_session,residual_anomaly,region_device_browser,EMEA + Mobile + Chrome,0.179348,0.24674582142857143,0.06739782142857142,0.10581201600665932,7,1,WARNING,"Review revenue_per_session drivers for region_device_browser = EMEA + Mobile + Chrome; check recent releases, tracking changes, campaign mix, and operational issues."
2026-04-25,revenue_per_session,residual_anomaly,browser,Safari,0.3451576666666667,0.42601120238095236,0.2425606071428571,0.3621774426550796,1,3,WARNING,"Review revenue_per_session drivers for browser = Safari; check recent releases, tracking changes, campaign mix, and operational issues."
2026-04-25,revenue_per_session,residual_anomaly,browser,Firefox,0.3542405,0.4625692678571428,0.21665753571428564,0.32350047743217103,2,2,WARNING,"Review revenue_per_session drivers for browser = Firefox; check recent releases, tracking changes, campaign mix, and operational issues."
2026-04-25,revenue_per_session,residual_anomaly,browser,Chrome,0.2685985,0.37385375,0.2105104999999999,0.31432207991274924,3,2,WARNING,"Review revenue_per_session drivers for browser = Chrome; check recent releases, tracking changes, campaign mix, and operational issues."
2026-04-25,revenue_per_session,residual_anomaly,business_segment,Mid-Market,0.28579566666666667,0.3875973571428571,0.3054050714285713,0.45601315500808903,1,3,WARNING,"Review revenue_per_session drivers for business_segment = Mid-Market; check recent releases, tracking changes, campaign mix, and operational issues."
2026-04-25,revenue_per_session,residual_anomaly,business_segment,Enterprise,0.3945365,0.48874326785714284,0.1884135357142857,0.2813281733188101,2,2,WARNING,"Review revenue_per_session drivers for business_segment = Enterprise; check recent releases, tracking changes, campaign mix, and operational issues."
2026-04-25,revenue_per_session,residual_anomaly,business_segment,SMB,0.3173455,0.40530051785714283,0.17591003571428565,0.2626586716731008,3,2,WARNING,"Review revenue_per_session drivers for business_segment = SMB; check recent releases, tracking changes, campaign mix, and operational issues."
2026-04-25,revenue_per_session,residual_anomaly,channel,Email,0.33615833333333334,0.43294914285714287,0.29037242857142853,0.4335672838071624,1,3,WARNING,"Review revenue_per_session drivers for channel = Email; check recent releases, tracking changes, campaign mix, and operational issues."
2026-04-25,revenue_per_session,residual_anomaly,channel,Organic,0.3189925,0.4207155892857143,0.2034461785714285,0.30377404451973666,2,2,WARNING,"Review revenue_per_session drivers for channel = Organic; check recent releases, tracking changes, campaign mix, and operational issues."
2026-04-25,revenue_per_session,residual_anomaly,channel,Paid Search,0.3173455,0.40530051785714283,0.17591003571428565,0.2626586716731008,3,2,WARNING,"Review revenue_per_session drivers for channel = Paid Search; check recent releases, tracking changes, campaign mix, and operational issues."
2026-04-25,revenue_per_session,residual_anomaly,device_type,Desktop,0.3332448,0.42752529999999994,0.4714024999999999,0.703870896112402,1,5,WARNING,"Review revenue_per_session drivers for device_type = Desktop; check recent releases, tracking changes, campaign mix, and operational issues."
2026-04-25,revenue_per_session,residual_anomaly,device_type,Mobile,0.3074635,0.4066265714285714,0.19832614285714276,0.2961291038875979,2,2,WARNING,"Review revenue_per_session drivers for device_type = Mobile; check recent releases, tracking changes, campaign mix, and operational issues."
2026-04-25,revenue_per_session,residual_anomaly,full_segment,APAC + Desktop + Firefox + Organic + Mid-Market,0.312956,0.4332462857142857,0.12029028571428568,0.17961048403292548,1,1,WARNING,"Review revenue_per_session drivers for full_segment = APAC + Desktop + Firefox + Organic + Mid-Market; check recent releases, tracking changes, campaign mix, and operational issues."
2026-04-25,revenue_per_session,residual_anomaly,full_segment,APAC + Desktop + Chrome + Paid Search + SMB,0.317795,0.4263466071428571,0.10855160714285711,0.16208296942439693,2,1,WARNING,"Review revenue_per_session drivers for full_segment = APAC + Desktop + Chrome + Paid Search + SMB; check recent releases, tracking changes, campaign mix, and operational issues."
2026-04-25,revenue_per_session,residual_anomaly,full_segment,APAC + Mobile + Chrome + Email + Mid-Market,0.219402,0.3213608928571428,0.1019588928571428,0.1522391104883523,3,1,WARNING,"Review revenue_per_session drivers for full_segment = APAC + Mobile + Chrome + Email + Mid-Market; check recent releases, tracking changes, campaign mix, and operational issues."
2026-04-25,revenue_per_session,residual_anomaly,full_segment,EMEA + Mobile + Firefox + Email + Enterprise,0.395525,0.49189225,0.09636724999999996,0.14388999339924557,4,1,WARNING,"Review revenue_per_session drivers for full_segment = EMEA + Mobile + Firefox + Email + Enterprise; check recent releases, tracking changes, campaign mix, and operational issues."
2026-04-25,revenue_per_session,residual_anomaly,full_segment,APAC + Desktop + Safari + Email + Enterprise,0.393548,0.48559428571428576,0.09204628571428575,0.1374381799195645,5,1,WARNING,"Review revenue_per_session drivers for full_segment = APAC + Desktop + Safari + Email + Enterprise; check recent releases, tracking changes, campaign mix, and operational issues."
2026-04-25,revenue_per_session,residual_anomaly,full_segment,EMEA + Desktop + Safari + Organic + Mid-Market,0.325029,0.4081848928571428,0.08315589285714281,0.1241635604868112,6,1,WARNING,"Review revenue_per_session drivers for full_segment = EMEA + Desktop + Safari + Organic + Mid-Market; check recent releases, tracking changes, campaign mix, and operational issues."
2026-04-25,revenue_per_session,residual_anomaly,full_segment,EMEA + Desktop + Safari + Paid Search + SMB,0.316896,0.38425442857142855,0.06735842857142854,0.1005757022487039,7,1,WARNING,"Review revenue_per_session drivers for full_segment = EMEA + Desktop + Safari + Paid Search + SMB; check recent releases, tracking changes, campaign mix, and operational issues."
2026-04-25,revenue_per_session,residual_anomaly,region,APAC,0.31092525000000004,0.4166370178571428,0.42284707142857136,0.6313707438652393,1,4,WARNING,"Review revenue_per_session drivers for region = APAC; check recent releases, tracking changes, campaign mix, and operational issues."
2026-04-25,revenue_per_session,residual_anomaly,region,EMEA,0.3458166666666667,0.4281105238095238,0.2468815714285713,0.36862925613476066,2,3,WARNING,"Review revenue_per_session drivers for region = EMEA; check recent releases, tracking changes, campaign mix, and operational issues."
2026-04-25,revenue_per_session,residual_anomaly,region_device_browser,EMEA + Desktop + Safari,0.32096250000000004,0.3962196607142857,0.15051432142857135,0.2247392627355151,1,2,WARNING,"Review revenue_per_session drivers for region_device_browser = EMEA + Desktop + Safari; check recent releases, tracking changes, campaign mix, and operational issues."
2026-04-25,revenue_per_session,residual_anomaly,region_device_browser,APAC + Desktop + Firefox,0.312956,0.4332462857142857,0.12029028571428568,0.17961048403292548,2,1,WARNING,"Review revenue_per_session drivers for region_device_browser = APAC + Desktop + Firefox; check recent releases, tracking changes, campaign mix, and operational issues."
2026-04-25,revenue_per_session,residual_anomaly,region_device_browser,APAC + Desktop + Chrome,0.317795,0.4263466071428571,0.10855160714285711,0.16208296942439693,3,1,WARNING,"Review revenue_per_session drivers for region_device_browser = APAC + Desktop + Chrome; check recent releases, tracking changes, campaign mix, and operational issues."
2026-04-25,revenue_per_session,residual_anomaly,region_device_browser,APAC + Mobile + Chrome,0.219402,0.3213608928571428,0.1019588928571428,0.1522391104883523,4,1,WARNING,"Review revenue_per_session drivers for region_device_browser = APAC + Mobile + Chrome; check recent releases, tracking changes, campaign mix, and operational issues."
2026-04-25,revenue_per_session,residual_anomaly,region_device_browser,EMEA + Mobile + Firefox,0.395525,0.49189225,0.09636724999999996,0.14388999339924557,5,1,WARNING,"Review revenue_per_session drivers for region_device_browser = EMEA + Mobile + Firefox; check recent releases, tracking changes, campaign mix, and operational issues."
2026-04-25,revenue_per_session,residual_anomaly,region_device_browser,APAC + Desktop + Safari,0.393548,0.48559428571428576,0.09204628571428575,0.1374381799195645,6,1,WARNING,"Review revenue_per_session drivers for region_device_browser = APAC + Desktop + Safari; check recent releases, tracking changes, campaign mix, and operational issues."
2026-04-26,revenue_per_session,residual_anomaly,browser,Safari,0.360442,0.4859785357142857,0.1255365357142857,1.0,1,1,WARNING,"Review revenue_per_session drivers for browser = Safari; check recent releases, tracking changes, campaign mix, and operational issues."
2026-04-26,revenue_per_session,residual_anomaly,business_segment,Enterprise,0.360442,0.4859785357142857,0.1255365357142857,1.0,1,1,WARNING,"Review revenue_per_session drivers for business_segment = Enterprise; check recent releases, tracking changes, campaign mix, and operational issues."
2026-04-26,revenue_per_session,residual_anomaly,channel,Email,0.360442,0.4859785357142857,0.1255365357142857,1.0,1,1,WARNING,"Review revenue_per_session drivers for channel = Email; check recent releases, tracking changes, campaign mix, and operational issues."
2026-04-26,revenue_per_session,residual_anomaly,device_type,Mobile,0.360442,0.4859785357142857,0.1255365357142857,1.0,1,1,WARNING,"Review revenue_per_session drivers for device_type = Mobile; check recent releases, tracking changes, campaign mix, and operational issues."
2026-04-26,revenue_per_session,residual_anomaly,full_segment,EMEA + Mobile + Safari + Email + Enterprise,0.360442,0.4859785357142857,0.1255365357142857,1.0,1,1,WARNING,"Review revenue_per_session drivers for full_segment = EMEA + Mobile + Safari + Email + Enterprise; check recent releases, tracking changes, campaign mix, and operational issues."
2026-04-26,revenue_per_session,residual_anomaly,region,EMEA,0.360442,0.4859785357142857,0.1255365357142857,1.0,1,1,WARNING,"Review revenue_per_session drivers for region = EMEA; check recent releases, tracking changes, campaign mix, and operational issues."
2026-04-26,revenue_per_session,residual_anomaly,region_device_browser,EMEA + Mobile + Safari,0.360442,0.4859785357142857,0.1255365357142857,1.0,1,1,WARNING,"Review revenue_per_session drivers for region_device_browser = EMEA + Mobile + Safari; check recent releases, tracking changes, campaign mix, and operational issues."
2026-04-27,revenue_per_session,residual_anomaly,browser,Safari,0.308835,0.37889517857142857,0.07006017857142854,0.3860723582712753,1,1,WARNING,"Review revenue_per_session drivers for browser = Safari; check recent releases, tracking changes, campaign mix, and operational issues."
2026-04-27,revenue_per_session,residual_anomaly,browser,Firefox,0.229742,0.2937768571428571,0.06403485714285712,0.35286933052136205,2,1,WARNING,"Review revenue_per_session drivers for browser = Firefox; check recent releases, tracking changes, campaign mix, and operational issues."
2026-04-27,revenue_per_session,residual_anomaly,browser,Chrome,0.198054,0.245428,0.047374,0.26105831120736267,3,1,WARNING,"Review revenue_per_session drivers for browser = Chrome; check recent releases, tracking changes, campaign mix, and operational issues."
2026-04-27,revenue_per_session,residual_anomaly,business_segment,SMB,0.2534445,0.3121615892857143,0.11743417857142854,0.647130669478638,1,2,WARNING,"Review revenue_per_session drivers for business_segment = SMB; check recent releases, tracking changes, campaign mix, and operational issues."
2026-04-27,revenue_per_session,residual_anomaly,business_segment,Mid-Market,0.229742,0.2937768571428571,0.06403485714285712,0.35286933052136205,2,1,WARNING,"Review revenue_per_session drivers for business_segment = Mid-Market; check recent releases, tracking changes, campaign mix, and operational issues."
2026-04-27,revenue_per_session,residual_anomaly,channel,Email,0.213898,0.2696024285714286,0.11140885714285712,0.6139276417287247,1,2,WARNING,"Review revenue_per_session drivers for channel = Email; check recent releases, tracking changes, campaign mix, and operational issues."
2026-04-27,revenue_per_session,residual_anomaly,channel,Paid Search,0.308835,0.37889517857142857,0.07006017857142854,0.3860723582712753,2,1,WARNING,"Review revenue_per_session drivers for channel = Paid Search; check recent releases, tracking changes, campaign mix, and operational issues."
2026-04-27,revenue_per_session,residual_anomaly,device_type,Mobile,0.213898,0.2696024285714286,0.11140885714285712,0.6139276417287247,1,2,WARNING,"Review revenue_per_session drivers for device_type = Mobile; check recent releases, tracking changes, campaign mix, and operational issues."
2026-04-27,revenue_per_session,residual_anomaly,device_type,Desktop,0.308835,0.37889517857142857,0.07006017857142854,0.3860723582712753,2,1,WARNING,"Review revenue_per_session drivers for device_type = Desktop; check recent releases, tracking changes, campaign mix, and operational issues."
2026-04-27,revenue_per_session,residual_anomaly,full_segment,APAC + Desktop + Safari + Paid Search + SMB,0.308835,0.37889517857142857,0.07006017857142854,0.3860723582712753,1,1,WARNING,"Review revenue_per_session drivers for full_segment = APAC + Desktop + Safari + Paid Search + SMB; check recent releases, tracking changes, campaign mix, and operational issues."
2026-04-27,revenue_per_session,residual_anomaly,full_segment,APAC + Mobile + Firefox + Email + Mid-Market,0.229742,0.2937768571428571,0.06403485714285712,0.35286933052136205,2,1,WARNING,"Review revenue_per_session drivers for full_segment = APAC + Mobile + Firefox + Email + Mid-Market; check recent releases, tracking changes, campaign mix, and operational issues."
2026-04-27,revenue_per_session,residual_anomaly,full_segment,EMEA + Mobile + Chrome + Email + SMB,0.198054,0.245428,0.047374,0.26105831120736267,3,1,WARNING,"Review revenue_per_session drivers for full_segment = EMEA + Mobile + Chrome + Email + SMB; check recent releases, tracking changes, campaign mix, and operational issues."
2026-04-27,revenue_per_session,residual_anomaly,region,APAC,0.26928850000000004,0.33633601785714284,0.13409503571428566,0.7389416887926373,1,2,WARNING,"Review revenue_per_session drivers for region = APAC; check recent releases, tracking changes, campaign mix, and operational issues."
2026-04-27,revenue_per_session,residual_anomaly,region,EMEA,0.198054,0.245428,0.047374,0.26105831120736267,2,1,WARNING,"Review revenue_per_session drivers for region = EMEA; check recent releases, tracking changes, campaign mix, and operational issues."
2026-04-27,revenue_per_session,residual_anomaly,region_device_browser,APAC + Desktop + Safari,0.308835,0.37889517857142857,0.07006017857142854,0.3860723582712753,1,1,WARNING,"Review revenue_per_session drivers for region_device_browser = APAC + Desktop + Safari; check recent releases, tracking changes, campaign mix, and operational issues."
2026-04-27,revenue_per_session,residual_anomaly,region_device_browser,APAC + Mobile + Firefox,0.229742,0.2937768571428571,0.06403485714285712,0.35286933052136205,2,1,WARNING,"Review revenue_per_session drivers for region_device_browser = APAC + Mobile + Firefox; check recent releases, tracking changes, campaign mix, and operational issues."
2026-04-27,revenue_per_session,residual_anomaly,region_device_browser,EMEA + Mobile + Chrome,0.198054,0.245428,0.047374,0.26105831120736267,3,1,WARNING,"Review revenue_per_session drivers for region_device_browser = EMEA + Mobile + Chrome; check recent releases, tracking changes, campaign mix, and operational issues."
2026-04-29,revenue_per_session,residual_anomaly,browser,Chrome,0.350269,0.4186660535714286,0.13679410714285722,1.0,1,2,WARNING,"Review revenue_per_session drivers for browser = Chrome; check recent releases, tracking changes, campaign mix, and operational issues."
2026-04-29,revenue_per_session,residual_anomaly,business_segment,SMB,0.325719,0.39617014285714286,0.07045114285714288,0.515015919388758,1,1,WARNING,"Review revenue_per_session drivers for business_segment = SMB; check recent releases, tracking changes, campaign mix, and operational issues."
2026-04-29,revenue_per_session,residual_anomaly,business_segment,Mid-Market,0.374819,0.44116196428571436,0.06634296428571435,0.48498408061124204,2,1,WARNING,"Review revenue_per_session drivers for business_segment = Mid-Market; check recent releases, tracking changes, campaign mix, and operational issues."
2026-04-29,revenue_per_session,residual_anomaly,channel,Paid Search,0.325719,0.39617014285714286,0.07045114285714288,0.515015919388758,1,1,WARNING,"Review revenue_per_session drivers for channel = Paid Search; check recent releases, tracking changes, campaign mix, and operational issues."
2026-04-29,revenue_per_session,residual_anomaly,channel,Organic,0.374819,0.44116196428571436,0.06634296428571435,0.48498408061124204,2,1,WARNING,"Review revenue_per_session drivers for channel = Organic; check recent releases, tracking changes, campaign mix, and operational issues."
2026-04-29,revenue_per_session,residual_anomaly,device_type,Mobile,0.350269,0.4186660535714286,0.13679410714285722,1.0,1,2,WARNING,"Review revenue_per_session drivers for device_type = Mobile; check recent releases, tracking changes, campaign mix, and operational issues."
2026-04-29,revenue_per_session,residual_anomaly,full_segment,EMEA + Mobile + Chrome + Paid Search + SMB,0.325719,0.39617014285714286,0.07045114285714288,0.515015919388758,1,1,WARNING,"Review revenue_per_session drivers for full_segment = EMEA + Mobile + Chrome + Paid Search + SMB; check recent releases, tracking changes, campaign mix, and operational issues."
2026-04-29,revenue_per_session,residual_anomaly,full_segment,North America + Mobile + Chrome + Organic + Mid-Market,0.374819,0.44116196428571436,0.06634296428571435,0.48498408061124204,2,1,WARNING,"Review revenue_per_session drivers for full_segment = North America + Mobile + Chrome + Organic + Mid-Market; check recent releases, tracking changes, campaign mix, and operational issues."
2026-04-29,revenue_per_session,residual_anomaly,region,EMEA,0.325719,0.39617014285714286,0.07045114285714288,0.515015919388758,1,1,WARNING,"Review revenue_per_session drivers for region = EMEA; check recent releases, tracking changes, campaign mix, and operational issues."
2026-04-29,revenue_per_session,residual_anomaly,region,North America,0.374819,0.44116196428571436,0.06634296428571435,0.48498408061124204,2,1,WARNING,"Review revenue_per_session drivers for region = North America; check recent releases, tracking changes, campaign mix, and operational issues."
2026-04-29,revenue_per_session,residual_anomaly,region_device_browser,EMEA + Mobile + Chrome,0.325719,0.39617014285714286,0.07045114285714288,0.515015919388758,1,1,WARNING,"Review revenue_per_session drivers for region_device_browser = EMEA + Mobile + Chrome; check recent releases, tracking changes, campaign mix, and operational issues."
2026-04-29,revenue_per_session,residual_anomaly,region_device_browser,North America + Mobile + Chrome,0.374819,0.44116196428571436,0.06634296428571435,0.48498408061124204,2,1,WARNING,"Review revenue_per_session drivers for region_device_browser = North America + Mobile + Chrome; check recent releases, tracking changes, campaign mix, and operational issues."
2026-04-30,revenue_per_session,residual_anomaly,browser,Firefox,0.35917333333333334,0.45339827380952374,0.2826748214285714,0.6855052474542215,1,3,WARNING,"Review revenue_per_session drivers for browser = Firefox; check recent releases, tracking changes, campaign mix, and operational issues."
2026-04-30,revenue_per_session,residual_anomaly,browser,Safari,0.276855,0.3434182142857143,0.06656321428571427,0.16142022288959665,2,1,WARNING,"Review revenue_per_session drivers for browser = Safari; check recent releases, tracking changes, campaign mix, and operational issues."
2026-04-30,revenue_per_session,residual_anomaly,browser,Chrome,0.330771,0.3938927857142857,0.06312178571428573,0.1530745296561819,3,1,WARNING,"Review revenue_per_session drivers for browser = Chrome; check recent releases, tracking changes, campaign mix, and operational issues."
2026-04-30,revenue_per_session,residual_anomaly,business_segment,Enterprise,0.4479455,0.5560188035714286,0.21614660714285716,0.5241699018930677,1,2,WARNING,"Review revenue_per_session drivers for business_segment = Enterprise; check recent releases, tracking changes, campaign mix, and operational issues."
2026-04-30,revenue_per_session,residual_anomaly,business_segment,SMB,0.263085,0.32848940476190475,0.19621321428571425,0.4758300981069324,2,3,WARNING,"Review revenue_per_session drivers for business_segment = SMB; check recent releases, tracking changes, campaign mix, and operational issues."
2026-04-30,revenue_per_session,residual_anomaly,channel,Email,0.35917333333333334,0.45339827380952374,0.2826748214285714,0.6855052474542215,1,3,WARNING,"Review revenue_per_session drivers for channel = Email; check recent releases, tracking changes, campaign mix, and operational issues."
2026-04-30,revenue_per_session,residual_anomaly,channel,Paid Search,0.303813,0.3686555,0.129685,0.3144947525457785,2,2,WARNING,"Review revenue_per_session drivers for channel = Paid Search; check recent releases, tracking changes, campaign mix, and operational issues."
2026-04-30,revenue_per_session,residual_anomaly,device_type,Desktop,0.35917333333333334,0.45339827380952374,0.2826748214285714,0.6855052474542215,1,3,WARNING,"Review revenue_per_session drivers for device_type = Desktop; check recent releases, tracking changes, campaign mix, and operational issues."
2026-04-30,revenue_per_session,residual_anomaly,device_type,Mobile,0.303813,0.3686555,0.129685,0.3144947525457785,2,2,WARNING,"Review revenue_per_session drivers for device_type = Mobile; check recent releases, tracking changes, campaign mix, and operational issues."
2026-04-30,revenue_per_session,residual_anomaly,full_segment,North America + Desktop + Firefox + Email + Enterprise,0.465891,0.5977461785714286,0.13185517857142864,0.31975757995682536,1,1,WARNING,"Review revenue_per_session drivers for full_segment = North America + Desktop + Firefox + Email + Enterprise; check recent releases, tracking changes, campaign mix, and operational issues."
2026-04-30,revenue_per_session,residual_anomaly,full_segment,EMEA + Desktop + Firefox + Email + Enterprise,0.43,0.5142914285714285,0.08429142857142852,0.20441232193624229,2,1,WARNING,"Review revenue_per_session drivers for full_segment = EMEA + Desktop + Firefox + Email + Enterprise; check recent releases, tracking changes, campaign mix, and operational issues."
2026-04-30,revenue_per_session,residual_anomaly,full_segment,APAC + Mobile + Safari + Paid Search + SMB,0.276855,0.3434182142857143,0.06656321428571427,0.16142022288959665,3,1,WARNING,"Review revenue_per_session drivers for full_segment = APAC + Mobile + Safari + Paid Search + SMB; check recent releases, tracking changes, campaign mix, and operational issues."
2026-04-30,revenue_per_session,residual_anomaly,full_segment,APAC + Desktop + Firefox + Email + SMB,0.181629,0.24815721428571427,0.06652821428571426,0.16133534556115384,4,1,WARNING,"Review revenue_per_session drivers for full_segment = APAC + Desktop + Firefox + Email + SMB; check recent releases, tracking changes, campaign mix, and operational issues."
2026-04-30,revenue_per_session,residual_anomaly,full_segment,EMEA + Mobile + Chrome + Paid Search + SMB,0.330771,0.3938927857142857,0.06312178571428573,0.1530745296561819,5,1,WARNING,"Review revenue_per_session drivers for full_segment = EMEA + Mobile + Chrome + Paid Search + SMB; check recent releases, tracking changes, campaign mix, and operational issues."
2026-04-30,revenue_per_session,residual_anomaly,region,EMEA,0.3803855,0.4540921071428571,0.14741321428571424,0.35748685159242416,1,2,WARNING,"Review revenue_per_session drivers for region = EMEA; check recent releases, tracking changes, campaign mix, and operational issues."
2026-04-30,revenue_per_session,residual_anomaly,region,APAC,0.229242,0.29578771428571426,0.13309142857142853,0.3227555684507505,2,2,WARNING,"Review revenue_per_session drivers for region = APAC; check recent releases, tracking changes, campaign mix, and operational issues."
2026-04-30,revenue_per_session,residual_anomaly,region,North America,0.465891,0.5977461785714286,0.13185517857142864,0.31975757995682536,3,1,WARNING,"Review revenue_per_session drivers for region = North America; check recent releases, tracking changes, campaign mix, and operational issues."
2026-04-30,revenue_per_session,residual_anomaly,region_device_browser,North America + Desktop + Firefox,0.465891,0.5977461785714286,0.13185517857142864,0.31975757995682536,1,1,WARNING,"Review revenue_per_session drivers for region_device_browser = North America + Desktop + Firefox; check recent releases, tracking changes, campaign mix, and operational issues."
2026-04-30,revenue_per_session,residual_anomaly,region_device_browser,EMEA + Desktop + Firefox,0.43,0.5142914285714285,0.08429142857142852,0.20441232193624229,2,1,WARNING,"Review revenue_per_session drivers for region_device_browser = EMEA + Desktop + Firefox; check recent releases, tracking changes, campaign mix, and operational issues."
2026-04-30,revenue_per_session,residual_anomaly,region_device_browser,APAC + Mobile + Safari,0.276855,0.3434182142857143,0.06656321428571427,0.16142022288959665,3,1,WARNING,"Review revenue_per_session drivers for region_device_browser = APAC + Mobile + Safari; check recent releases, tracking changes, campaign mix, and operational issues."
2026-04-30,revenue_per_session,residual_anomaly,region_device_browser,APAC + Desktop + Firefox,0.181629,0.24815721428571427,0.06652821428571426,0.16133534556115384,4,1,WARNING,"Review revenue_per_session drivers for region_device_browser = APAC + Desktop + Firefox; check recent releases, tracking changes, campaign mix, and operational issues."
2026-04-30,revenue_per_session,residual_anomaly,region_device_browser,EMEA + Mobile + Chrome,0.330771,0.3938927857142857,0.06312178571428573,0.1530745296561819,5,1,WARNING,"Review revenue_per_session drivers for region_device_browser = EMEA + Mobile + Chrome; check recent releases, tracking changes, campaign mix, and operational issues."
2026-05-01,revenue_per_session,residual_anomaly,browser,Firefox,0.2830685,0.3799681517857143,0.3875986071428572,0.4405624059450808,1,4,WARNING,"Review revenue_per_session drivers for browser = Firefox; check recent releases, tracking changes, campaign mix, and operational issues."
2026-05-01,revenue_per_session,residual_anomaly,browser,Safari,0.30955366666666667,0.39720283333333334,0.2629475,0.2988782237665452,2,3,WARNING,"Review revenue_per_session drivers for browser = Safari; check recent releases, tracking changes, campaign mix, and operational issues."
2026-05-01,revenue_per_session,residual_anomaly,browser,Chrome,0.280426,0.3950436428571429,0.2292352857142857,0.26055937028837395,3,2,WARNING,"Review revenue_per_session drivers for browser = Chrome; check recent releases, tracking changes, campaign mix, and operational issues."
2026-05-01,revenue_per_session,residual_anomaly,business_segment,SMB,0.2607288,0.3519157785714286,0.45593489285714284,0.5182365716743188,1,5,WARNING,"Review revenue_per_session drivers for business_segment = SMB; check recent releases, tracking changes, campaign mix, and operational issues."
2026-05-01,revenue_per_session,residual_anomaly,business_segment,Mid-Market,0.29252300000000003,0.3990137261904762,0.31947217857142873,0.36312677349758854,2,3,WARNING,"Review revenue_per_session drivers for business_segment = Mid-Market; check recent releases, tracking changes, campaign mix, and operational issues."
2026-05-01,revenue_per_session,residual_anomaly,business_segment,Enterprise,0.440574,0.5449483214285714,0.10437432142857139,0.11863665482809259,3,1,WARNING,"Review revenue_per_session drivers for business_segment = Enterprise; check recent releases, tracking changes, campaign mix, and operational issues."
2026-05-01,revenue_per_session,residual_anomaly,channel,Organic,0.26401779999999997,0.35207733571428573,0.4402976785714286,0.5004625946242571,1,5,WARNING,"Review revenue_per_session drivers for channel = Organic; check recent releases, tracking changes, campaign mix, and operational issues."
2026-05-01,revenue_per_session,residual_anomaly,channel,Paid Search,0.326979,0.4502606785714286,0.2465633571428572,0.28025525334438806,2,2,WARNING,"Review revenue_per_session drivers for channel = Paid Search; check recent releases, tracking changes, campaign mix, and operational issues."
2026-05-01,revenue_per_session,residual_anomaly,channel,Email,0.32387,0.42033017857142857,0.19292035714285713,0.21928215203135482,3,2,WARNING,"Review revenue_per_session drivers for channel = Email; check recent releases, tracking changes, campaign mix, and operational issues."
2026-05-01,revenue_per_session,residual_anomaly,device_type,Mobile,0.2766822,0.37955935714285716,0.514385785714286,0.5846745451660295,1,5,WARNING,"Review revenue_per_session drivers for device_type = Mobile; check recent releases, tracking changes, campaign mix, and operational issues."
2026-05-01,revenue_per_session,residual_anomaly,device_type,Desktop,0.309594,0.4009429017857143,0.36539560714285707,0.4153254548339706,2,4,WARNING,"Review revenue_per_session drivers for device_type = Desktop; check recent releases, tracking changes, campaign mix, and operational issues."
2026-05-01,revenue_per_session,residual_anomaly,full_segment,North America + Mobile + Chrome + Paid Search + SMB,0.308809,0.43212885714285715,0.12331985714285715,0.14017102219264777,1,1,WARNING,"Review revenue_per_session drivers for full_segment = North America + Mobile + Chrome + Paid Search + SMB; check recent releases, tracking changes, campaign mix, and operational issues."
2026-05-01,revenue_per_session,residual_anomaly,full_segment,APAC + Mobile + Firefox + Paid Search + Mid-Market,0.345149,0.46839250000000004,0.12324350000000006,0.14008423115174032,2,1,WARNING,"Review revenue_per_session drivers for full_segment = APAC + Mobile + Firefox + Paid Search + Mid-Market; check recent releases, tracking changes, campaign mix, and operational issues."
2026-05-01,revenue_per_session,residual_anomaly,full_segment,North America + Mobile + Firefox + Organic + Mid-Market,0.325254,0.4329366428571429,0.10768264285714291,0.122397045142586,3,1,WARNING,"Review revenue_per_session drivers for full_segment = North America + Mobile + Firefox + Organic + Mid-Market; check recent releases, tracking changes, campaign mix, and operational issues."
2026-05-01,revenue_per_session,residual_anomaly,full_segment,APAC + Desktop + Chrome + Organic + SMB,0.252043,0.35795842857142857,0.10591542857142855,0.12038834809572617,4,1,WARNING,"Review revenue_per_session drivers for full_segment = APAC + Desktop + Chrome + Organic + SMB; check recent releases, tracking changes, campaign mix, and operational issues."
2026-05-01,revenue_per_session,residual_anomaly,full_segment,North America + Desktop + Safari + Email + Enterprise,0.440574,0.5449483214285714,0.10437432142857139,0.11863665482809259,5,1,WARNING,"Review revenue_per_session drivers for full_segment = North America + Desktop + Safari + Email + Enterprise; check recent releases, tracking changes, campaign mix, and operational issues."
2026-05-01,revenue_per_session,residual_anomaly,full_segment,APAC + Mobile + Firefox + Email + Mid-Market,0.207166,0.2957120357142857,0.08854603571428574,0.10064549720326224,6,1,WARNING,"Review revenue_per_session drivers for full_segment = APAC + Mobile + Firefox + Email + Mid-Market; check recent releases, tracking changes, campaign mix, and operational issues."
2026-05-01,revenue_per_session,residual_anomaly,full_segment,North America + Desktop + Safari + Organic + SMB,0.291054,0.3780334285714286,0.0869794285714286,0.09886481946265956,7,1,WARNING,"Review revenue_per_session drivers for full_segment = North America + Desktop + Safari + Organic + SMB; check recent releases, tracking changes, campaign mix, and operational issues."
2026-05-01,revenue_per_session,residual_anomaly,full_segment,APAC + Mobile + Safari + Organic + SMB,0.197033,0.26862675,0.07159375000000001,0.08137674947579307,8,1,WARNING,"Review revenue_per_session drivers for full_segment = APAC + Mobile + Safari + Organic + SMB; check recent releases, tracking changes, campaign mix, and operational issues."
2026-05-01,revenue_per_session,residual_anomaly,full_segment,APAC + Desktop + Firefox + Organic + SMB,0.254705,0.32283142857142855,0.06812642857142853,0.07743563244749228,9,1,WARNING,"Review revenue_per_session drivers for full_segment = APAC + Desktop + Firefox + Organic + SMB; check recent releases, tracking changes, campaign mix, and operational issues."
2026-05-01,revenue_per_session,residual_anomaly,region,APAC,0.2512192,0.3427042285714286,0.45742514285714286,0.5199304583740141,1,5,WARNING,"Review revenue_per_session drivers for region = APAC; check recent releases, tracking changes, campaign mix, and operational issues."
2026-05-01,revenue_per_session,residual_anomaly,region,North America,0.34142274999999994,0.4470118125,0.42235625000000004,0.4800695416259859,2,4,WARNING,"Review revenue_per_session drivers for region = North America; check recent releases, tracking changes, campaign mix, and operational issues."
2026-05-01,revenue_per_session,residual_anomaly,region_device_browser,APAC + Mobile + Firefox,0.2761575,0.38205226785714286,0.2117895357142858,0.24072972835500253,1,2,WARNING,"Review revenue_per_session drivers for region_device_browser = APAC + Mobile + Firefox; check recent releases, tracking changes, campaign mix, and operational issues."
2026-05-01,revenue_per_session,residual_anomaly,region_device_browser,North America + Desktop + Safari,0.365814,0.46149087499999997,0.19135375,0.21750147429075214,2,2,WARNING,"Review revenue_per_session drivers for region_device_browser = North America + Desktop + Safari; check recent releases, tracking changes, campaign mix, and operational issues."
2026-05-01,revenue_per_session,residual_anomaly,region_device_browser,North America + Mobile + Chrome,0.308809,0.43212885714285715,0.12331985714285715,0.14017102219264777,3,1,WARNING,"Review revenue_per_session drivers for region_device_browser = North America + Mobile + Chrome; check recent releases, tracking changes, campaign mix, and operational issues."
2026-05-01,revenue_per_session,residual_anomaly,region_device_browser,North America + Mobile + Firefox,0.325254,0.4329366428571429,0.10768264285714291,0.122397045142586,4,1,WARNING,"Review revenue_per_session drivers for region_device_browser = North America + Mobile + Firefox; check recent releases, tracking changes, campaign mix, and operational issues."
2026-05-01,revenue_per_session,residual_anomaly,region_device_browser,APAC + Desktop + Chrome,0.252043,0.35795842857142857,0.10591542857142855,0.12038834809572617,5,1,WARNING,"Review revenue_per_session drivers for region_device_browser = APAC + Desktop + Chrome; check recent releases, tracking changes, campaign mix, and operational issues."
2026-05-01,revenue_per_session,residual_anomaly,region_device_browser,APAC + Mobile + Safari,0.197033,0.26862675,0.07159375000000001,0.08137674947579307,6,1,WARNING,"Review revenue_per_session drivers for region_device_browser = APAC + Mobile + Safari; check recent releases, tracking changes, campaign mix, and operational issues."
2026-05-01,revenue_per_session,residual_anomaly,region_device_browser,APAC + Desktop + Firefox,0.254705,0.32283142857142855,0.06812642857142853,0.07743563244749228,7,1,WARNING,"Review revenue_per_session drivers for region_device_browser = APAC + Desktop + Firefox; check recent releases, tracking changes, campaign mix, and operational issues."
2026-05-02,conversion_rate,residual_anomaly,browser,Chrome,0.060606,0.08058121428571428,0.019975214285714284,1.0,1,1,WARNING,"Review conversion_rate drivers for browser = Chrome; check recent releases, tracking changes, campaign mix, and operational issues."
2026-05-02,conversion_rate,residual_anomaly,business_segment,SMB,0.060606,0.08058121428571428,0.019975214285714284,1.0,1,1,WARNING,"Review conversion_rate drivers for business_segment = SMB; check recent releases, tracking changes, campaign mix, and operational issues."
2026-05-02,conversion_rate,residual_anomaly,channel,Email,0.060606,0.08058121428571428,0.019975214285714284,1.0,1,1,WARNING,"Review conversion_rate drivers for channel = Email; check recent releases, tracking changes, campaign mix, and operational issues."
2026-05-02,conversion_rate,residual_anomaly,device_type,Mobile,0.060606,0.08058121428571428,0.019975214285714284,1.0,1,1,WARNING,"Review conversion_rate drivers for device_type = Mobile; check recent releases, tracking changes, campaign mix, and operational issues."
2026-05-02,conversion_rate,residual_anomaly,full_segment,APAC + Mobile + Chrome + Email + SMB,0.060606,0.08058121428571428,0.019975214285714284,1.0,1,1,WARNING,"Review conversion_rate drivers for full_segment = APAC + Mobile + Chrome + Email + SMB; check recent releases, tracking changes, campaign mix, and operational issues."
2026-05-02,conversion_rate,residual_anomaly,region,APAC,0.060606,0.08058121428571428,0.019975214285714284,1.0,1,1,WARNING,"Review conversion_rate drivers for region = APAC; check recent releases, tracking changes, campaign mix, and operational issues."
2026-05-02,conversion_rate,residual_anomaly,region_device_browser,APAC + Mobile + Chrome,0.060606,0.08058121428571428,0.019975214285714284,1.0,1,1,WARNING,"Review conversion_rate drivers for region_device_browser = APAC + Mobile + Chrome; check recent releases, tracking changes, campaign mix, and operational issues."
2026-05-02,revenue_per_session,residual_anomaly,browser,Chrome,0.189428,0.2678774285714286,0.07844942857142859,1.0,1,1,WARNING,"Review revenue_per_session drivers for browser = Chrome; check recent releases, tracking changes, campaign mix, and operational issues."
2026-05-02,revenue_per_session,residual_anomaly,business_segment,SMB,0.189428,0.2678774285714286,0.07844942857142859,1.0,1,1,WARNING,"Review revenue_per_session drivers for business_segment = SMB; check recent releases, tracking changes, campaign mix, and operational issues."
2026-05-02,revenue_per_session,residual_anomaly,channel,Email,0.189428,0.2678774285714286,0.07844942857142859,1.0,1,1,WARNING,"Review revenue_per_session drivers for channel = Email; check recent releases, tracking changes, campaign mix, and operational issues."
2026-05-02,revenue_per_session,residual_anomaly,device_type,Desktop,0.189428,0.2678774285714286,0.07844942857142859,1.0,1,1,WARNING,"Review revenue_per_session drivers for device_type = Desktop; check recent releases, tracking changes, campaign mix, and operational issues."
2026-05-02,revenue_per_session,residual_anomaly,full_segment,APAC + Desktop + Chrome + Email + SMB,0.189428,0.2678774285714286,0.07844942857142859,1.0,1,1,WARNING,"Review revenue_per_session drivers for full_segment = APAC + Desktop + Chrome + Email + SMB; check recent releases, tracking changes, campaign mix, and operational issues."
2026-05-02,revenue_per_session,residual_anomaly,region,APAC,0.189428,0.2678774285714286,0.07844942857142859,1.0,1,1,WARNING,"Review revenue_per_session drivers for region = APAC; check recent releases, tracking changes, campaign mix, and operational issues."
2026-05-02,revenue_per_session,residual_anomaly,region_device_browser,APAC + Desktop + Chrome,0.189428,0.2678774285714286,0.07844942857142859,1.0,1,1,WARNING,"Review revenue_per_session drivers for region_device_browser = APAC + Desktop + Chrome; check recent releases, tracking changes, campaign mix, and operational issues."
2026-05-03,latency_ms,residual_anomaly,browser,Chrome,189.038424,160.81590657142857,28.22251742857142,1.0,1,1,WARNING,"Review latency_ms drivers for browser = Chrome; check recent releases, tracking changes, campaign mix, and operational issues."
2026-05-03,latency_ms,residual_anomaly,business_segment,Enterprise,189.038424,160.81590657142857,28.22251742857142,1.0,1,1,WARNING,"Review latency_ms drivers for business_segment = Enterprise; check recent releases, tracking changes, campaign mix, and operational issues."
2026-05-03,latency_ms,residual_anomaly,channel,Email,189.038424,160.81590657142857,28.22251742857142,1.0,1,1,WARNING,"Review latency_ms drivers for channel = Email; check recent releases, tracking changes, campaign mix, and operational issues."
2026-05-03,latency_ms,residual_anomaly,device_type,Desktop,189.038424,160.81590657142857,28.22251742857142,1.0,1,1,WARNING,"Review latency_ms drivers for device_type = Desktop; check recent releases, tracking changes, campaign mix, and operational issues."
2026-05-03,latency_ms,residual_anomaly,full_segment,North America + Desktop + Chrome + Email + Enterprise,189.038424,160.81590657142857,28.22251742857142,1.0,1,1,WARNING,"Review latency_ms drivers for full_segment = North America + Desktop + Chrome + Email + Enterprise; check recent releases, tracking changes, campaign mix, and operational issues."
2026-05-03,latency_ms,residual_anomaly,region,North America,189.038424,160.81590657142857,28.22251742857142,1.0,1,1,WARNING,"Review latency_ms drivers for region = North America; check recent releases, tracking changes, campaign mix, and operational issues."
2026-05-03,latency_ms,residual_anomaly,region_device_browser,North America + Desktop + Chrome,189.038424,160.81590657142857,28.22251742857142,1.0,1,1,WARNING,"Review latency_ms drivers for region_device_browser = North America + Desktop + Chrome; check recent releases, tracking changes, campaign mix, and operational issues."
2026-05-03,revenue_per_session,residual_anomaly,browser,Safari,0.321562,0.4259173392857143,0.2087106785714286,0.6963521906160035,1,2,WARNING,"Review revenue_per_session drivers for browser = Safari; check recent releases, tracking changes, campaign mix, and operational issues."
2026-05-03,revenue_per_session,residual_anomaly,browser,Firefox,0.305724,0.39673332142857143,0.09100932142857143,0.30364780938399644,2,1,WARNING,"Review revenue_per_session drivers for browser = Firefox; check recent releases, tracking changes, campaign mix, and operational issues."
2026-05-03,revenue_per_session,residual_anomaly,business_segment,SMB,0.29996999999999996,0.384401875,0.16886375000000003,0.5634050113439211,1,2,WARNING,"Review revenue_per_session drivers for business_segment = SMB; check recent releases, tracking changes, campaign mix, and operational issues."
2026-05-03,revenue_per_session,residual_anomaly,business_segment,Enterprise,0.348908,0.47976425,0.13085625,0.436594988656079,2,1,WARNING,"Review revenue_per_session drivers for business_segment = Enterprise; check recent releases, tracking changes, campaign mix, and operational issues."
2026-05-03,revenue_per_session,residual_anomaly,channel,Paid Search,0.29996999999999996,0.384401875,0.16886375000000003,0.5634050113439211,1,2,WARNING,"Review revenue_per_session drivers for channel = Paid Search; check recent releases, tracking changes, campaign mix, and operational issues."
2026-05-03,revenue_per_session,residual_anomaly,channel,Email,0.348908,0.47976425,0.13085625,0.436594988656079,2,1,WARNING,"Review revenue_per_session drivers for channel = Email; check recent releases, tracking changes, campaign mix, and operational issues."
2026-05-03,revenue_per_session,residual_anomaly,device_type,Desktop,0.29996999999999996,0.384401875,0.16886375000000003,0.5634050113439211,1,2,WARNING,"Review revenue_per_session drivers for device_type = Desktop; check recent releases, tracking changes, campaign mix, and operational issues."
2026-05-03,revenue_per_session,residual_anomaly,device_type,Mobile,0.348908,0.47976425,0.13085625,0.436594988656079,2,1,WARNING,"Review revenue_per_session drivers for device_type = Mobile; check recent releases, tracking changes, campaign mix, and operational issues."
2026-05-03,revenue_per_session,residual_anomaly,full_segment,EMEA + Mobile + Safari + Email + Enterprise,0.348908,0.47976425,0.13085625,0.436594988656079,1,1,WARNING,"Review revenue_per_session drivers for full_segment = EMEA + Mobile + Safari + Email + Enterprise; check recent releases, tracking changes, campaign mix, and operational issues."
2026-05-03,revenue_per_session,residual_anomaly,full_segment,APAC + Desktop + Firefox + Paid Search + SMB,0.305724,0.39673332142857143,0.09100932142857143,0.30364780938399644,2,1,WARNING,"Review revenue_per_session drivers for full_segment = APAC + Desktop + Firefox + Paid Search + SMB; check recent releases, tracking changes, campaign mix, and operational issues."
2026-05-03,revenue_per_session,residual_anomaly,full_segment,APAC + Desktop + Safari + Paid Search + SMB,0.294216,0.3720704285714286,0.0778544285714286,0.2597572019599246,3,1,WARNING,"Review revenue_per_session drivers for full_segment = APAC + Desktop + Safari + Paid Search + SMB; check recent releases, tracking changes, campaign mix, and operational issues."
2026-05-03,revenue_per_session,residual_anomaly,region,APAC,0.29996999999999996,0.384401875,0.16886375000000003,0.5634050113439211,1,2,WARNING,"Review revenue_per_session drivers for region = APAC; check recent releases, tracking changes, campaign mix, and operational issues."
2026-05-03,revenue_per_session,residual_anomaly,region,EMEA,0.348908,0.47976425,0.13085625,0.436594988656079,2,1,WARNING,"Review revenue_per_session drivers for region = EMEA; check recent releases, tracking changes, campaign mix, and operational issues."
2026-05-03,revenue_per_session,residual_anomaly,region_device_browser,EMEA + Mobile + Safari,0.348908,0.47976425,0.13085625,0.436594988656079,1,1,WARNING,"Review revenue_per_session drivers for region_device_browser = EMEA + Mobile + Safari; check recent releases, tracking changes, campaign mix, and operational issues."
2026-05-03,revenue_per_session,residual_anomaly,region_device_browser,APAC + Desktop + Firefox,0.305724,0.39673332142857143,0.09100932142857143,0.30364780938399644,2,1,WARNING,"Review revenue_per_session drivers for region_device_browser = APAC + Desktop + Firefox; check recent releases, tracking changes, campaign mix, and operational issues."
2026-05-03,revenue_per_session,residual_anomaly,region_device_browser,APAC + Desktop + Safari,0.294216,0.3720704285714286,0.0778544285714286,0.2597572019599246,3,1,WARNING,"Review revenue_per_session drivers for region_device_browser = APAC + Desktop + Safari; check recent releases, tracking changes, campaign mix, and operational issues."
2026-05-05,revenue_per_session,residual_anomaly,browser,Safari,0.39695400000000003,0.5323299821428571,0.2707519642857143,0.5643349032761856,1,2,WARNING,"Review revenue_per_session drivers for browser = Safari; check recent releases, tracking changes, campaign mix, and operational issues."
2026-05-05,revenue_per_session,residual_anomaly,browser,Chrome,0.335123,0.41754635714285715,0.1648467142857143,0.3435940153093621,2,2,WARNING,"Review revenue_per_session drivers for browser = Chrome; check recent releases, tracking changes, campaign mix, and operational issues."
2026-05-05,revenue_per_session,residual_anomaly,browser,Firefox,0.351435,0.39560810714285716,0.04417310714285716,0.09207108141445229,3,1,WARNING,"Review revenue_per_session drivers for browser = Firefox; check recent releases, tracking changes, campaign mix, and operational issues."
2026-05-05,revenue_per_session,residual_anomaly,business_segment,Enterprise,0.43340999999999996,0.5583718571428571,0.2499237142857143,0.5209220753021712,1,2,WARNING,"Review revenue_per_session drivers for business_segment = Enterprise; check recent releases, tracking changes, campaign mix, and operational issues."
2026-05-05,revenue_per_session,residual_anomaly,business_segment,Mid-Market,0.323444,0.44342432142857147,0.11998032142857146,0.25007790162138105,2,1,WARNING,"Review revenue_per_session drivers for business_segment = Mid-Market; check recent releases, tracking changes, campaign mix, and operational issues."
2026-05-05,revenue_per_session,residual_anomaly,business_segment,SMB,0.3126625,0.367596375,0.10986774999999999,0.22900002307644776,3,2,WARNING,"Review revenue_per_session drivers for business_segment = SMB; check recent releases, tracking changes, campaign mix, and operational issues."
2026-05-05,revenue_per_session,residual_anomaly,channel,Email,0.335123,0.41754635714285715,0.1648467142857143,0.3435940153093621,1,2,WARNING,"Review revenue_per_session drivers for channel = Email; check recent releases, tracking changes, campaign mix, and operational issues."
2026-05-05,revenue_per_session,residual_anomaly,channel,Paid Search,0.3374395,0.4195162142857143,0.16415342857142862,0.34214898303583335,2,2,WARNING,"Review revenue_per_session drivers for channel = Paid Search; check recent releases, tracking changes, campaign mix, and operational issues."
2026-05-05,revenue_per_session,residual_anomaly,channel,Organic,0.470464,0.6212356428571428,0.15077164285714284,0.3142570016548046,3,1,WARNING,"Review revenue_per_session drivers for channel = Organic; check recent releases, tracking changes, campaign mix, and operational issues."
2026-05-05,revenue_per_session,residual_anomaly,device_type,Mobile,0.38542475,0.48894403571428574,0.4140771428571429,0.8630710583380046,1,4,WARNING,"Review revenue_per_session drivers for device_type = Mobile; check recent releases, tracking changes, campaign mix, and operational issues."
2026-05-05,revenue_per_session,residual_anomaly,device_type,Desktop,0.27389,0.33958464285714285,0.06569464285714283,0.13692894166199548,2,1,WARNING,"Review revenue_per_session drivers for device_type = Desktop; check recent releases, tracking changes, campaign mix, and operational issues."
2026-05-05,revenue_per_session,residual_anomaly,full_segment,North America + Mobile + Safari + Organic + Enterprise,0.470464,0.6212356428571428,0.15077164285714284,0.3142570016548046,1,1,WARNING,"Review revenue_per_session drivers for full_segment = North America + Mobile + Safari + Organic + Enterprise; check recent releases, tracking changes, campaign mix, and operational issues."
2026-05-05,revenue_per_session,residual_anomaly,full_segment,APAC + Mobile + Safari + Paid Search + Mid-Market,0.323444,0.44342432142857147,0.11998032142857146,0.25007790162138105,2,1,WARNING,"Review revenue_per_session drivers for full_segment = APAC + Mobile + Safari + Paid Search + Mid-Market; check recent releases, tracking changes, campaign mix, and operational issues."
2026-05-05,revenue_per_session,residual_anomaly,full_segment,APAC + Mobile + Chrome + Email + Enterprise,0.396356,0.49550807142857145,0.09915207142857146,0.20666507364736664,3,1,WARNING,"Review revenue_per_session drivers for full_segment = APAC + Mobile + Chrome + Email + Enterprise; check recent releases, tracking changes, campaign mix, and operational issues."
2026-05-05,revenue_per_session,residual_anomaly,full_segment,North America + Desktop + Chrome + Email + SMB,0.27389,0.33958464285714285,0.06569464285714283,0.13692894166199548,4,1,WARNING,"Review revenue_per_session drivers for full_segment = North America + Desktop + Chrome + Email + SMB; check recent releases, tracking changes, campaign mix, and operational issues."
2026-05-05,revenue_per_session,residual_anomaly,full_segment,North America + Mobile + Firefox + Paid Search + SMB,0.351435,0.39560810714285716,0.04417310714285716,0.09207108141445229,5,1,WARNING,"Review revenue_per_session drivers for full_segment = North America + Mobile + Firefox + Paid Search + SMB; check recent releases, tracking changes, campaign mix, and operational issues."
2026-05-05,revenue_per_session,residual_anomaly,region,North America,0.36526299999999995,0.4521427976190476,0.2606393928571428,0.5432570247312524,1,3,WARNING,"Review revenue_per_session drivers for region = North America; check recent releases, tracking changes, campaign mix, and operational issues."
2026-05-05,revenue_per_session,residual_anomaly,region,APAC,0.3599,0.46946619642857146,0.21913239285714292,0.4567429752687477,2,2,WARNING,"Review revenue_per_session drivers for region = APAC; check recent releases, tracking changes, campaign mix, and operational issues."
2026-05-05,revenue_per_session,residual_anomaly,region_device_browser,North America + Mobile + Safari,0.470464,0.6212356428571428,0.15077164285714284,0.3142570016548046,1,1,WARNING,"Review revenue_per_session drivers for region_device_browser = North America + Mobile + Safari; check recent releases, tracking changes, campaign mix, and operational issues."
2026-05-05,revenue_per_session,residual_anomaly,region_device_browser,APAC + Mobile + Safari,0.323444,0.44342432142857147,0.11998032142857146,0.25007790162138105,2,1,WARNING,"Review revenue_per_session drivers for region_device_browser = APAC + Mobile + Safari; check recent releases, tracking changes, campaign mix, and operational issues."
2026-05-05,revenue_per_session,residual_anomaly,region_device_browser,APAC + Mobile + Chrome,0.396356,0.49550807142857145,0.09915207142857146,0.20666507364736664,3,1,WARNING,"Review revenue_per_session drivers for region_device_browser = APAC + Mobile + Chrome; check recent releases, tracking changes, campaign mix, and operational issues."
2026-05-05,revenue_per_session,residual_anomaly,region_device_browser,North America + Desktop + Chrome,0.27389,0.33958464285714285,0.06569464285714283,0.13692894166199548,4,1,WARNING,"Review revenue_per_session drivers for region_device_browser = North America + Desktop + Chrome; check recent releases, tracking changes, campaign mix, and operational issues."
2026-05-05,revenue_per_session,residual_anomaly,region_device_browser,North America + Mobile + Firefox,0.351435,0.39560810714285716,0.04417310714285716,0.09207108141445229,5,1,WARNING,"Review revenue_per_session drivers for region_device_browser = North America + Mobile + Firefox; check recent releases, tracking changes, campaign mix, and operational issues."
2026-05-06,revenue_per_session,residual_anomaly,browser,Chrome,0.313933,0.3864102857142857,0.07247728571428569,1.0,1,1,WARNING,"Review revenue_per_session drivers for browser = Chrome; check recent releases, tracking changes, campaign mix, and operational issues."
2026-05-06,revenue_per_session,residual_anomaly,business_segment,Mid-Market,0.313933,0.3864102857142857,0.07247728571428569,1.0,1,1,WARNING,"Review revenue_per_session drivers for business_segment = Mid-Market; check recent releases, tracking changes, campaign mix, and operational issues."
2026-05-06,revenue_per_session,residual_anomaly,channel,Email,0.313933,0.3864102857142857,0.07247728571428569,1.0,1,1,WARNING,"Review revenue_per_session drivers for channel = Email; check recent releases, tracking changes, campaign mix, and operational issues."
2026-05-06,revenue_per_session,residual_anomaly,device_type,Desktop,0.313933,0.3864102857142857,0.07247728571428569,1.0,1,1,WARNING,"Review revenue_per_session drivers for device_type = Desktop; check recent releases, tracking changes, campaign mix, and operational issues."
2026-05-06,revenue_per_session,residual_anomaly,full_segment,EMEA + Desktop + Chrome + Email + Mid-Market,0.313933,0.3864102857142857,0.07247728571428569,1.0,1,1,WARNING,"Review revenue_per_session drivers for full_segment = EMEA + Desktop + Chrome + Email + Mid-Market; check recent releases, tracking changes, campaign mix, and operational issues."
2026-05-06,revenue_per_session,residual_anomaly,region,EMEA,0.313933,0.3864102857142857,0.07247728571428569,1.0,1,1,WARNING,"Review revenue_per_session drivers for region = EMEA; check recent releases, tracking changes, campaign mix, and operational issues."
2026-05-06,revenue_per_session,residual_anomaly,region_device_browser,EMEA + Desktop + Chrome,0.313933,0.3864102857142857,0.07247728571428569,1.0,1,1,WARNING,"Review revenue_per_session drivers for region_device_browser = EMEA + Desktop + Chrome; check recent releases, tracking changes, campaign mix, and operational issues."
2026-05-07,revenue_per_session,residual_anomaly,browser,Firefox,0.379001,0.4782401607142857,0.19847832142857147,0.6096685028930054,1,2,WARNING,"Review revenue_per_session drivers for browser = Firefox; check recent releases, tracking changes, campaign mix, and operational issues."
2026-05-07,revenue_per_session,residual_anomaly,browser,Chrome,0.20053,0.2673263928571429,0.06679639285714287,0.20517936940797335,2,1,WARNING,"Review revenue_per_session drivers for browser = Chrome; check recent releases, tracking changes, campaign mix, and operational issues."
2026-05-07,revenue_per_session,residual_anomaly,browser,Safari,0.1678,0.2280765,0.06027649999999998,0.18515212769902117,3,1,WARNING,"Review revenue_per_session drivers for browser = Safari; check recent releases, tracking changes, campaign mix, and operational issues."
2026-05-07,revenue_per_session,residual_anomaly,business_segment,SMB,0.18416500000000002,0.24770144642857145,0.12707289285714285,0.3903314971069945,1,2,WARNING,"Review revenue_per_session drivers for business_segment = SMB; check recent releases, tracking changes, campaign mix, and operational issues."
2026-05-07,revenue_per_session,residual_anomaly,business_segment,Mid-Market,0.369258,0.4763299285714286,0.10707192857142861,0.32889426877535405,2,1,WARNING,"Review revenue_per_session drivers for business_segment = Mid-Market; check recent releases, tracking changes, campaign mix, and operational issues."
2026-05-07,revenue_per_session,residual_anomaly,business_segment,Enterprise,0.388744,0.48015039285714284,0.09140639285714286,0.2807742341176514,3,1,WARNING,"Review revenue_per_session drivers for business_segment = Enterprise; check recent releases, tracking changes, campaign mix, and operational issues."
2026-05-07,revenue_per_session,residual_anomaly,channel,Email,0.252358,0.32518442857142854,0.2184792857142857,0.6711057312246459,1,3,WARNING,"Review revenue_per_session drivers for channel = Email; check recent releases, tracking changes, campaign mix, and operational issues."
2026-05-07,revenue_per_session,residual_anomaly,channel,Paid Search,0.369258,0.4763299285714286,0.10707192857142861,0.32889426877535405,2,1,WARNING,"Review revenue_per_session drivers for channel = Paid Search; check recent releases, tracking changes, campaign mix, and operational issues."
2026-05-07,revenue_per_session,residual_anomaly,device_type,Mobile,0.379001,0.4782401607142857,0.19847832142857147,0.6096685028930054,1,2,WARNING,"Review revenue_per_session drivers for device_type = Mobile; check recent releases, tracking changes, campaign mix, and operational issues."
2026-05-07,revenue_per_session,residual_anomaly,device_type,Desktop,0.18416500000000002,0.24770144642857145,0.12707289285714285,0.3903314971069945,2,2,WARNING,"Review revenue_per_session drivers for device_type = Desktop; check recent releases, tracking changes, campaign mix, and operational issues."
2026-05-07,revenue_per_session,residual_anomaly,full_segment,EMEA + Mobile + Firefox + Paid Search + Mid-Market,0.369258,0.4763299285714286,0.10707192857142861,0.32889426877535405,1,1,WARNING,"Review revenue_per_session drivers for full_segment = EMEA + Mobile + Firefox + Paid Search + Mid-Market; check recent releases, tracking changes, campaign mix, and operational issues."
2026-05-07,revenue_per_session,residual_anomaly,full_segment,APAC + Mobile + Firefox + Email + Enterprise,0.388744,0.48015039285714284,0.09140639285714286,0.2807742341176514,2,1,WARNING,"Review revenue_per_session drivers for full_segment = APAC + Mobile + Firefox + Email + Enterprise; check recent releases, tracking changes, campaign mix, and operational issues."
2026-05-07,revenue_per_session,residual_anomaly,full_segment,APAC + Desktop + Chrome + Email + SMB,0.20053,0.2673263928571429,0.06679639285714287,0.20517936940797335,3,1,WARNING,"Review revenue_per_session drivers for full_segment = APAC + Desktop + Chrome + Email + SMB; check recent releases, tracking changes, campaign mix, and operational issues."
2026-05-07,revenue_per_session,residual_anomaly,full_segment,APAC + Desktop + Safari + Email + SMB,0.1678,0.2280765,0.06027649999999998,0.18515212769902117,4,1,WARNING,"Review revenue_per_session drivers for full_segment = APAC + Desktop + Safari + Email + SMB; check recent releases, tracking changes, campaign mix, and operational issues."
2026-05-07,revenue_per_session,residual_anomaly,region,APAC,0.252358,0.32518442857142854,0.2184792857142857,0.6711057312246459,1,3,WARNING,"Review revenue_per_session drivers for region = APAC; check recent releases, tracking changes, campaign mix, and operational issues."
2026-05-07,revenue_per_session,residual_anomaly,region,EMEA,0.369258,0.4763299285714286,0.10707192857142861,0.32889426877535405,2,1,WARNING,"Review revenue_per_session drivers for region = EMEA; check recent releases, tracking changes, campaign mix, and operational issues."
2026-05-07,revenue_per_session,residual_anomaly,region_device_browser,EMEA + Mobile + Firefox,0.369258,0.4763299285714286,0.10707192857142861,0.32889426877535405,1,1,WARNING,"Review revenue_per_session drivers for region_device_browser = EMEA + Mobile + Firefox; check recent releases, tracking changes, campaign mix, and operational issues."
2026-05-07,revenue_per_session,residual_anomaly,region_device_browser,APAC + Mobile + Firefox,0.388744,0.48015039285714284,0.09140639285714286,0.2807742341176514,2,1,WARNING,"Review revenue_per_session drivers for region_device_browser = APAC + Mobile + Firefox; check recent releases, tracking changes, campaign mix, and operational issues."
2026-05-07,revenue_per_session,residual_anomaly,region_device_browser,APAC + Desktop + Chrome,0.20053,0.2673263928571429,0.06679639285714287,0.20517936940797335,3,1,WARNING,"Review revenue_per_session drivers for region_device_browser = APAC + Desktop + Chrome; check recent releases, tracking changes, campaign mix, and operational issues."
2026-05-07,revenue_per_session,residual_anomaly,region_device_browser,APAC + Desktop + Safari,0.1678,0.2280765,0.06027649999999998,0.18515212769902117,4,1,WARNING,"Review revenue_per_session drivers for region_device_browser = APAC + Desktop + Safari; check recent releases, tracking changes, campaign mix, and operational issues."
2026-05-08,revenue_per_session,residual_anomaly,browser,Firefox,0.23323775000000002,0.3011248303571429,0.2715483214285714,0.6531833758760502,1,4,WARNING,"Review revenue_per_session drivers for browser = Firefox; check recent releases, tracking changes, campaign mix, and operational issues."
2026-05-08,revenue_per_session,residual_anomaly,browser,Safari,0.258875,0.3442733928571428,0.08539839285714279,0.20541762234936298,2,1,WARNING,"Review revenue_per_session drivers for browser = Safari; check recent releases, tracking changes, campaign mix, and operational issues."
2026-05-08,revenue_per_session,residual_anomaly,browser,Chrome,0.206341,0.26512489285714286,0.05878389285714286,0.14139900177458672,3,1,WARNING,"Review revenue_per_session drivers for browser = Chrome; check recent releases, tracking changes, campaign mix, and operational issues."
2026-05-08,revenue_per_session,residual_anomaly,business_segment,SMB,0.22737374999999999,0.2948371339285714,0.2698535357142857,0.6491067318061483,1,4,WARNING,"Review revenue_per_session drivers for business_segment = SMB; check recent releases, tracking changes, campaign mix, and operational issues."
2026-05-08,revenue_per_session,residual_anomaly,business_segment,Mid-Market,0.244336,0.31727453571428565,0.14587707142857134,0.35089326819385175,2,2,WARNING,"Review revenue_per_session drivers for business_segment = Mid-Market; check recent releases, tracking changes, campaign mix, and operational issues."
2026-05-08,revenue_per_session,residual_anomaly,channel,Email,0.21544259999999998,0.2825104357142857,0.3353391785714285,0.8066261487843647,1,5,WARNING,"Review revenue_per_session drivers for channel = Email; check recent releases, tracking changes, campaign mix, and operational issues."
2026-05-08,revenue_per_session,residual_anomaly,channel,Paid Search,0.320954,0.4013454285714286,0.08039142857142856,0.19337385121563527,2,1,WARNING,"Review revenue_per_session drivers for channel = Paid Search; check recent releases, tracking changes, campaign mix, and operational issues."
2026-05-08,revenue_per_session,residual_anomaly,device_type,Desktop,0.21566066666666664,0.28713670238095235,0.21442810714285707,0.5157861929303977,1,3,WARNING,"Review revenue_per_session drivers for device_type = Desktop; check recent releases, tracking changes, campaign mix, and operational issues."
2026-05-08,revenue_per_session,residual_anomaly,device_type,Mobile,0.250395,0.3174958333333333,0.20130249999999997,0.4842138070696022,2,3,WARNING,"Review revenue_per_session drivers for device_type = Mobile; check recent releases, tracking changes, campaign mix, and operational issues."
2026-05-08,revenue_per_session,residual_anomaly,full_segment,EMEA + Desktop + Safari + Email + Mid-Market,0.258875,0.3442733928571428,0.08539839285714279,0.20541762234936298,1,1,WARNING,"Review revenue_per_session drivers for full_segment = EMEA + Desktop + Safari + Email + Mid-Market; check recent releases, tracking changes, campaign mix, and operational issues."
2026-05-08,revenue_per_session,residual_anomaly,full_segment,North America + Mobile + Firefox + Paid Search + SMB,0.320954,0.4013454285714286,0.08039142857142856,0.19337385121563527,2,1,WARNING,"Review revenue_per_session drivers for full_segment = North America + Mobile + Firefox + Paid Search + SMB; check recent releases, tracking changes, campaign mix, and operational issues."
2026-05-08,revenue_per_session,residual_anomaly,full_segment,APAC + Desktop + Firefox + Email + SMB,0.181766,0.2520118214285714,0.07024582142857141,0.16896956880644806,3,1,WARNING,"Review revenue_per_session drivers for full_segment = APAC + Desktop + Firefox + Email + SMB; check recent releases, tracking changes, campaign mix, and operational issues."
2026-05-08,revenue_per_session,residual_anomaly,full_segment,APAC + Mobile + Firefox + Email + Mid-Market,0.229797,0.29027567857142855,0.06047867857142855,0.14547564584448874,4,1,WARNING,"Review revenue_per_session drivers for full_segment = APAC + Mobile + Firefox + Email + Mid-Market; check recent releases, tracking changes, campaign mix, and operational issues."
2026-05-08,revenue_per_session,residual_anomaly,full_segment,North America + Mobile + Firefox + Email + SMB,0.200434,0.26086639285714286,0.06043239285714286,0.1453643100094782,5,1,WARNING,"Review revenue_per_session drivers for full_segment = North America + Mobile + Firefox + Email + SMB; check recent releases, tracking changes, campaign mix, and operational issues."
2026-05-08,revenue_per_session,residual_anomaly,full_segment,APAC + Desktop + Chrome + Email + SMB,0.206341,0.26512489285714286,0.05878389285714286,0.14139900177458672,6,1,WARNING,"Review revenue_per_session drivers for full_segment = APAC + Desktop + Chrome + Email + SMB; check recent releases, tracking changes, campaign mix, and operational issues."
2026-05-08,revenue_per_session,residual_anomaly,region,APAC,0.205968,0.2691374642857143,0.18950839285714283,0.45584421642552353,1,3,WARNING,"Review revenue_per_session drivers for region = APAC; check recent releases, tracking changes, campaign mix, and operational issues."
2026-05-08,revenue_per_session,residual_anomaly,region,North America,0.260694,0.33110591071428574,0.14082382142857142,0.33873816122511347,2,2,WARNING,"Review revenue_per_session drivers for region = North America; check recent releases, tracking changes, campaign mix, and operational issues."
2026-05-08,revenue_per_session,residual_anomaly,region,EMEA,0.258875,0.3442733928571428,0.08539839285714279,0.20541762234936298,3,1,WARNING,"Review revenue_per_session drivers for region = EMEA; check recent releases, tracking changes, campaign mix, and operational issues."
2026-05-08,revenue_per_session,residual_anomaly,region_device_browser,North America + Mobile + Firefox,0.260694,0.33110591071428574,0.14082382142857142,0.33873816122511347,1,2,WARNING,"Review revenue_per_session drivers for region_device_browser = North America + Mobile + Firefox; check recent releases, tracking changes, campaign mix, and operational issues."
2026-05-08,revenue_per_session,residual_anomaly,region_device_browser,EMEA + Desktop + Safari,0.258875,0.3442733928571428,0.08539839285714279,0.20541762234936298,2,1,WARNING,"Review revenue_per_session drivers for region_device_browser = EMEA + Desktop + Safari; check recent releases, tracking changes, campaign mix, and operational issues."
2026-05-08,revenue_per_session,residual_anomaly,region_device_browser,APAC + Desktop + Firefox,0.181766,0.2520118214285714,0.07024582142857141,0.16896956880644806,3,1,WARNING,"Review revenue_per_session drivers for region_device_browser = APAC + Desktop + Firefox; check recent releases, tracking changes, campaign mix, and operational issues."
2026-05-08,revenue_per_session,residual_anomaly,region_device_browser,APAC + Mobile + Firefox,0.229797,0.29027567857142855,0.06047867857142855,0.14547564584448874,4,1,WARNING,"Review revenue_per_session drivers for region_device_browser = APAC + Mobile + Firefox; check recent releases, tracking changes, campaign mix, and operational issues."
2026-05-08,revenue_per_session,residual_anomaly,region_device_browser,APAC + Desktop + Chrome,0.206341,0.26512489285714286,0.05878389285714286,0.14139900177458672,5,1,WARNING,"Review revenue_per_session drivers for region_device_browser = APAC + Desktop + Chrome; check recent releases, tracking changes, campaign mix, and operational issues."
2026-05-09,conversion_rate,residual_anomaly,browser,Safari,0.058824,0.07632185714285714,0.017497857142857134,1.0,1,1,WARNING,"Review conversion_rate drivers for browser = Safari; check recent releases, tracking changes, campaign mix, and operational issues."
2026-05-09,conversion_rate,residual_anomaly,business_segment,SMB,0.058824,0.07632185714285714,0.017497857142857134,1.0,1,1,WARNING,"Review conversion_rate drivers for business_segment = SMB; check recent releases, tracking changes, campaign mix, and operational issues."
2026-05-09,conversion_rate,residual_anomaly,channel,Email,0.058824,0.07632185714285714,0.017497857142857134,1.0,1,1,WARNING,"Review conversion_rate drivers for channel = Email; check recent releases, tracking changes, campaign mix, and operational issues."
2026-05-09,conversion_rate,residual_anomaly,device_type,Mobile,0.058824,0.07632185714285714,0.017497857142857134,1.0,1,1,WARNING,"Review conversion_rate drivers for device_type = Mobile; check recent releases, tracking changes, campaign mix, and operational issues."
2026-05-09,conversion_rate,residual_anomaly,full_segment,APAC + Mobile + Safari + Email + SMB,0.058824,0.07632185714285714,0.017497857142857134,1.0,1,1,WARNING,"Review conversion_rate drivers for full_segment = APAC + Mobile + Safari + Email + SMB; check recent releases, tracking changes, campaign mix, and operational issues."
2026-05-09,conversion_rate,residual_anomaly,region,APAC,0.058824,0.07632185714285714,0.017497857142857134,1.0,1,1,WARNING,"Review conversion_rate drivers for region = APAC; check recent releases, tracking changes, campaign mix, and operational issues."
2026-05-09,conversion_rate,residual_anomaly,region_device_browser,APAC + Mobile + Safari,0.058824,0.07632185714285714,0.017497857142857134,1.0,1,1,WARNING,"Review conversion_rate drivers for region_device_browser = APAC + Mobile + Safari; check recent releases, tracking changes, campaign mix, and operational issues."
2026-05-09,revenue_per_session,residual_anomaly,browser,Firefox,0.497045,0.6255790000000001,0.1285340000000001,0.5411127103643187,1,1,WARNING,"Review revenue_per_session drivers for browser = Firefox; check recent releases, tracking changes, campaign mix, and operational issues."
2026-05-09,revenue_per_session,residual_anomaly,browser,Safari,0.393807,0.5028094642857143,0.10900246428571425,0.45888728963568126,2,1,WARNING,"Review revenue_per_session drivers for browser = Safari; check recent releases, tracking changes, campaign mix, and operational issues."
2026-05-09,revenue_per_session,residual_anomaly,business_segment,Enterprise,0.445426,0.5641942321428572,0.23753646428571434,1.0,1,2,WARNING,"Review revenue_per_session drivers for business_segment = Enterprise; check recent releases, tracking changes, campaign mix, and operational issues."
2026-05-09,revenue_per_session,residual_anomaly,channel,Organic,0.497045,0.6255790000000001,0.1285340000000001,0.5411127103643187,1,1,WARNING,"Review revenue_per_session drivers for channel = Organic; check recent releases, tracking changes, campaign mix, and operational issues."
2026-05-09,revenue_per_session,residual_anomaly,channel,Email,0.393807,0.5028094642857143,0.10900246428571425,0.45888728963568126,2,1,WARNING,"Review revenue_per_session drivers for channel = Email; check recent releases, tracking changes, campaign mix, and operational issues."
2026-05-09,revenue_per_session,residual_anomaly,device_type,Desktop,0.497045,0.6255790000000001,0.1285340000000001,0.5411127103643187,1,1,WARNING,"Review revenue_per_session drivers for device_type = Desktop; check recent releases, tracking changes, campaign mix, and operational issues."
2026-05-09,revenue_per_session,residual_anomaly,device_type,Mobile,0.393807,0.5028094642857143,0.10900246428571425,0.45888728963568126,2,1,WARNING,"Review revenue_per_session drivers for device_type = Mobile; check recent releases, tracking changes, campaign mix, and operational issues."
2026-05-09,revenue_per_session,residual_anomaly,full_segment,APAC + Desktop + Firefox + Organic + Enterprise,0.497045,0.6255790000000001,0.1285340000000001,0.5411127103643187,1,1,WARNING,"Review revenue_per_session drivers for full_segment = APAC + Desktop + Firefox + Organic + Enterprise; check recent releases, tracking changes, campaign mix, and operational issues."
2026-05-09,revenue_per_session,residual_anomaly,full_segment,North America + Mobile + Safari + Email + Enterprise,0.393807,0.5028094642857143,0.10900246428571425,0.45888728963568126,2,1,WARNING,"Review revenue_per_session drivers for full_segment = North America + Mobile + Safari + Email + Enterprise; check recent releases, tracking changes, campaign mix, and operational issues."
2026-05-09,revenue_per_session,residual_anomaly,region,APAC,0.497045,0.6255790000000001,0.1285340000000001,0.5411127103643187,1,1,WARNING,"Review revenue_per_session drivers for region = APAC; check recent releases, tracking changes, campaign mix, and operational issues."
2026-05-09,revenue_per_session,residual_anomaly,region,North America,0.393807,0.5028094642857143,0.10900246428571425,0.45888728963568126,2,1,WARNING,"Review revenue_per_session drivers for region = North America; check recent releases, tracking changes, campaign mix, and operational issues."
2026-05-09,revenue_per_session,residual_anomaly,region_device_browser,APAC + Desktop + Firefox,0.497045,0.6255790000000001,0.1285340000000001,0.5411127103643187,1,1,WARNING,"Review revenue_per_session drivers for region_device_browser = APAC + Desktop + Firefox; check recent releases, tracking changes, campaign mix, and operational issues."
2026-05-09,revenue_per_session,residual_anomaly,region_device_browser,North America + Mobile + Safari,0.393807,0.5028094642857143,0.10900246428571425,0.45888728963568126,2,1,WARNING,"Review revenue_per_session drivers for region_device_browser = North America + Mobile + Safari; check recent releases, tracking changes, campaign mix, and operational issues."
2026-05-10,revenue_per_session,residual_anomaly,browser,Chrome,0.395278,0.4986493928571428,0.10337139285714281,0.5269431262062358,1,1,WARNING,"Review revenue_per_session drivers for browser = Chrome; check recent releases, tracking changes, campaign mix, and operational issues."
2026-05-10,revenue_per_session,residual_anomaly,browser,Firefox,0.330527,0.4233274285714285,0.0928004285714285,0.4730568737937642,2,1,WARNING,"Review revenue_per_session drivers for browser = Firefox; check recent releases, tracking changes, campaign mix, and operational issues."
2026-05-10,revenue_per_session,residual_anomaly,business_segment,Enterprise,0.395278,0.4986493928571428,0.10337139285714281,0.5269431262062358,1,1,WARNING,"Review revenue_per_session drivers for business_segment = Enterprise; check recent releases, tracking changes, campaign mix, and operational issues."
2026-05-10,revenue_per_session,residual_anomaly,business_segment,Mid-Market,0.330527,0.4233274285714285,0.0928004285714285,0.4730568737937642,2,1,WARNING,"Review revenue_per_session drivers for business_segment = Mid-Market; check recent releases, tracking changes, campaign mix, and operational issues."
2026-05-10,revenue_per_session,residual_anomaly,channel,Email,0.395278,0.4986493928571428,0.10337139285714281,0.5269431262062358,1,1,WARNING,"Review revenue_per_session drivers for channel = Email; check recent releases, tracking changes, campaign mix, and operational issues."
2026-05-10,revenue_per_session,residual_anomaly,channel,Organic,0.330527,0.4233274285714285,0.0928004285714285,0.4730568737937642,2,1,WARNING,"Review revenue_per_session drivers for channel = Organic; check recent releases, tracking changes, campaign mix, and operational issues."
2026-05-10,revenue_per_session,residual_anomaly,device_type,Mobile,0.395278,0.4986493928571428,0.10337139285714281,0.5269431262062358,1,1,WARNING,"Review revenue_per_session drivers for device_type = Mobile; check recent releases, tracking changes, campaign mix, and operational issues."
2026-05-10,revenue_per_session,residual_anomaly,device_type,Desktop,0.330527,0.4233274285714285,0.0928004285714285,0.4730568737937642,2,1,WARNING,"Review revenue_per_session drivers for device_type = Desktop; check recent releases, tracking changes, campaign mix, and operational issues."
2026-05-10,revenue_per_session,residual_anomaly,full_segment,APAC + Mobile + Chrome + Email + Enterprise,0.395278,0.4986493928571428,0.10337139285714281,0.5269431262062358,1,1,WARNING,"Review revenue_per_session drivers for full_segment = APAC + Mobile + Chrome + Email + Enterprise; check recent releases, tracking changes, campaign mix, and operational issues."
2026-05-10,revenue_per_session,residual_anomaly,full_segment,APAC + Desktop + Firefox + Organic + Mid-Market,0.330527,0.4233274285714285,0.0928004285714285,0.4730568737937642,2,1,WARNING,"Review revenue_per_session drivers for full_segment = APAC + Desktop + Firefox + Organic + Mid-Market; check recent releases, tracking changes, campaign mix, and operational issues."
2026-05-10,revenue_per_session,residual_anomaly,region,APAC,0.3629025,0.46098841071428565,0.1961718214285713,1.0,1,2,WARNING,"Review revenue_per_session drivers for region = APAC; check recent releases, tracking changes, campaign mix, and operational issues."
2026-05-10,revenue_per_session,residual_anomaly,region_device_browser,APAC + Mobile + Chrome,0.395278,0.4986493928571428,0.10337139285714281,0.5269431262062358,1,1,WARNING,"Review revenue_per_session drivers for region_device_browser = APAC + Mobile + Chrome; check recent releases, tracking changes, campaign mix, and operational issues."
2026-05-10,revenue_per_session,residual_anomaly,region_device_browser,APAC + Desktop + Firefox,0.330527,0.4233274285714285,0.0928004285714285,0.4730568737937642,2,1,WARNING,"Review revenue_per_session drivers for region_device_browser = APAC + Desktop + Firefox; check recent releases, tracking changes, campaign mix, and operational issues."
2026-05-11,revenue_per_session,residual_anomaly,browser,Chrome,0.326974,0.3962431249999999,0.13853824999999986,0.6878788007755737,1,2,WARNING,"Review revenue_per_session drivers for browser = Chrome; check recent releases, tracking changes, campaign mix, and operational issues."
2026-05-11,revenue_per_session,residual_anomaly,browser,Safari,0.256079,0.3189399642857143,0.0628609642857143,0.31212119922442627,2,1,WARNING,"Review revenue_per_session drivers for browser = Safari; check recent releases, tracking changes, campaign mix, and operational issues."
2026-05-11,revenue_per_session,residual_anomaly,business_segment,SMB,0.3033423333333334,0.37047540476190477,0.20139921428571417,1.0,1,3,WARNING,"Review revenue_per_session drivers for business_segment = SMB; check recent releases, tracking changes, campaign mix, and operational issues."
2026-05-11,revenue_per_session,residual_anomaly,channel,Organic,0.3033423333333334,0.37047540476190477,0.20139921428571417,1.0,1,3,WARNING,"Review revenue_per_session drivers for channel = Organic; check recent releases, tracking changes, campaign mix, and operational issues."
2026-05-11,revenue_per_session,residual_anomaly,device_type,Desktop,0.30018900000000004,0.36583282142857143,0.13128764285714278,0.6518776318108774,1,2,WARNING,"Review revenue_per_session drivers for device_type = Desktop; check recent releases, tracking changes, campaign mix, and operational issues."
2026-05-11,revenue_per_session,residual_anomaly,device_type,Mobile,0.309649,0.3797605714285714,0.07011157142857138,0.34812236818912257,2,1,WARNING,"Review revenue_per_session drivers for device_type = Mobile; check recent releases, tracking changes, campaign mix, and operational issues."
2026-05-11,revenue_per_session,residual_anomaly,full_segment,North America + Mobile + Chrome + Organic + SMB,0.309649,0.3797605714285714,0.07011157142857138,0.34812236818912257,1,1,WARNING,"Review revenue_per_session drivers for full_segment = North America + Mobile + Chrome + Organic + SMB; check recent releases, tracking changes, campaign mix, and operational issues."
2026-05-11,revenue_per_session,residual_anomaly,full_segment,North America + Desktop + Chrome + Organic + SMB,0.344299,0.4127256785714285,0.06842667857142848,0.33975643258645116,2,1,WARNING,"Review revenue_per_session drivers for full_segment = North America + Desktop + Chrome + Organic + SMB; check recent releases, tracking changes, campaign mix, and operational issues."
2026-05-11,revenue_per_session,residual_anomaly,full_segment,APAC + Desktop + Safari + Organic + SMB,0.256079,0.3189399642857143,0.0628609642857143,0.31212119922442627,3,1,WARNING,"Review revenue_per_session drivers for full_segment = APAC + Desktop + Safari + Organic + SMB; check recent releases, tracking changes, campaign mix, and operational issues."
2026-05-11,revenue_per_session,residual_anomaly,region,North America,0.326974,0.3962431249999999,0.13853824999999986,0.6878788007755737,1,2,WARNING,"Review revenue_per_session drivers for region = North America; check recent releases, tracking changes, campaign mix, and operational issues."
2026-05-11,revenue_per_session,residual_anomaly,region,APAC,0.256079,0.3189399642857143,0.0628609642857143,0.31212119922442627,2,1,WARNING,"Review revenue_per_session drivers for region = APAC; check recent releases, tracking changes, campaign mix, and operational issues."
2026-05-11,revenue_per_session,residual_anomaly,region_device_browser,North America + Mobile + Chrome,0.309649,0.3797605714285714,0.07011157142857138,0.34812236818912257,1,1,WARNING,"Review revenue_per_session drivers for region_device_browser = North America + Mobile + Chrome; check recent releases, tracking changes, campaign mix, and operational issues."
2026-05-11,revenue_per_session,residual_anomaly,region_device_browser,North America + Desktop + Chrome,0.344299,0.4127256785714285,0.06842667857142848,0.33975643258645116,2,1,WARNING,"Review revenue_per_session drivers for region_device_browser = North America + Desktop + Chrome; check recent releases, tracking changes, campaign mix, and operational issues."
2026-05-11,revenue_per_session,residual_anomaly,region_device_browser,APAC + Desktop + Safari,0.256079,0.3189399642857143,0.0628609642857143,0.31212119922442627,3,1,WARNING,"Review revenue_per_session drivers for region_device_browser = APAC + Desktop + Safari; check recent releases, tracking changes, campaign mix, and operational issues."
2026-05-13,revenue_per_session,residual_anomaly,browser,Firefox,0.30871466666666664,0.38361901190476183,0.22471303571428566,0.5025781636401045,1,3,WARNING,"Review revenue_per_session drivers for browser = Firefox; check recent releases, tracking changes, campaign mix, and operational issues."
2026-05-13,revenue_per_session,residual_anomaly,browser,Chrome,0.3383686666666666,0.4125045119047619,0.22240753571428581,0.4974218363598954,2,3,WARNING,"Review revenue_per_session drivers for browser = Chrome; check recent releases, tracking changes, campaign mix, and operational issues."
2026-05-13,revenue_per_session,residual_anomaly,business_segment,SMB,0.30109800000000003,0.3657357142857143,0.19391314285714287,0.4336931808741905,1,3,WARNING,"Review revenue_per_session drivers for business_segment = SMB; check recent releases, tracking changes, campaign mix, and operational issues."
2026-05-13,revenue_per_session,residual_anomaly,business_segment,Mid-Market,0.295131,0.3746343571428571,0.15900671428571425,0.35562379466836036,2,2,WARNING,"Review revenue_per_session drivers for business_segment = Mid-Market; check recent releases, tracking changes, campaign mix, and operational issues."
2026-05-13,revenue_per_session,residual_anomaly,business_segment,Enterprise,0.447694,0.5418947142857143,0.09420071428571436,0.21068302445744913,3,1,WARNING,"Review revenue_per_session drivers for business_segment = Enterprise; check recent releases, tracking changes, campaign mix, and operational issues."
2026-05-13,revenue_per_session,residual_anomaly,channel,Paid Search,0.35290566666666673,0.43308910714285714,0.2405503214285714,0.5379987788528756,1,3,WARNING,"Review revenue_per_session drivers for channel = Paid Search; check recent releases, tracking changes, campaign mix, and operational issues."
2026-05-13,revenue_per_session,residual_anomaly,channel,Email,0.29417766666666667,0.36303441666666664,0.20657025000000007,0.4620012211471244,2,3,WARNING,"Review revenue_per_session drivers for channel = Email; check recent releases, tracking changes, campaign mix, and operational issues."
2026-05-13,revenue_per_session,residual_anomaly,device_type,Mobile,0.2987112,0.3692951714285714,0.3529198571428571,0.7893169755425509,1,5,WARNING,"Review revenue_per_session drivers for device_type = Mobile; check recent releases, tracking changes, campaign mix, and operational issues."
2026-05-13,revenue_per_session,residual_anomaly,device_type,Desktop,0.447694,0.5418947142857143,0.09420071428571436,0.21068302445744913,2,1,WARNING,"Review revenue_per_session drivers for device_type = Desktop; check recent releases, tracking changes, campaign mix, and operational issues."
2026-05-13,revenue_per_session,residual_anomaly,full_segment,APAC + Mobile + Firefox + Paid Search + Mid-Market,0.354178,0.4581463571428571,0.10396835714285713,0.2325286819406973,1,1,WARNING,"Review revenue_per_session drivers for full_segment = APAC + Mobile + Firefox + Paid Search + Mid-Market; check recent releases, tracking changes, campaign mix, and operational issues."
2026-05-13,revenue_per_session,residual_anomaly,full_segment,APAC + Desktop + Chrome + Email + Enterprise,0.447694,0.5418947142857143,0.09420071428571436,0.21068302445744913,2,1,WARNING,"Review revenue_per_session drivers for full_segment = APAC + Desktop + Chrome + Email + Enterprise; check recent releases, tracking changes, campaign mix, and operational issues."
2026-05-13,revenue_per_session,residual_anomaly,full_segment,North America + Mobile + Chrome + Paid Search + SMB,0.368657,0.4395326428571429,0.07087564285714287,0.15851572794043411,3,1,WARNING,"Review revenue_per_session drivers for full_segment = North America + Mobile + Chrome + Paid Search + SMB; check recent releases, tracking changes, campaign mix, and operational issues."
2026-05-13,revenue_per_session,residual_anomaly,full_segment,North America + Mobile + Firefox + Paid Search + SMB,0.335882,0.4015883214285714,0.06570632142857141,0.14695436897174421,4,1,WARNING,"Review revenue_per_session drivers for full_segment = North America + Mobile + Firefox + Paid Search + SMB; check recent releases, tracking changes, campaign mix, and operational issues."
2026-05-13,revenue_per_session,residual_anomaly,full_segment,EMEA + Mobile + Chrome + Email + SMB,0.198755,0.25608617857142857,0.05733117857142858,0.12822308396201218,5,1,WARNING,"Review revenue_per_session drivers for full_segment = EMEA + Mobile + Chrome + Email + SMB; check recent releases, tracking changes, campaign mix, and operational issues."
2026-05-13,revenue_per_session,residual_anomaly,full_segment,APAC + Mobile + Firefox + Email + Mid-Market,0.236084,0.2911223571428571,0.055038357142857125,0.12309511272766305,6,1,WARNING,"Review revenue_per_session drivers for full_segment = APAC + Mobile + Firefox + Email + Mid-Market; check recent releases, tracking changes, campaign mix, and operational issues."
2026-05-13,revenue_per_session,residual_anomaly,region,APAC,0.3459853333333333,0.43038780952380956,0.25320742857142864,0.5663068191258096,1,3,WARNING,"Review revenue_per_session drivers for region = APAC; check recent releases, tracking changes, campaign mix, and operational issues."
2026-05-13,revenue_per_session,residual_anomaly,region,North America,0.3522695,0.42056048214285713,0.13658196428571429,0.30547009691217836,2,2,WARNING,"Review revenue_per_session drivers for region = North America; check recent releases, tracking changes, campaign mix, and operational issues."
2026-05-13,revenue_per_session,residual_anomaly,region,EMEA,0.198755,0.25608617857142857,0.05733117857142858,0.12822308396201218,3,1,WARNING,"Review revenue_per_session drivers for region = EMEA; check recent releases, tracking changes, campaign mix, and operational issues."
2026-05-13,revenue_per_session,residual_anomaly,region_device_browser,APAC + Mobile + Firefox,0.295131,0.3746343571428571,0.15900671428571425,0.35562379466836036,1,2,WARNING,"Review revenue_per_session drivers for region_device_browser = APAC + Mobile + Firefox; check recent releases, tracking changes, campaign mix, and operational issues."
2026-05-13,revenue_per_session,residual_anomaly,region_device_browser,APAC + Desktop + Chrome,0.447694,0.5418947142857143,0.09420071428571436,0.21068302445744913,2,1,WARNING,"Review revenue_per_session drivers for region_device_browser = APAC + Desktop + Chrome; check recent releases, tracking changes, campaign mix, and operational issues."
2026-05-13,revenue_per_session,residual_anomaly,region_device_browser,North America + Mobile + Chrome,0.368657,0.4395326428571429,0.07087564285714287,0.15851572794043411,3,1,WARNING,"Review revenue_per_session drivers for region_device_browser = North America + Mobile + Chrome; check recent releases, tracking changes, campaign mix, and operational issues."
2026-05-13,revenue_per_session,residual_anomaly,region_device_browser,North America + Mobile + Firefox,0.335882,0.4015883214285714,0.06570632142857141,0.14695436897174421,4,1,WARNING,"Review revenue_per_session drivers for region_device_browser = North America + Mobile + Firefox; check recent releases, tracking changes, campaign mix, and operational issues."
2026-05-13,revenue_per_session,residual_anomaly,region_device_browser,EMEA + Mobile + Chrome,0.198755,0.25608617857142857,0.05733117857142858,0.12822308396201218,5,1,WARNING,"Review revenue_per_session drivers for region_device_browser = EMEA + Mobile + Chrome; check recent releases, tracking changes, campaign mix, and operational issues."
2026-05-14,revenue_per_session,residual_anomaly,browser,Chrome,0.427821,0.5590425,0.1312215,0.4003720618430769,1,1,WARNING,"Review revenue_per_session drivers for browser = Chrome; check recent releases, tracking changes, campaign mix, and operational issues."
2026-05-14,revenue_per_session,residual_anomaly,browser,Firefox,0.466124,0.5767400714285714,0.11061607142857144,0.33750250218781386,2,1,WARNING,"Review revenue_per_session drivers for browser = Firefox; check recent releases, tracking changes, campaign mix, and operational issues."
2026-05-14,revenue_per_session,residual_anomaly,browser,Safari,0.269348,0.3552593214285714,0.08591132142857144,0.2621254359691092,3,1,WARNING,"Review revenue_per_session drivers for browser = Safari; check recent releases, tracking changes, campaign mix, and operational issues."
2026-05-14,revenue_per_session,residual_anomaly,business_segment,Enterprise,0.4469725,0.5678912857142857,0.24183757142857143,0.7378745640308908,1,2,WARNING,"Review revenue_per_session drivers for business_segment = Enterprise; check recent releases, tracking changes, campaign mix, and operational issues."
2026-05-14,revenue_per_session,residual_anomaly,business_segment,Mid-Market,0.269348,0.3552593214285714,0.08591132142857144,0.2621254359691092,2,1,WARNING,"Review revenue_per_session drivers for business_segment = Mid-Market; check recent releases, tracking changes, campaign mix, and operational issues."
2026-05-14,revenue_per_session,residual_anomaly,channel,Email,0.34858449999999996,0.4571509107142857,0.21713282142857143,0.6624974978121861,1,2,WARNING,"Review revenue_per_session drivers for channel = Email; check recent releases, tracking changes, campaign mix, and operational issues."
2026-05-14,revenue_per_session,residual_anomaly,channel,Organic,0.466124,0.5767400714285714,0.11061607142857144,0.33750250218781386,2,1,WARNING,"Review revenue_per_session drivers for channel = Organic; check recent releases, tracking changes, campaign mix, and operational issues."
2026-05-14,revenue_per_session,residual_anomaly,device_type,Mobile,0.36773599999999995,0.4659996964285714,0.19652739285714288,0.5996279381569231,1,2,WARNING,"Review revenue_per_session drivers for device_type = Mobile; check recent releases, tracking changes, campaign mix, and operational issues."
2026-05-14,revenue_per_session,residual_anomaly,device_type,Desktop,0.427821,0.5590425,0.1312215,0.4003720618430769,2,1,WARNING,"Review revenue_per_session drivers for device_type = Desktop; check recent releases, tracking changes, campaign mix, and operational issues."
2026-05-14,revenue_per_session,residual_anomaly,full_segment,EMEA + Desktop + Chrome + Email + Enterprise,0.427821,0.5590425,0.1312215,0.4003720618430769,1,1,WARNING,"Review revenue_per_session drivers for full_segment = EMEA + Desktop + Chrome + Email + Enterprise; check recent releases, tracking changes, campaign mix, and operational issues."
2026-05-14,revenue_per_session,residual_anomaly,full_segment,APAC + Mobile + Firefox + Organic + Enterprise,0.466124,0.5767400714285714,0.11061607142857144,0.33750250218781386,2,1,WARNING,"Review revenue_per_session drivers for full_segment = APAC + Mobile + Firefox + Organic + Enterprise; check recent releases, tracking changes, campaign mix, and operational issues."
2026-05-14,revenue_per_session,residual_anomaly,full_segment,North America + Mobile + Safari + Email + Mid-Market,0.269348,0.3552593214285714,0.08591132142857144,0.2621254359691092,3,1,WARNING,"Review revenue_per_session drivers for full_segment = North America + Mobile + Safari + Email + Mid-Market; check recent releases, tracking changes, campaign mix, and operational issues."
2026-05-14,revenue_per_session,residual_anomaly,region,EMEA,0.427821,0.5590425,0.1312215,0.4003720618430769,1,1,WARNING,"Review revenue_per_session drivers for region = EMEA; check recent releases, tracking changes, campaign mix, and operational issues."
2026-05-14,revenue_per_session,residual_anomaly,region,APAC,0.466124,0.5767400714285714,0.11061607142857144,0.33750250218781386,2,1,WARNING,"Review revenue_per_session drivers for region = APAC; check recent releases, tracking changes, campaign mix, and operational issues."
2026-05-14,revenue_per_session,residual_anomaly,region,North America,0.269348,0.3552593214285714,0.08591132142857144,0.2621254359691092,3,1,WARNING,"Review revenue_per_session drivers for region = North America; check recent releases, tracking changes, campaign mix, and operational issues."
2026-05-14,revenue_per_session,residual_anomaly,region_device_browser,EMEA + Desktop + Chrome,0.427821,0.5590425,0.1312215,0.4003720618430769,1,1,WARNING,"Review revenue_per_session drivers for region_device_browser = EMEA + Desktop + Chrome; check recent releases, tracking changes, campaign mix, and operational issues."
2026-05-14,revenue_per_session,residual_anomaly,region_device_browser,APAC + Mobile + Firefox,0.466124,0.5767400714285714,0.11061607142857144,0.33750250218781386,2,1,WARNING,"Review revenue_per_session drivers for region_device_browser = APAC + Mobile + Firefox; check recent releases, tracking changes, campaign mix, and operational issues."
2026-05-14,revenue_per_session,residual_anomaly,region_device_browser,North America + Mobile + Safari,0.269348,0.3552593214285714,0.08591132142857144,0.2621254359691092,3,1,WARNING,"Review revenue_per_session drivers for region_device_browser = North America + Mobile + Safari; check recent releases, tracking changes, campaign mix, and operational issues."
2026-05-15,conversion_rate,residual_anomaly,browser,Chrome,0.0625,0.08116567857142856,0.018665678571428562,1.0,1,1,WARNING,"Review conversion_rate drivers for browser = Chrome; check recent releases, tracking changes, campaign mix, and operational issues."
2026-05-15,conversion_rate,residual_anomaly,business_segment,SMB,0.0625,0.08116567857142856,0.018665678571428562,1.0,1,1,WARNING,"Review conversion_rate drivers for business_segment = SMB; check recent releases, tracking changes, campaign mix, and operational issues."
2026-05-15,conversion_rate,residual_anomaly,channel,Email,0.0625,0.08116567857142856,0.018665678571428562,1.0,1,1,WARNING,"Review conversion_rate drivers for channel = Email; check recent releases, tracking changes, campaign mix, and operational issues."
2026-05-15,conversion_rate,residual_anomaly,device_type,Mobile,0.0625,0.08116567857142856,0.018665678571428562,1.0,1,1,WARNING,"Review conversion_rate drivers for device_type = Mobile; check recent releases, tracking changes, campaign mix, and operational issues."
2026-05-15,conversion_rate,residual_anomaly,full_segment,APAC + Mobile + Chrome + Email + SMB,0.0625,0.08116567857142856,0.018665678571428562,1.0,1,1,WARNING,"Review conversion_rate drivers for full_segment = APAC + Mobile + Chrome + Email + SMB; check recent releases, tracking changes, campaign mix, and operational issues."
2026-05-15,conversion_rate,residual_anomaly,region,APAC,0.0625,0.08116567857142856,0.018665678571428562,1.0,1,1,WARNING,"Review conversion_rate drivers for region = APAC; check recent releases, tracking changes, campaign mix, and operational issues."
2026-05-15,conversion_rate,residual_anomaly,region_device_browser,APAC + Mobile + Chrome,0.0625,0.08116567857142856,0.018665678571428562,1.0,1,1,WARNING,"Review conversion_rate drivers for region_device_browser = APAC + Mobile + Chrome; check recent releases, tracking changes, campaign mix, and operational issues."
2026-05-15,revenue_per_session,residual_anomaly,browser,Safari,0.312697,0.3932016428571428,0.4830278571428572,0.718222708420734,1,6,WARNING,"Review revenue_per_session drivers for browser = Safari; check recent releases, tracking changes, campaign mix, and operational issues."
2026-05-15,revenue_per_session,residual_anomaly,browser,Firefox,0.353413,0.4481651428571428,0.18950428571428568,0.2817772915792659,2,2,WARNING,"Review revenue_per_session drivers for browser = Firefox; check recent releases, tracking changes, campaign mix, and operational issues."
2026-05-15,revenue_per_session,residual_anomaly,business_segment,Mid-Market,0.33518925,0.4311741964285714,0.3839397857142858,0.5708868933508223,1,4,WARNING,"Review revenue_per_session drivers for business_segment = Mid-Market; check recent releases, tracking changes, campaign mix, and operational issues."
2026-05-15,revenue_per_session,residual_anomaly,business_segment,SMB,0.27024033333333336,0.33382164285714283,0.19074392857142852,0.28362053858286107,2,3,WARNING,"Review revenue_per_session drivers for business_segment = SMB; check recent releases, tracking changes, campaign mix, and operational issues."
2026-05-15,revenue_per_session,residual_anomaly,business_segment,Enterprise,0.43153,0.5293784285714286,0.09784842857142856,0.1454925680663165,3,1,WARNING,"Review revenue_per_session drivers for business_segment = Enterprise; check recent releases, tracking changes, campaign mix, and operational issues."
2026-05-15,revenue_per_session,residual_anomaly,channel,Paid Search,0.33458875,0.41704380357142856,0.32982021428571423,0.49041554041495616,1,4,WARNING,"Review revenue_per_session drivers for channel = Paid Search; check recent releases, tracking changes, campaign mix, and operational issues."
2026-05-15,revenue_per_session,residual_anomaly,channel,Email,0.2939083333333333,0.37336970238095235,0.23838410714285713,0.35445756708388865,2,3,WARNING,"Review revenue_per_session drivers for channel = Email; check recent releases, tracking changes, campaign mix, and operational issues."
2026-05-15,revenue_per_session,residual_anomaly,channel,Organic,0.362928,0.46725582142857147,0.1043278214285715,0.1551268925011551,3,1,WARNING,"Review revenue_per_session drivers for channel = Organic; check recent releases, tracking changes, campaign mix, and operational issues."
2026-05-15,revenue_per_session,residual_anomaly,device_type,Mobile,0.335729,0.4285021714285714,0.46386585714285705,0.6897303899441873,1,5,WARNING,"Review revenue_per_session drivers for device_type = Mobile; check recent releases, tracking changes, campaign mix, and operational issues."
2026-05-15,revenue_per_session,residual_anomaly,device_type,Desktop,0.3014543333333333,0.37100976190476187,0.2086662857142858,0.3102696100558126,2,3,WARNING,"Review revenue_per_session drivers for device_type = Desktop; check recent releases, tracking changes, campaign mix, and operational issues."
2026-05-15,revenue_per_session,residual_anomaly,full_segment,EMEA + Mobile + Safari + Paid Search + Mid-Market,0.351335,0.45694407142857146,0.10560907142857145,0.1570320059051878,1,1,WARNING,"Review revenue_per_session drivers for full_segment = EMEA + Mobile + Safari + Paid Search + Mid-Market; check recent releases, tracking changes, campaign mix, and operational issues."
2026-05-15,revenue_per_session,residual_anomaly,full_segment,North America + Desktop + Safari + Organic + Mid-Market,0.362928,0.46725582142857147,0.1043278214285715,0.1551268925011551,2,1,WARNING,"Review revenue_per_session drivers for full_segment = North America + Desktop + Safari + Organic + Mid-Market; check recent releases, tracking changes, campaign mix, and operational issues."
2026-05-15,revenue_per_session,residual_anomaly,full_segment,North America + Mobile + Firefox + Email + Enterprise,0.43153,0.5293784285714286,0.09784842857142856,0.1454925680663165,3,1,WARNING,"Review revenue_per_session drivers for full_segment = North America + Mobile + Firefox + Email + Enterprise; check recent releases, tracking changes, campaign mix, and operational issues."
2026-05-15,revenue_per_session,residual_anomaly,full_segment,North America + Mobile + Firefox + Email + Mid-Market,0.275296,0.3669518571428571,0.09165585714285712,0.13628472351294943,4,1,WARNING,"Review revenue_per_session drivers for full_segment = North America + Mobile + Firefox + Email + Mid-Market; check recent releases, tracking changes, campaign mix, and operational issues."
2026-05-15,revenue_per_session,residual_anomaly,full_segment,APAC + Mobile + Safari + Paid Search + SMB,0.269286,0.35569146428571424,0.08640546428571422,0.12847782102820354,5,1,WARNING,"Review revenue_per_session drivers for full_segment = APAC + Mobile + Safari + Paid Search + SMB; check recent releases, tracking changes, campaign mix, and operational issues."
2026-05-15,revenue_per_session,residual_anomaly,full_segment,APAC + Mobile + Safari + Paid Search + Mid-Market,0.351198,0.4335450357142857,0.0823470357142857,0.12244327143153005,6,1,WARNING,"Review revenue_per_session drivers for full_segment = APAC + Mobile + Safari + Paid Search + Mid-Market; check recent releases, tracking changes, campaign mix, and operational issues."
2026-05-15,revenue_per_session,residual_anomaly,full_segment,North America + Desktop + Safari + Paid Search + SMB,0.366536,0.42199464285714283,0.05545864285714286,0.08246244205003478,7,1,WARNING,"Review revenue_per_session drivers for full_segment = North America + Desktop + Safari + Paid Search + SMB; check recent releases, tracking changes, campaign mix, and operational issues."
2026-05-15,revenue_per_session,residual_anomaly,full_segment,APAC + Desktop + Safari + Email + SMB,0.174899,0.22377882142857144,0.048879821428571446,0.07268027550462274,8,1,WARNING,"Review revenue_per_session drivers for full_segment = APAC + Desktop + Safari + Email + SMB; check recent releases, tracking changes, campaign mix, and operational issues."
2026-05-15,revenue_per_session,residual_anomaly,region,North America,0.35907249999999996,0.4463951875,0.34929075000000004,0.5193666261304558,1,4,WARNING,"Review revenue_per_session drivers for region = North America; check recent releases, tracking changes, campaign mix, and operational issues."
2026-05-15,revenue_per_session,residual_anomaly,region,APAC,0.2651276666666667,0.3376717738095238,0.21763232142857136,0.32360136796435635,2,3,WARNING,"Review revenue_per_session drivers for region = APAC; check recent releases, tracking changes, campaign mix, and operational issues."
2026-05-15,revenue_per_session,residual_anomaly,region,EMEA,0.351335,0.45694407142857146,0.10560907142857145,0.1570320059051878,3,1,WARNING,"Review revenue_per_session drivers for region = EMEA; check recent releases, tracking changes, campaign mix, and operational issues."
2026-05-15,revenue_per_session,residual_anomaly,region_device_browser,North America + Mobile + Firefox,0.353413,0.4481651428571428,0.18950428571428568,0.2817772915792659,1,2,WARNING,"Review revenue_per_session drivers for region_device_browser = North America + Mobile + Firefox; check recent releases, tracking changes, campaign mix, and operational issues."
2026-05-15,revenue_per_session,residual_anomaly,region_device_browser,APAC + Mobile + Safari,0.310242,0.39461824999999995,0.16875249999999992,0.2509210924597336,2,2,WARNING,"Review revenue_per_session drivers for region_device_browser = APAC + Mobile + Safari; check recent releases, tracking changes, campaign mix, and operational issues."
2026-05-15,revenue_per_session,residual_anomaly,region_device_browser,North America + Desktop + Safari,0.36473199999999995,0.44462523214285715,0.15978646428571436,0.23758933455118988,3,2,WARNING,"Review revenue_per_session drivers for region_device_browser = North America + Desktop + Safari; check recent releases, tracking changes, campaign mix, and operational issues."
2026-05-15,revenue_per_session,residual_anomaly,region_device_browser,EMEA + Mobile + Safari,0.351335,0.45694407142857146,0.10560907142857145,0.1570320059051878,4,1,WARNING,"Review revenue_per_session drivers for region_device_browser = EMEA + Mobile + Safari; check recent releases, tracking changes, campaign mix, and operational issues."
2026-05-15,revenue_per_session,residual_anomaly,region_device_browser,APAC + Desktop + Safari,0.174899,0.22377882142857144,0.048879821428571446,0.07268027550462274,5,1,WARNING,"Review revenue_per_session drivers for region_device_browser = APAC + Desktop + Safari; check recent releases, tracking changes, campaign mix, and operational issues."
2026-05-16,revenue_per_session,residual_anomaly,browser,Chrome,0.35144366666666665,0.44425963095238097,0.2784478928571429,0.5991972727810009,1,3,WARNING,"Review revenue_per_session drivers for browser = Chrome; check recent releases, tracking changes, campaign mix, and operational issues."
2026-05-16,revenue_per_session,residual_anomaly,browser,Firefox,0.34443,0.43755682142857144,0.1862536428571429,0.40080272721899923,2,2,WARNING,"Review revenue_per_session drivers for browser = Firefox; check recent releases, tracking changes, campaign mix, and operational issues."
2026-05-16,revenue_per_session,residual_anomaly,business_segment,Enterprise,0.42446900000000004,0.525994261904762,0.30457578571428573,0.6554223782500027,1,3,WARNING,"Review revenue_per_session drivers for business_segment = Enterprise; check recent releases, tracking changes, campaign mix, and operational issues."
2026-05-16,revenue_per_session,residual_anomaly,business_segment,Mid-Market,0.283227,0.3747258928571429,0.09149889285714291,0.1968981934103173,2,1,WARNING,"Review revenue_per_session drivers for business_segment = Mid-Market; check recent releases, tracking changes, campaign mix, and operational issues."
2026-05-16,revenue_per_session,residual_anomaly,business_segment,SMB,0.186557,0.25518385714285713,0.06862685714285713,0.14767942833968004,3,1,WARNING,"Review revenue_per_session drivers for business_segment = SMB; check recent releases, tracking changes, campaign mix, and operational issues."
2026-05-16,revenue_per_session,residual_anomaly,channel,Email,0.3486382,0.4415785071428571,0.46470153571428574,1.0,1,5,WARNING,"Review revenue_per_session drivers for channel = Email; check recent releases, tracking changes, campaign mix, and operational issues."
2026-05-16,revenue_per_session,residual_anomaly,device_type,Mobile,0.36499099999999995,0.45829166071428573,0.3732026428571429,0.8031018065896828,1,4,WARNING,"Review revenue_per_session drivers for device_type = Mobile; check recent releases, tracking changes, campaign mix, and operational issues."
2026-05-16,revenue_per_session,residual_anomaly,device_type,Desktop,0.283227,0.3747258928571429,0.09149889285714291,0.1968981934103173,2,1,WARNING,"Review revenue_per_session drivers for device_type = Desktop; check recent releases, tracking changes, campaign mix, and operational issues."
2026-05-16,revenue_per_session,residual_anomaly,full_segment,North America + Mobile + Chrome + Email + Enterprise,0.455059,0.57124675,0.11618775000000003,0.2500266107823586,1,1,WARNING,"Review revenue_per_session drivers for full_segment = North America + Mobile + Chrome + Email + Enterprise; check recent releases, tracking changes, campaign mix, and operational issues."
2026-05-16,revenue_per_session,residual_anomaly,full_segment,EMEA + Mobile + Firefox + Email + Enterprise,0.405633,0.50038775,0.09475475,0.20390453380868195,2,1,WARNING,"Review revenue_per_session drivers for full_segment = EMEA + Mobile + Firefox + Email + Enterprise; check recent releases, tracking changes, campaign mix, and operational issues."
2026-05-16,revenue_per_session,residual_anomaly,full_segment,EMEA + Mobile + Chrome + Email + Enterprise,0.412715,0.5063482857142857,0.0936332857142857,0.20149123365896215,3,1,WARNING,"Review revenue_per_session drivers for full_segment = EMEA + Mobile + Chrome + Email + Enterprise; check recent releases, tracking changes, campaign mix, and operational issues."
2026-05-16,revenue_per_session,residual_anomaly,full_segment,EMEA + Desktop + Firefox + Email + Mid-Market,0.283227,0.3747258928571429,0.09149889285714291,0.1968981934103173,4,1,WARNING,"Review revenue_per_session drivers for full_segment = EMEA + Desktop + Firefox + Email + Mid-Market; check recent releases, tracking changes, campaign mix, and operational issues."
2026-05-16,revenue_per_session,residual_anomaly,full_segment,EMEA + Mobile + Chrome + Email + SMB,0.186557,0.25518385714285713,0.06862685714285713,0.14767942833968004,5,1,WARNING,"Review revenue_per_session drivers for full_segment = EMEA + Mobile + Chrome + Email + SMB; check recent releases, tracking changes, campaign mix, and operational issues."
2026-05-16,revenue_per_session,residual_anomaly,region,EMEA,0.322033,0.40916144642857144,0.3485137857142857,0.7499733892176415,1,4,WARNING,"Review revenue_per_session drivers for region = EMEA; check recent releases, tracking changes, campaign mix, and operational issues."
2026-05-16,revenue_per_session,residual_anomaly,region,North America,0.455059,0.57124675,0.11618775000000003,0.2500266107823586,2,1,WARNING,"Review revenue_per_session drivers for region = North America; check recent releases, tracking changes, campaign mix, and operational issues."
2026-05-16,revenue_per_session,residual_anomaly,region_device_browser,EMEA + Mobile + Chrome,0.299636,0.38076607142857144,0.16226014285714283,0.3491706619986422,1,2,WARNING,"Review revenue_per_session drivers for region_device_browser = EMEA + Mobile + Chrome; check recent releases, tracking changes, campaign mix, and operational issues."
2026-05-16,revenue_per_session,residual_anomaly,region_device_browser,North America + Mobile + Chrome,0.455059,0.57124675,0.11618775000000003,0.2500266107823586,2,1,WARNING,"Review revenue_per_session drivers for region_device_browser = North America + Mobile + Chrome; check recent releases, tracking changes, campaign mix, and operational issues."
2026-05-16,revenue_per_session,residual_anomaly,region_device_browser,EMEA + Mobile + Firefox,0.405633,0.50038775,0.09475475,0.20390453380868195,3,1,WARNING,"Review revenue_per_session drivers for region_device_browser = EMEA + Mobile + Firefox; check recent releases, tracking changes, campaign mix, and operational issues."
2026-05-16,revenue_per_session,residual_anomaly,region_device_browser,EMEA + Desktop + Firefox,0.283227,0.3747258928571429,0.09149889285714291,0.1968981934103173,4,1,WARNING,"Review revenue_per_session drivers for region_device_browser = EMEA + Desktop + Firefox; check recent releases, tracking changes, campaign mix, and operational issues."
2026-05-18,conversion_rate,residual_anomaly,browser,Firefox,0.066667,0.08266710714285715,0.016000107142857142,1.0,1,1,WARNING,"Review conversion_rate drivers for browser = Firefox; check recent releases, tracking changes, campaign mix, and operational issues."
2026-05-18,conversion_rate,residual_anomaly,business_segment,SMB,0.066667,0.08266710714285715,0.016000107142857142,1.0,1,1,WARNING,"Review conversion_rate drivers for business_segment = SMB; check recent releases, tracking changes, campaign mix, and operational issues."
2026-05-18,conversion_rate,residual_anomaly,channel,Email,0.066667,0.08266710714285715,0.016000107142857142,1.0,1,1,WARNING,"Review conversion_rate drivers for channel = Email; check recent releases, tracking changes, campaign mix, and operational issues."
2026-05-18,conversion_rate,residual_anomaly,device_type,Mobile,0.066667,0.08266710714285715,0.016000107142857142,1.0,1,1,WARNING,"Review conversion_rate drivers for device_type = Mobile; check recent releases, tracking changes, campaign mix, and operational issues."
2026-05-18,conversion_rate,residual_anomaly,full_segment,EMEA + Mobile + Firefox + Email + SMB,0.066667,0.08266710714285715,0.016000107142857142,1.0,1,1,WARNING,"Review conversion_rate drivers for full_segment = EMEA + Mobile + Firefox + Email + SMB; check recent releases, tracking changes, campaign mix, and operational issues."
2026-05-18,conversion_rate,residual_anomaly,region,EMEA,0.066667,0.08266710714285715,0.016000107142857142,1.0,1,1,WARNING,"Review conversion_rate drivers for region = EMEA; check recent releases, tracking changes, campaign mix, and operational issues."
2026-05-18,conversion_rate,residual_anomaly,region_device_browser,EMEA + Mobile + Firefox,0.066667,0.08266710714285715,0.016000107142857142,1.0,1,1,WARNING,"Review conversion_rate drivers for region_device_browser = EMEA + Mobile + Firefox; check recent releases, tracking changes, campaign mix, and operational issues."
2026-05-18,latency_ms,residual_anomaly,browser,Chrome,343.28055466666666,158.90722914285715,1659.3599297142857,1.0,1,9,CRITICAL,"Review latency_ms drivers for browser = Chrome; check recent releases, tracking changes, campaign mix, and operational issues."
2026-05-18,latency_ms,residual_anomaly,business_segment,Enterprise,344.467117,158.91400879761906,556.6593246071428,0.33546629314050647,1,3,CRITICAL,"Review latency_ms drivers for business_segment = Enterprise; check recent releases, tracking changes, campaign mix, and operational issues."
2026-05-18,latency_ms,residual_anomaly,business_segment,Mid-Market,344.23008933333335,159.0259412261905,555.6124443214286,0.33483539910301185,2,3,CRITICAL,"Review latency_ms drivers for business_segment = Mid-Market; check recent releases, tracking changes, campaign mix, and operational issues."
2026-05-18,latency_ms,residual_anomaly,business_segment,SMB,341.1444576666667,158.7817374047619,547.0881607857143,0.3296983077564816,3,3,CRITICAL,"Review latency_ms drivers for business_segment = SMB; check recent releases, tracking changes, campaign mix, and operational issues."
2026-05-18,latency_ms,residual_anomaly,channel,Paid Search,346.48468366666674,158.8498509047619,562.9044982857143,0.33922989714632745,1,3,CRITICAL,"Review latency_ms drivers for channel = Paid Search; check recent releases, tracking changes, campaign mix, and operational issues."
2026-05-18,latency_ms,residual_anomaly,channel,Email,345.21812466666665,158.67593075,559.62658175,0.33725448694326277,2,3,CRITICAL,"Review latency_ms drivers for channel = Email; check recent releases, tracking changes, campaign mix, and operational issues."
2026-05-18,latency_ms,residual_anomaly,channel,Organic,338.13885566666664,159.19590577380953,536.8288496785714,0.3235156159104097,3,3,CRITICAL,"Review latency_ms drivers for channel = Organic; check recent releases, tracking changes, campaign mix, and operational issues."
2026-05-18,latency_ms,residual_anomaly,device_type,Desktop,343.28055466666666,158.90722914285715,1659.3599297142857,1.0,1,9,CRITICAL,"Review latency_ms drivers for device_type = Desktop; check recent releases, tracking changes, campaign mix, and operational issues."
2026-05-18,latency_ms,residual_anomaly,full_segment,North America + Desktop + Chrome + Paid Search + Enterprise,351.791402,156.7395422142857,195.0518597857143,0.11754644444095923,1,1,CRITICAL,"Review latency_ms drivers for full_segment = North America + Desktop + Chrome + Paid Search + Enterprise; check recent releases, tracking changes, campaign mix, and operational issues."
2026-05-18,latency_ms,residual_anomaly,full_segment,North America + Desktop + Chrome + Email + SMB,348.56544,155.71134264285712,192.8540973571429,0.11622198047794802,2,1,CRITICAL,"Review latency_ms drivers for full_segment = North America + Desktop + Chrome + Email + SMB; check recent releases, tracking changes, campaign mix, and operational issues."
2026-05-18,latency_ms,residual_anomaly,full_segment,North America + Desktop + Chrome + Paid Search + Mid-Market,346.770432,158.68244042857143,188.0879915714286,0.11334972491701317,3,1,CRITICAL,"Review latency_ms drivers for full_segment = North America + Desktop + Chrome + Paid Search + Mid-Market; check recent releases, tracking changes, campaign mix, and operational issues."
2026-05-18,latency_ms,residual_anomaly,full_segment,North America + Desktop + Chrome + Email + Mid-Market,346.830166,160.99780721428573,185.8323587857143,0.11199038584577099,4,1,CRITICAL,"Review latency_ms drivers for full_segment = North America + Desktop + Chrome + Email + Mid-Market; check recent releases, tracking changes, campaign mix, and operational issues."
2026-05-18,latency_ms,residual_anomaly,full_segment,North America + Desktop + Chrome + Organic + Mid-Market,339.08967,157.3975760357143,181.6920939642857,0.10949528834022772,5,1,CRITICAL,"Review latency_ms drivers for full_segment = North America + Desktop + Chrome + Organic + Mid-Market; check recent releases, tracking changes, campaign mix, and operational issues."
2026-05-18,latency_ms,residual_anomaly,full_segment,North America + Desktop + Chrome + Email + Enterprise,340.258768,159.31864239285713,180.94012560714285,0.10904212061954378,6,1,CRITICAL,"Review latency_ms drivers for full_segment = North America + Desktop + Chrome + Email + Enterprise; check recent releases, tracking changes, campaign mix, and operational issues."
2026-05-18,latency_ms,residual_anomaly,full_segment,North America + Desktop + Chrome + Organic + Enterprise,341.351181,160.6838417857143,180.6673392142857,0.10887772808000348,7,1,CRITICAL,"Review latency_ms drivers for full_segment = North America + Desktop + Chrome + Organic + Enterprise; check recent releases, tracking changes, campaign mix, and operational issues."
2026-05-18,latency_ms,residual_anomaly,full_segment,North America + Desktop + Chrome + Paid Search + SMB,340.892217,161.12757007142858,179.76464692857144,0.10833372778835508,8,1,CRITICAL,"Review latency_ms drivers for full_segment = North America + Desktop + Chrome + Paid Search + SMB; check recent releases, tracking changes, campaign mix, and operational issues."
2026-05-18,latency_ms,residual_anomaly,full_segment,North America + Desktop + Chrome + Organic + SMB,333.975716,159.5062995,174.46941649999997,0.10514259949017854,9,1,CRITICAL,"Review latency_ms drivers for full_segment = North America + Desktop + Chrome + Organic + SMB; check recent releases, tracking changes, campaign mix, and operational issues."
2026-05-18,latency_ms,residual_anomaly,region,North America,343.28055466666666,158.90722914285715,1659.3599297142857,1.0,1,9,CRITICAL,"Review latency_ms drivers for region = North America; check recent releases, tracking changes, campaign mix, and operational issues."
2026-05-18,latency_ms,residual_anomaly,region_device_browser,North America + Desktop + Chrome,343.28055466666666,158.90722914285715,1659.3599297142857,1.0,1,9,CRITICAL,"Review latency_ms drivers for region_device_browser = North America + Desktop + Chrome; check recent releases, tracking changes, campaign mix, and operational issues."
2026-05-18,revenue_per_session,residual_anomaly,browser,Firefox,0.2642505,0.33400267857142857,0.13950435714285714,0.6598698478630243,1,2,WARNING,"Review revenue_per_session drivers for browser = Firefox; check recent releases, tracking changes, campaign mix, and operational issues."
2026-05-18,revenue_per_session,residual_anomaly,browser,Chrome,0.339008,0.41091557142857144,0.07190757142857146,0.3401301521369757,2,1,WARNING,"Review revenue_per_session drivers for browser = Chrome; check recent releases, tracking changes, campaign mix, and operational issues."
2026-05-18,revenue_per_session,residual_anomaly,business_segment,Mid-Market,0.3418455,0.4239206071428572,0.16415021428571436,0.7764472676396489,1,2,WARNING,"Review revenue_per_session drivers for business_segment = Mid-Market; check recent releases, tracking changes, campaign mix, and operational issues."
2026-05-18,revenue_per_session,residual_anomaly,business_segment,SMB,0.183818,0.23107971428571425,0.04726171428571424,0.2235527323603511,2,1,WARNING,"Review revenue_per_session drivers for business_segment = SMB; check recent releases, tracking changes, campaign mix, and operational issues."
2026-05-18,revenue_per_session,residual_anomaly,channel,Organic,0.3418455,0.4239206071428572,0.16415021428571436,0.7764472676396489,1,2,WARNING,"Review revenue_per_session drivers for channel = Organic; check recent releases, tracking changes, campaign mix, and operational issues."
2026-05-18,revenue_per_session,residual_anomaly,channel,Email,0.183818,0.23107971428571425,0.04726171428571424,0.2235527323603511,2,1,WARNING,"Review revenue_per_session drivers for channel = Email; check recent releases, tracking changes, campaign mix, and operational issues."
2026-05-18,revenue_per_session,residual_anomaly,device_type,Mobile,0.2891696666666667,0.3596403095238095,0.2114119285714286,1.0,1,3,WARNING,"Review revenue_per_session drivers for device_type = Mobile; check recent releases, tracking changes, campaign mix, and operational issues."
2026-05-18,revenue_per_session,residual_anomaly,full_segment,North America + Mobile + Firefox + Organic + Mid-Market,0.344683,0.4369256428571429,0.0922426428571429,0.43631711550267316,1,1,WARNING,"Review revenue_per_session drivers for full_segment = North America + Mobile + Firefox + Organic + Mid-Market; check recent releases, tracking changes, campaign mix, and operational issues."
2026-05-18,revenue_per_session,residual_anomaly,full_segment,APAC + Mobile + Chrome + Organic + Mid-Market,0.339008,0.41091557142857144,0.07190757142857146,0.3401301521369757,2,1,WARNING,"Review revenue_per_session drivers for full_segment = APAC + Mobile + Chrome + Organic + Mid-Market; check recent releases, tracking changes, campaign mix, and operational issues."
2026-05-18,revenue_per_session,residual_anomaly,full_segment,EMEA + Mobile + Firefox + Email + SMB,0.183818,0.23107971428571425,0.04726171428571424,0.2235527323603511,3,1,WARNING,"Review revenue_per_session drivers for full_segment = EMEA + Mobile + Firefox + Email + SMB; check recent releases, tracking changes, campaign mix, and operational issues."
2026-05-18,revenue_per_session,residual_anomaly,region,North America,0.344683,0.4369256428571429,0.0922426428571429,0.43631711550267316,1,1,WARNING,"Review revenue_per_session drivers for region = North America; check recent releases, tracking changes, campaign mix, and operational issues."
2026-05-18,revenue_per_session,residual_anomaly,region,APAC,0.339008,0.41091557142857144,0.07190757142857146,0.3401301521369757,2,1,WARNING,"Review revenue_per_session drivers for region = APAC; check recent releases, tracking changes, campaign mix, and operational issues."
2026-05-18,revenue_per_session,residual_anomaly,region,EMEA,0.183818,0.23107971428571425,0.04726171428571424,0.2235527323603511,3,1,WARNING,"Review revenue_per_session drivers for region = EMEA; check recent releases, tracking changes, campaign mix, and operational issues."
2026-05-18,revenue_per_session,residual_anomaly,region_device_browser,North America + Mobile + Firefox,0.344683,0.4369256428571429,0.0922426428571429,0.43631711550267316,1,1,WARNING,"Review revenue_per_session drivers for region_device_browser = North America + Mobile + Firefox; check recent releases, tracking changes, campaign mix, and operational issues."
2026-05-18,revenue_per_session,residual_anomaly,region_device_browser,APAC + Mobile + Chrome,0.339008,0.41091557142857144,0.07190757142857146,0.3401301521369757,2,1,WARNING,"Review revenue_per_session drivers for region_device_browser = APAC + Mobile + Chrome; check recent releases, tracking changes, campaign mix, and operational issues."
2026-05-18,revenue_per_session,residual_anomaly,region_device_browser,EMEA + Mobile + Firefox,0.183818,0.23107971428571425,0.04726171428571424,0.2235527323603511,3,1,WARNING,"Review revenue_per_session drivers for region_device_browser = EMEA + Mobile + Firefox; check recent releases, tracking changes, campaign mix, and operational issues."
2026-05-19,latency_ms,residual_anomaly,browser,Chrome,349.33869633333336,165.3677895436508,1655.7381611071428,1.0,1,9,CRITICAL,"Review latency_ms drivers for browser = Chrome; check recent releases, tracking changes, campaign mix, and operational issues."
2026-05-19,latency_ms,residual_anomaly,business_segment,Mid-Market,354.3663873333333,165.49401645238098,566.6171126428571,0.3422142014676869,1,3,CRITICAL,"Review latency_ms drivers for business_segment = Mid-Market; check recent releases, tracking changes, campaign mix, and operational issues."
2026-05-19,latency_ms,residual_anomaly,business_segment,SMB,349.885446,165.1885871904762,554.0905764285715,0.33464867177915836,2,3,CRITICAL,"Review latency_ms drivers for business_segment = SMB; check recent releases, tracking changes, campaign mix, and operational issues."
2026-05-19,latency_ms,residual_anomaly,business_segment,Enterprise,343.76425566666666,165.42076498809524,535.0304720357142,0.32313712675315476,3,3,CRITICAL,"Review latency_ms drivers for business_segment = Enterprise; check recent releases, tracking changes, campaign mix, and operational issues."
2026-05-19,latency_ms,residual_anomaly,channel,Paid Search,351.84709033333337,165.36313409523808,559.4518687142858,0.3378866790991862,1,3,CRITICAL,"Review latency_ms drivers for channel = Paid Search; check recent releases, tracking changes, campaign mix, and operational issues."
2026-05-19,latency_ms,residual_anomaly,channel,Email,349.30083833333333,165.40341719047618,551.6922634285713,0.33320018610893837,2,3,CRITICAL,"Review latency_ms drivers for channel = Email; check recent releases, tracking changes, campaign mix, and operational issues."
2026-05-19,latency_ms,residual_anomaly,channel,Organic,346.86816033333326,165.3368173452381,544.5940289642856,0.3289131347918754,3,3,CRITICAL,"Review latency_ms drivers for channel = Organic; check recent releases, tracking changes, campaign mix, and operational issues."
2026-05-19,latency_ms,residual_anomaly,device_type,Desktop,349.33869633333336,165.3677895436508,1655.7381611071428,1.0,1,9,CRITICAL,"Review latency_ms drivers for device_type = Desktop; check recent releases, tracking changes, campaign mix, and operational issues."
2026-05-19,latency_ms,residual_anomaly,full_segment,North America + Desktop + Chrome + Email + Mid-Market,361.887341,167.48089785714288,194.4064431428571,0.1174137600433533,1,1,CRITICAL,"Review latency_ms drivers for full_segment = North America + Desktop + Chrome + Email + Mid-Market; check recent releases, tracking changes, campaign mix, and operational issues."
2026-05-19,latency_ms,residual_anomaly,full_segment,North America + Desktop + Chrome + Paid Search + SMB,355.603051,167.40591482142855,188.19713617857144,0.1136635855833205,2,1,CRITICAL,"Review latency_ms drivers for full_segment = North America + Desktop + Chrome + Paid Search + SMB; check recent releases, tracking changes, campaign mix, and operational issues."
2026-05-19,latency_ms,residual_anomaly,full_segment,North America + Desktop + Chrome + Paid Search + Mid-Market,353.221262,165.32445732142855,187.89680467857147,0.11348219730161348,3,1,CRITICAL,"Review latency_ms drivers for full_segment = North America + Desktop + Chrome + Paid Search + Mid-Market; check recent releases, tracking changes, campaign mix, and operational issues."
2026-05-19,latency_ms,residual_anomaly,full_segment,North America + Desktop + Chrome + Email + SMB,350.197699,162.58240721428572,187.61529178571428,0.11331217471019785,4,1,CRITICAL,"Review latency_ms drivers for full_segment = North America + Desktop + Chrome + Email + SMB; check recent releases, tracking changes, campaign mix, and operational issues."
2026-05-19,latency_ms,residual_anomaly,full_segment,North America + Desktop + Chrome + Organic + Mid-Market,347.990559,163.67669417857147,184.31386482142855,0.11131824412272008,5,1,CRITICAL,"Review latency_ms drivers for full_segment = North America + Desktop + Chrome + Organic + Mid-Market; check recent releases, tracking changes, campaign mix, and operational issues."
2026-05-19,latency_ms,residual_anomaly,full_segment,North America + Desktop + Chrome + Paid Search + Enterprise,346.716958,163.35903014285716,183.3579278571428,0.11074089621425215,6,1,CRITICAL,"Review latency_ms drivers for full_segment = North America + Desktop + Chrome + Paid Search + Enterprise; check recent releases, tracking changes, campaign mix, and operational issues."
2026-05-19,latency_ms,residual_anomaly,full_segment,North America + Desktop + Chrome + Organic + Enterprise,348.758334,166.75631832142858,182.0020156785714,0.1099219791835154,7,1,CRITICAL,"Review latency_ms drivers for full_segment = North America + Desktop + Chrome + Organic + Enterprise; check recent releases, tracking changes, campaign mix, and operational issues."
2026-05-19,latency_ms,residual_anomaly,full_segment,North America + Desktop + Chrome + Organic + SMB,343.855588,165.5774395357143,178.27814846428572,0.10767291148564,8,1,CRITICAL,"Review latency_ms drivers for full_segment = North America + Desktop + Chrome + Organic + SMB; check recent releases, tracking changes, campaign mix, and operational issues."
2026-05-19,latency_ms,residual_anomaly,full_segment,North America + Desktop + Chrome + Email + Enterprise,335.817475,166.1469465,169.6705285,0.10247425135538724,9,1,CRITICAL,"Review latency_ms drivers for full_segment = North America + Desktop + Chrome + Email + Enterprise; check recent releases, tracking changes, campaign mix, and operational issues."
2026-05-19,latency_ms,residual_anomaly,region,North America,349.33869633333336,165.3677895436508,1655.7381611071428,1.0,1,9,CRITICAL,"Review latency_ms drivers for region = North America; check recent releases, tracking changes, campaign mix, and operational issues."
2026-05-19,latency_ms,residual_anomaly,region_device_browser,North America + Desktop + Chrome,349.33869633333336,165.3677895436508,1655.7381611071428,1.0,1,9,CRITICAL,"Review latency_ms drivers for region_device_browser = North America + Desktop + Chrome; check recent releases, tracking changes, campaign mix, and operational issues."
2026-05-20,latency_ms,residual_anomaly,browser,Chrome,345.7746201111111,172.13976493650796,1562.7136965714283,1.0,1,9,CRITICAL,"Review latency_ms drivers for browser = Chrome; check recent releases, tracking changes, campaign mix, and operational issues."
2026-05-20,latency_ms,residual_anomaly,business_segment,Mid-Market,351.3405626666667,172.44324420238095,536.6919553928572,0.3434358811664297,1,3,CRITICAL,"Review latency_ms drivers for business_segment = Mid-Market; check recent releases, tracking changes, campaign mix, and operational issues."
2026-05-20,latency_ms,residual_anomaly,business_segment,Enterprise,346.462689,171.98683626190476,523.4275582142857,0.3349478278475951,2,3,CRITICAL,"Review latency_ms drivers for business_segment = Enterprise; check recent releases, tracking changes, campaign mix, and operational issues."
2026-05-20,latency_ms,residual_anomaly,business_segment,SMB,339.52060866666665,171.9892143452381,502.59418296428566,0.32161629098597533,3,3,CRITICAL,"Review latency_ms drivers for business_segment = SMB; check recent releases, tracking changes, campaign mix, and operational issues."
2026-05-20,latency_ms,residual_anomaly,channel,Email,349.29997000000003,172.13747091666667,531.4874972499999,0.34010548343952957,1,3,CRITICAL,"Review latency_ms drivers for channel = Email; check recent releases, tracking changes, campaign mix, and operational issues."
2026-05-20,latency_ms,residual_anomaly,channel,Organic,345.11157999999995,172.12868891666668,518.94867325,0.3320817334541612,2,3,CRITICAL,"Review latency_ms drivers for channel = Organic; check recent releases, tracking changes, campaign mix, and operational issues."
2026-05-20,latency_ms,residual_anomaly,channel,Paid Search,342.9123103333333,172.15313497619047,512.2775260714286,0.3278127831063094,3,3,CRITICAL,"Review latency_ms drivers for channel = Paid Search; check recent releases, tracking changes, campaign mix, and operational issues."
2026-05-20,latency_ms,residual_anomaly,device_type,Desktop,345.7746201111111,172.13976493650796,1562.7136965714283,1.0,1,9,CRITICAL,"Review latency_ms drivers for device_type = Desktop; check recent releases, tracking changes, campaign mix, and operational issues."
2026-05-20,latency_ms,residual_anomaly,full_segment,North America + Desktop + Chrome + Email + Mid-Market,357.061288,174.61653800000002,182.44474999999997,0.11674867277370203,1,1,CRITICAL,"Review latency_ms drivers for full_segment = North America + Desktop + Chrome + Email + Mid-Market; check recent releases, tracking changes, campaign mix, and operational issues."
2026-05-20,latency_ms,residual_anomaly,full_segment,North America + Desktop + Chrome + Organic + Mid-Market,351.930979,170.57235325000002,181.35862574999996,0.1160536483092829,2,1,CRITICAL,"Review latency_ms drivers for full_segment = North America + Desktop + Chrome + Organic + Mid-Market; check recent releases, tracking changes, campaign mix, and operational issues."
2026-05-20,latency_ms,residual_anomaly,full_segment,North America + Desktop + Chrome + Organic + Enterprise,350.10684,173.78489664285715,176.32194335714283,0.1128306123789602,3,1,CRITICAL,"Review latency_ms drivers for full_segment = North America + Desktop + Chrome + Organic + Enterprise; check recent releases, tracking changes, campaign mix, and operational issues."
2026-05-20,latency_ms,residual_anomaly,full_segment,North America + Desktop + Chrome + Email + SMB,345.691152,169.63566942857145,176.05548257142854,0.11266010079625703,4,1,CRITICAL,"Review latency_ms drivers for full_segment = North America + Desktop + Chrome + Email + SMB; check recent releases, tracking changes, campaign mix, and operational issues."
2026-05-20,latency_ms,residual_anomaly,full_segment,North America + Desktop + Chrome + Paid Search + Enterprise,344.133757,170.01540682142857,174.11835017857143,0.11142050559906438,5,1,CRITICAL,"Review latency_ms drivers for full_segment = North America + Desktop + Chrome + Paid Search + Enterprise; check recent releases, tracking changes, campaign mix, and operational issues."
2026-05-20,latency_ms,residual_anomaly,full_segment,North America + Desktop + Chrome + Email + Enterprise,345.14747,172.16020532142858,172.98726467857142,0.1106967098695705,6,1,CRITICAL,"Review latency_ms drivers for full_segment = North America + Desktop + Chrome + Email + Enterprise; check recent releases, tracking changes, campaign mix, and operational issues."
2026-05-20,latency_ms,residual_anomaly,full_segment,North America + Desktop + Chrome + Paid Search + Mid-Market,345.029421,172.14084135714285,172.88857964285717,0.11063356008344476,7,1,CRITICAL,"Review latency_ms drivers for full_segment = North America + Desktop + Chrome + Paid Search + Mid-Market; check recent releases, tracking changes, campaign mix, and operational issues."
2026-05-20,latency_ms,residual_anomaly,full_segment,North America + Desktop + Chrome + Paid Search + SMB,339.573753,174.30315675,165.27059625,0.10575871742380025,8,1,CRITICAL,"Review latency_ms drivers for full_segment = North America + Desktop + Chrome + Paid Search + SMB; check recent releases, tracking changes, campaign mix, and operational issues."
2026-05-20,latency_ms,residual_anomaly,full_segment,North America + Desktop + Chrome + Organic + SMB,333.296921,172.02881685714286,161.26810414285714,0.10319747276591808,9,1,CRITICAL,"Review latency_ms drivers for full_segment = North America + Desktop + Chrome + Organic + SMB; check recent releases, tracking changes, campaign mix, and operational issues."
2026-05-20,latency_ms,residual_anomaly,region,North America,345.7746201111111,172.13976493650796,1562.7136965714283,1.0,1,9,CRITICAL,"Review latency_ms drivers for region = North America; check recent releases, tracking changes, campaign mix, and operational issues."
2026-05-20,latency_ms,residual_anomaly,region_device_browser,North America + Desktop + Chrome,345.7746201111111,172.13976493650796,1562.7136965714283,1.0,1,9,CRITICAL,"Review latency_ms drivers for region_device_browser = North America + Desktop + Chrome; check recent releases, tracking changes, campaign mix, and operational issues."
2026-05-20,revenue_per_session,residual_anomaly,browser,Firefox,0.318607,0.43335873214285714,0.22950346428571428,0.5526759008992931,1,2,WARNING,"Review revenue_per_session drivers for browser = Firefox; check recent releases, tracking changes, campaign mix, and operational issues."
2026-05-20,revenue_per_session,residual_anomaly,browser,Chrome,0.2642505,0.3281489642857143,0.12779692857142858,0.30775257728766825,2,2,WARNING,"Review revenue_per_session drivers for browser = Chrome; check recent releases, tracking changes, campaign mix, and operational issues."
2026-05-20,revenue_per_session,residual_anomaly,browser,Safari,0.340808,0.39876628571428574,0.05795828571428574,0.1395715218130386,3,1,WARNING,"Review revenue_per_session drivers for browser = Safari; check recent releases, tracking changes, campaign mix, and operational issues."
2026-05-20,revenue_per_session,residual_anomaly,business_segment,SMB,0.28976966666666665,0.35168807142857145,0.18575521428571432,0.44732409910070686,1,3,WARNING,"Review revenue_per_session drivers for business_segment = SMB; check recent releases, tracking changes, campaign mix, and operational issues."
2026-05-20,revenue_per_session,residual_anomaly,business_segment,Mid-Market,0.248234,0.37294875,0.12471474999999999,0.3003302674589324,2,1,WARNING,"Review revenue_per_session drivers for business_segment = Mid-Market; check recent releases, tracking changes, campaign mix, and operational issues."
2026-05-20,revenue_per_session,residual_anomaly,business_segment,Enterprise,0.38898,0.4937687142857143,0.10478871428571429,0.2523456334403607,3,1,WARNING,"Review revenue_per_session drivers for business_segment = Enterprise; check recent releases, tracking changes, campaign mix, and operational issues."
2026-05-20,revenue_per_session,residual_anomaly,channel,Email,0.27730733333333335,0.3719912142857143,0.2840516428571429,0.6840354157903125,1,3,WARNING,"Review revenue_per_session drivers for channel = Email; check recent releases, tracking changes, campaign mix, and operational issues."
2026-05-20,revenue_per_session,residual_anomaly,channel,Organic,0.333793,0.40704175,0.07324874999999997,0.1763930623966489,2,1,WARNING,"Review revenue_per_session drivers for channel = Organic; check recent releases, tracking changes, campaign mix, and operational issues."
2026-05-20,revenue_per_session,residual_anomaly,channel,Paid Search,0.340808,0.39876628571428574,0.05795828571428574,0.1395715218130386,3,1,WARNING,"Review revenue_per_session drivers for channel = Paid Search; check recent releases, tracking changes, campaign mix, and operational issues."
2026-05-20,revenue_per_session,residual_anomaly,device_type,Mobile,0.30816533333333335,0.38059705952380957,0.21729517857142863,0.5232766701444187,1,3,WARNING,"Review revenue_per_session drivers for device_type = Mobile; check recent releases, tracking changes, campaign mix, and operational issues."
2026-05-20,revenue_per_session,residual_anomaly,device_type,Desktop,0.29101350000000004,0.38999525,0.19796349999999996,0.47672332985558125,2,2,WARNING,"Review revenue_per_session drivers for device_type = Desktop; check recent releases, tracking changes, campaign mix, and operational issues."
2026-05-20,revenue_per_session,residual_anomaly,full_segment,EMEA + Desktop + Firefox + Email + Mid-Market,0.248234,0.37294875,0.12471474999999999,0.3003302674589324,1,1,WARNING,"Review revenue_per_session drivers for full_segment = EMEA + Desktop + Firefox + Email + Mid-Market; check recent releases, tracking changes, campaign mix, and operational issues."
2026-05-20,revenue_per_session,residual_anomaly,full_segment,EMEA + Mobile + Firefox + Email + Enterprise,0.38898,0.4937687142857143,0.10478871428571429,0.2523456334403607,2,1,WARNING,"Review revenue_per_session drivers for full_segment = EMEA + Mobile + Firefox + Email + Enterprise; check recent releases, tracking changes, campaign mix, and operational issues."
2026-05-20,revenue_per_session,residual_anomaly,full_segment,North America + Desktop + Chrome + Organic + SMB,0.333793,0.40704175,0.07324874999999997,0.1763930623966489,3,1,WARNING,"Review revenue_per_session drivers for full_segment = North America + Desktop + Chrome + Organic + SMB; check recent releases, tracking changes, campaign mix, and operational issues."
2026-05-20,revenue_per_session,residual_anomaly,full_segment,North America + Mobile + Safari + Paid Search + SMB,0.340808,0.39876628571428574,0.05795828571428574,0.1395715218130386,4,1,WARNING,"Review revenue_per_session drivers for full_segment = North America + Mobile + Safari + Paid Search + SMB; check recent releases, tracking changes, campaign mix, and operational issues."
2026-05-20,revenue_per_session,residual_anomaly,full_segment,EMEA + Mobile + Chrome + Email + SMB,0.194708,0.2492561785714286,0.0545481785714286,0.13135951489101935,5,1,WARNING,"Review revenue_per_session drivers for full_segment = EMEA + Mobile + Chrome + Email + SMB; check recent releases, tracking changes, campaign mix, and operational issues."
2026-05-20,revenue_per_session,residual_anomaly,region,EMEA,0.27730733333333335,0.3719912142857143,0.2840516428571429,0.6840354157903125,1,3,WARNING,"Review revenue_per_session drivers for region = EMEA; check recent releases, tracking changes, campaign mix, and operational issues."
2026-05-20,revenue_per_session,residual_anomaly,region,North America,0.3373005,0.40290401785714286,0.1312070357142857,0.3159645842096875,2,2,WARNING,"Review revenue_per_session drivers for region = North America; check recent releases, tracking changes, campaign mix, and operational issues."
2026-05-20,revenue_per_session,residual_anomaly,region_device_browser,EMEA + Desktop + Firefox,0.248234,0.37294875,0.12471474999999999,0.3003302674589324,1,1,WARNING,"Review revenue_per_session drivers for region_device_browser = EMEA + Desktop + Firefox; check recent releases, tracking changes, campaign mix, and operational issues."
2026-05-20,revenue_per_session,residual_anomaly,region_device_browser,EMEA + Mobile + Firefox,0.38898,0.4937687142857143,0.10478871428571429,0.2523456334403607,2,1,WARNING,"Review revenue_per_session drivers for region_device_browser = EMEA + Mobile + Firefox; check recent releases, tracking changes, campaign mix, and operational issues."
2026-05-20,revenue_per_session,residual_anomaly,region_device_browser,North America + Desktop + Chrome,0.333793,0.40704175,0.07324874999999997,0.1763930623966489,3,1,WARNING,"Review revenue_per_session drivers for region_device_browser = North America + Desktop + Chrome; check recent releases, tracking changes, campaign mix, and operational issues."
2026-05-20,revenue_per_session,residual_anomaly,region_device_browser,North America + Mobile + Safari,0.340808,0.39876628571428574,0.05795828571428574,0.1395715218130386,4,1,WARNING,"Review revenue_per_session drivers for region_device_browser = North America + Mobile + Safari; check recent releases, tracking changes, campaign mix, and operational issues."
2026-05-20,revenue_per_session,residual_anomaly,region_device_browser,EMEA + Mobile + Chrome,0.194708,0.2492561785714286,0.0545481785714286,0.13135951489101935,5,1,WARNING,"Review revenue_per_session drivers for region_device_browser = EMEA + Mobile + Chrome; check recent releases, tracking changes, campaign mix, and operational issues."
2026-05-21,latency_ms,residual_anomaly,browser,Chrome,350.3983662222222,178.78224835714286,1544.5450607857144,1.0,1,9,CRITICAL,"Review latency_ms drivers for browser = Chrome; check recent releases, tracking changes, campaign mix, and operational issues."
2026-05-21,latency_ms,residual_anomaly,business_segment,SMB,352.2883913333333,178.32662502380956,521.8852989285714,0.33788933206201627,1,3,CRITICAL,"Review latency_ms drivers for business_segment = SMB; check recent releases, tracking changes, campaign mix, and operational issues."
2026-05-21,latency_ms,residual_anomaly,business_segment,Enterprise,350.2313033333333,178.6176869642857,514.840849107143,0.33332847462879583,2,3,CRITICAL,"Review latency_ms drivers for business_segment = Enterprise; check recent releases, tracking changes, campaign mix, and operational issues."
2026-05-21,latency_ms,residual_anomaly,business_segment,Mid-Market,348.675404,179.40243308333334,507.81891275,0.3287821933091878,3,3,CRITICAL,"Review latency_ms drivers for business_segment = Mid-Market; check recent releases, tracking changes, campaign mix, and operational issues."
2026-05-21,latency_ms,residual_anomaly,channel,Organic,352.921642,178.95703134523808,521.8938319642857,0.33789485668925506,1,3,CRITICAL,"Review latency_ms drivers for channel = Organic; check recent releases, tracking changes, campaign mix, and operational issues."
2026-05-21,latency_ms,residual_anomaly,channel,Email,352.7476896666667,178.79386677380953,521.8614686785713,0.3378739034088775,2,3,CRITICAL,"Review latency_ms drivers for channel = Email; check recent releases, tracking changes, campaign mix, and operational issues."
2026-05-21,latency_ms,residual_anomaly,channel,Paid Search,345.52576700000003,178.59584695238095,500.7897601428572,0.3242312399018673,3,3,CRITICAL,"Review latency_ms drivers for channel = Paid Search; check recent releases, tracking changes, campaign mix, and operational issues."
2026-05-21,latency_ms,residual_anomaly,device_type,Desktop,350.3983662222222,178.78224835714286,1544.5450607857144,1.0,1,9,CRITICAL,"Review latency_ms drivers for device_type = Desktop; check recent releases, tracking changes, campaign mix, and operational issues."
2026-05-21,latency_ms,residual_anomaly,full_segment,North America + Desktop + Chrome + Email + SMB,351.605267,176.21492710714284,175.39033989285718,0.11355469279972681,1,1,CRITICAL,"Review latency_ms drivers for full_segment = North America + Desktop + Chrome + Email + SMB; check recent releases, tracking changes, campaign mix, and operational issues."
2026-05-21,latency_ms,residual_anomaly,full_segment,North America + Desktop + Chrome + Organic + SMB,353.87312,178.53826946428572,175.33485053571425,0.11351876677946898,2,1,CRITICAL,"Review latency_ms drivers for full_segment = North America + Desktop + Chrome + Organic + SMB; check recent releases, tracking changes, campaign mix, and operational issues."
2026-05-21,latency_ms,residual_anomaly,full_segment,North America + Desktop + Chrome + Email + Enterprise,353.412001,178.81800157142857,174.5939994285714,0.11303911026056757,3,1,CRITICAL,"Review latency_ms drivers for full_segment = North America + Desktop + Chrome + Email + Enterprise; check recent releases, tracking changes, campaign mix, and operational issues."
2026-05-21,latency_ms,residual_anomaly,full_segment,North America + Desktop + Chrome + Organic + Enterprise,353.886116,180.23745910714283,173.6486568928572,0.112427057844801,4,1,CRITICAL,"Review latency_ms drivers for full_segment = North America + Desktop + Chrome + Organic + Enterprise; check recent releases, tracking changes, campaign mix, and operational issues."
2026-05-21,latency_ms,residual_anomaly,full_segment,North America + Desktop + Chrome + Organic + Mid-Market,351.00569,178.09536546428572,172.9103245357143,0.11194903206498509,5,1,CRITICAL,"Review latency_ms drivers for full_segment = North America + Desktop + Chrome + Organic + Mid-Market; check recent releases, tracking changes, campaign mix, and operational issues."
2026-05-21,latency_ms,residual_anomaly,full_segment,North America + Desktop + Chrome + Email + Mid-Market,353.225801,181.34867164285717,171.87712935714282,0.11128010034858318,6,1,CRITICAL,"Review latency_ms drivers for full_segment = North America + Desktop + Chrome + Email + Mid-Market; check recent releases, tracking changes, campaign mix, and operational issues."
2026-05-21,latency_ms,residual_anomaly,full_segment,North America + Desktop + Chrome + Paid Search + SMB,351.386787,180.22667850000002,171.1601085,0.11081587248282053,7,1,CRITICAL,"Review latency_ms drivers for full_segment = North America + Desktop + Chrome + Paid Search + SMB; check recent releases, tracking changes, campaign mix, and operational issues."
2026-05-21,latency_ms,residual_anomaly,full_segment,North America + Desktop + Chrome + Paid Search + Enterprise,343.395793,176.79760021428572,166.5981927857143,0.10786230652342725,8,1,CRITICAL,"Review latency_ms drivers for full_segment = North America + Desktop + Chrome + Paid Search + Enterprise; check recent releases, tracking changes, campaign mix, and operational issues."
2026-05-21,latency_ms,residual_anomaly,full_segment,North America + Desktop + Chrome + Paid Search + Mid-Market,341.794721,178.76326214285714,163.03145885714284,0.1055530608956195,9,1,CRITICAL,"Review latency_ms drivers for full_segment = North America + Desktop + Chrome + Paid Search + Mid-Market; check recent releases, tracking changes, campaign mix, and operational issues."
2026-05-21,latency_ms,residual_anomaly,region,North America,350.3983662222222,178.78224835714286,1544.5450607857144,1.0,1,9,CRITICAL,"Review latency_ms drivers for region = North America; check recent releases, tracking changes, campaign mix, and operational issues."
2026-05-21,latency_ms,residual_anomaly,region_device_browser,North America + Desktop + Chrome,350.3983662222222,178.78224835714286,1544.5450607857144,1.0,1,9,CRITICAL,"Review latency_ms drivers for region_device_browser = North America + Desktop + Chrome; check recent releases, tracking changes, campaign mix, and operational issues."
2026-05-21,revenue_per_session,residual_anomaly,browser,Firefox,0.374708,0.4548915,0.16036700000000004,0.6116679732490037,1,2,WARNING,"Review revenue_per_session drivers for browser = Firefox; check recent releases, tracking changes, campaign mix, and operational issues."
2026-05-21,revenue_per_session,residual_anomaly,browser,Chrome,0.318384,0.42019682142857145,0.10181282142857145,0.38833202675099626,2,1,WARNING,"Review revenue_per_session drivers for browser = Chrome; check recent releases, tracking changes, campaign mix, and operational issues."
2026-05-21,revenue_per_session,residual_anomaly,business_segment,SMB,0.35444549999999997,0.43929507142857144,0.16969914285714288,0.6472624091834461,1,2,WARNING,"Review revenue_per_session drivers for business_segment = SMB; check recent releases, tracking changes, campaign mix, and operational issues."
2026-05-21,revenue_per_session,residual_anomaly,business_segment,Mid-Market,0.358909,0.4513896785714286,0.09248067857142861,0.35273759081655387,2,1,WARNING,"Review revenue_per_session drivers for business_segment = Mid-Market; check recent releases, tracking changes, campaign mix, and operational issues."
2026-05-21,revenue_per_session,residual_anomaly,channel,Paid Search,0.35593333333333327,0.44332660714285715,0.2621798214285715,1.0,1,3,WARNING,"Review revenue_per_session drivers for channel = Paid Search; check recent releases, tracking changes, campaign mix, and operational issues."
2026-05-21,revenue_per_session,residual_anomaly,device_type,Desktop,0.35444549999999997,0.43929507142857144,0.16969914285714288,0.6472624091834461,1,2,WARNING,"Review revenue_per_session drivers for device_type = Desktop; check recent releases, tracking changes, campaign mix, and operational issues."
2026-05-21,revenue_per_session,residual_anomaly,device_type,Mobile,0.358909,0.4513896785714286,0.09248067857142861,0.35273759081655387,2,1,WARNING,"Review revenue_per_session drivers for device_type = Mobile; check recent releases, tracking changes, campaign mix, and operational issues."
2026-05-21,revenue_per_session,residual_anomaly,full_segment,APAC + Desktop + Chrome + Paid Search + SMB,0.318384,0.42019682142857145,0.10181282142857145,0.38833202675099626,1,1,WARNING,"Review revenue_per_session drivers for full_segment = APAC + Desktop + Chrome + Paid Search + SMB; check recent releases, tracking changes, campaign mix, and operational issues."
2026-05-21,revenue_per_session,residual_anomaly,full_segment,APAC + Mobile + Firefox + Paid Search + Mid-Market,0.358909,0.4513896785714286,0.09248067857142861,0.35273759081655387,2,1,WARNING,"Review revenue_per_session drivers for full_segment = APAC + Mobile + Firefox + Paid Search + Mid-Market; check recent releases, tracking changes, campaign mix, and operational issues."
2026-05-21,revenue_per_session,residual_anomaly,full_segment,North America + Desktop + Firefox + Paid Search + SMB,0.390507,0.4583933214285714,0.06788632142857143,0.25893038243244987,3,1,WARNING,"Review revenue_per_session drivers for full_segment = North America + Desktop + Firefox + Paid Search + SMB; check recent releases, tracking changes, campaign mix, and operational issues."
2026-05-21,revenue_per_session,residual_anomaly,region,APAC,0.33864649999999996,0.43579325,0.19429350000000006,0.7410696175675502,1,2,WARNING,"Review revenue_per_session drivers for region = APAC; check recent releases, tracking changes, campaign mix, and operational issues."
2026-05-21,revenue_per_session,residual_anomaly,region,North America,0.390507,0.4583933214285714,0.06788632142857143,0.25893038243244987,2,1,WARNING,"Review revenue_per_session drivers for region = North America; check recent releases, tracking changes, campaign mix, and operational issues."
2026-05-21,revenue_per_session,residual_anomaly,region_device_browser,APAC + Desktop + Chrome,0.318384,0.42019682142857145,0.10181282142857145,0.38833202675099626,1,1,WARNING,"Review revenue_per_session drivers for region_device_browser = APAC + Desktop + Chrome; check recent releases, tracking changes, campaign mix, and operational issues."
2026-05-21,revenue_per_session,residual_anomaly,region_device_browser,APAC + Mobile + Firefox,0.358909,0.4513896785714286,0.09248067857142861,0.35273759081655387,2,1,WARNING,"Review revenue_per_session drivers for region_device_browser = APAC + Mobile + Firefox; check recent releases, tracking changes, campaign mix, and operational issues."
2026-05-21,revenue_per_session,residual_anomaly,region_device_browser,North America + Desktop + Firefox,0.390507,0.4583933214285714,0.06788632142857143,0.25893038243244987,3,1,WARNING,"Review revenue_per_session drivers for region_device_browser = North America + Desktop + Firefox; check recent releases, tracking changes, campaign mix, and operational issues."
2026-05-22,latency_ms,residual_anomaly,browser,Chrome,343.5773498888889,185.7609300238095,1420.3477787857144,1.0,1,9,CRITICAL,"Review latency_ms drivers for browser = Chrome; check recent releases, tracking changes, campaign mix, and operational issues."
2026-05-22,latency_ms,residual_anomaly,business_segment,SMB,348.67182933333333,185.12664377380952,490.63555667857145,0.34543339596589945,1,3,CRITICAL,"Review latency_ms drivers for business_segment = SMB; check recent releases, tracking changes, campaign mix, and operational issues."
2026-05-22,latency_ms,residual_anomaly,business_segment,Mid-Market,345.0334196666667,186.3201158809524,476.13991135714286,0.33522769456097934,2,3,CRITICAL,"Review latency_ms drivers for business_segment = Mid-Market; check recent releases, tracking changes, campaign mix, and operational issues."
2026-05-22,latency_ms,residual_anomaly,business_segment,Enterprise,337.0268006666667,185.83603041666666,453.57231075,0.31933890947312116,3,3,CRITICAL,"Review latency_ms drivers for business_segment = Enterprise; check recent releases, tracking changes, campaign mix, and operational issues."
2026-05-22,latency_ms,residual_anomaly,channel,Organic,352.2343726666666,185.8456137619048,499.1662767142857,0.3514394743103225,1,3,CRITICAL,"Review latency_ms drivers for channel = Organic; check recent releases, tracking changes, campaign mix, and operational issues."
2026-05-22,latency_ms,residual_anomaly,channel,Email,340.0225286666667,186.11875808333332,461.71131175000005,0.32506919688692504,2,3,CRITICAL,"Review latency_ms drivers for channel = Email; check recent releases, tracking changes, campaign mix, and operational issues."
2026-05-22,latency_ms,residual_anomaly,channel,Paid Search,338.4751483333333,185.31841822619046,459.4701903214286,0.32349132880275244,3,3,CRITICAL,"Review latency_ms drivers for channel = Paid Search; check recent releases, tracking changes, campaign mix, and operational issues."
2026-05-22,latency_ms,residual_anomaly,device_type,Desktop,343.5773498888889,185.7609300238095,1420.3477787857144,1.0,1,9,CRITICAL,"Review latency_ms drivers for device_type = Desktop; check recent releases, tracking changes, campaign mix, and operational issues."
2026-05-22,latency_ms,residual_anomaly,full_segment,North America + Desktop + Chrome + Organic + SMB,361.270212,185.401497,175.868715,0.12382088219995946,1,1,CRITICAL,"Review latency_ms drivers for full_segment = North America + Desktop + Chrome + Organic + SMB; check recent releases, tracking changes, campaign mix, and operational issues."
2026-05-22,latency_ms,residual_anomaly,full_segment,North America + Desktop + Chrome + Organic + Enterprise,350.009829,187.1318983571429,162.87793064285714,0.11467468255000543,2,1,CRITICAL,"Review latency_ms drivers for full_segment = North America + Desktop + Chrome + Organic + Enterprise; check recent releases, tracking changes, campaign mix, and operational issues."
2026-05-22,latency_ms,residual_anomaly,full_segment,North America + Desktop + Chrome + Organic + Mid-Market,345.423077,185.00344592857144,160.41963107142854,0.11294390956035762,3,1,CRITICAL,"Review latency_ms drivers for full_segment = North America + Desktop + Chrome + Organic + Mid-Market; check recent releases, tracking changes, campaign mix, and operational issues."
2026-05-22,latency_ms,residual_anomaly,full_segment,North America + Desktop + Chrome + Email + Mid-Market,347.525003,188.32977321428572,159.1952297857143,0.11208186626082078,4,1,CRITICAL,"Review latency_ms drivers for full_segment = North America + Desktop + Chrome + Email + Mid-Market; check recent releases, tracking changes, campaign mix, and operational issues."
2026-05-22,latency_ms,residual_anomaly,full_segment,North America + Desktop + Chrome + Email + SMB,342.441197,183.32868617857142,159.11251082142857,0.11202362773253834,5,1,CRITICAL,"Review latency_ms drivers for full_segment = North America + Desktop + Chrome + Email + SMB; check recent releases, tracking changes, campaign mix, and operational issues."
2026-05-22,latency_ms,residual_anomaly,full_segment,North America + Desktop + Chrome + Paid Search + Mid-Market,342.152179,185.6271285,156.5250505,0.1102019187398009,6,1,CRITICAL,"Review latency_ms drivers for full_segment = North America + Desktop + Chrome + Paid Search + Mid-Market; check recent releases, tracking changes, campaign mix, and operational issues."
2026-05-22,latency_ms,residual_anomaly,full_segment,North America + Desktop + Chrome + Paid Search + SMB,342.304079,186.64974814285713,155.65433085714287,0.10958888603340168,7,1,CRITICAL,"Review latency_ms drivers for full_segment = North America + Desktop + Chrome + Paid Search + SMB; check recent releases, tracking changes, campaign mix, and operational issues."
2026-05-22,latency_ms,residual_anomaly,full_segment,North America + Desktop + Chrome + Paid Search + Enterprise,330.969187,183.67837803571427,147.2908089642857,0.10370052402954984,8,1,CRITICAL,"Review latency_ms drivers for full_segment = North America + Desktop + Chrome + Paid Search + Enterprise; check recent releases, tracking changes, campaign mix, and operational issues."
2026-05-22,latency_ms,residual_anomaly,full_segment,North America + Desktop + Chrome + Email + Enterprise,330.101386,186.69781485714284,143.40357114285715,0.10096370289356592,9,1,CRITICAL,"Review latency_ms drivers for full_segment = North America + Desktop + Chrome + Email + Enterprise; check recent releases, tracking changes, campaign mix, and operational issues."
2026-05-22,latency_ms,residual_anomaly,region,North America,343.5773498888889,185.7609300238095,1420.3477787857144,1.0,1,9,CRITICAL,"Review latency_ms drivers for region = North America; check recent releases, tracking changes, campaign mix, and operational issues."
2026-05-22,latency_ms,residual_anomaly,region_device_browser,North America + Desktop + Chrome,343.5773498888889,185.7609300238095,1420.3477787857144,1.0,1,9,CRITICAL,"Review latency_ms drivers for region_device_browser = North America + Desktop + Chrome; check recent releases, tracking changes, campaign mix, and operational issues."
2026-05-22,revenue_per_session,residual_anomaly,browser,Firefox,0.42826549999999997,0.5265786428571428,0.1966262857142857,0.3797643455379757,1,2,WARNING,"Review revenue_per_session drivers for browser = Firefox; check recent releases, tracking changes, campaign mix, and operational issues."
2026-05-22,revenue_per_session,residual_anomaly,browser,Safari,0.2983105,0.38463089285714286,0.17264078571428573,0.33343870969121514,2,2,WARNING,"Review revenue_per_session drivers for browser = Safari; check recent releases, tracking changes, campaign mix, and operational issues."
2026-05-22,revenue_per_session,residual_anomaly,browser,Chrome,0.24717250000000002,0.3214183035714286,0.14849160714285717,0.28679694477080925,3,2,WARNING,"Review revenue_per_session drivers for browser = Chrome; check recent releases, tracking changes, campaign mix, and operational issues."
2026-05-22,revenue_per_session,residual_anomaly,business_segment,SMB,0.22410433333333332,0.2996117023809524,0.2265221071428572,0.4375051863309459,1,3,WARNING,"Review revenue_per_session drivers for business_segment = SMB; check recent releases, tracking changes, campaign mix, and operational issues."
2026-05-22,revenue_per_session,residual_anomaly,business_segment,Enterprise,0.42826549999999997,0.5265786428571428,0.1966262857142857,0.3797643455379757,2,2,WARNING,"Review revenue_per_session drivers for business_segment = Enterprise; check recent releases, tracking changes, campaign mix, and operational issues."
2026-05-22,revenue_per_session,residual_anomaly,business_segment,Mid-Market,0.418653,0.5132632857142857,0.0946102857142857,0.18273046813107843,3,1,WARNING,"Review revenue_per_session drivers for business_segment = Mid-Market; check recent releases, tracking changes, campaign mix, and operational issues."
2026-05-22,revenue_per_session,residual_anomaly,channel,Email,0.30995825,0.3947404642857143,0.3391288571428572,0.6549940564561139,1,4,WARNING,"Review revenue_per_session drivers for channel = Email; check recent releases, tracking changes, campaign mix, and operational issues."
2026-05-22,revenue_per_session,residual_anomaly,channel,Paid Search,0.418653,0.5132632857142857,0.0946102857142857,0.18273046813107843,2,1,WARNING,"Review revenue_per_session drivers for channel = Paid Search; check recent releases, tracking changes, campaign mix, and operational issues."
2026-05-22,revenue_per_session,residual_anomaly,channel,Organic,0.289011,0.37303053571428574,0.08401953571428572,0.16227547541280782,3,1,WARNING,"Review revenue_per_session drivers for channel = Organic; check recent releases, tracking changes, campaign mix, and operational issues."
2026-05-22,revenue_per_session,residual_anomaly,device_type,Mobile,0.3791626666666667,0.47193507142857144,0.2783172142857143,0.5375423451203792,1,3,WARNING,"Review revenue_per_session drivers for device_type = Mobile; check recent releases, tracking changes, campaign mix, and operational issues."
2026-05-22,revenue_per_session,residual_anomaly,device_type,Desktop,0.270003,0.34981682142857146,0.23944146428571428,0.4624576548796209,2,3,WARNING,"Review revenue_per_session drivers for device_type = Desktop; check recent releases, tracking changes, campaign mix, and operational issues."
2026-05-22,revenue_per_session,residual_anomaly,full_segment,North America + Mobile + Firefox + Email + Enterprise,0.429824,0.5295113928571429,0.0996873928571429,0.19253640157649293,1,1,WARNING,"Review revenue_per_session drivers for full_segment = North America + Mobile + Firefox + Email + Enterprise; check recent releases, tracking changes, campaign mix, and operational issues."
2026-05-22,revenue_per_session,residual_anomaly,full_segment,EMEA + Desktop + Firefox + Email + Enterprise,0.426707,0.5236458928571428,0.0969388928571428,0.1872279439614828,2,1,WARNING,"Review revenue_per_session drivers for full_segment = EMEA + Desktop + Firefox + Email + Enterprise; check recent releases, tracking changes, campaign mix, and operational issues."
2026-05-22,revenue_per_session,residual_anomaly,full_segment,North America + Mobile + Safari + Paid Search + Mid-Market,0.418653,0.5132632857142857,0.0946102857142857,0.18273046813107843,3,1,WARNING,"Review revenue_per_session drivers for full_segment = North America + Mobile + Safari + Paid Search + Mid-Market; check recent releases, tracking changes, campaign mix, and operational issues."
2026-05-22,revenue_per_session,residual_anomaly,full_segment,North America + Mobile + Chrome + Organic + SMB,0.289011,0.37303053571428574,0.08401953571428572,0.16227547541280782,4,1,WARNING,"Review revenue_per_session drivers for full_segment = North America + Mobile + Chrome + Organic + SMB; check recent releases, tracking changes, campaign mix, and operational issues."
2026-05-22,revenue_per_session,residual_anomaly,full_segment,EMEA + Desktop + Safari + Email + SMB,0.177968,0.2559985,0.07803050000000003,0.1507082415601367,5,1,WARNING,"Review revenue_per_session drivers for full_segment = EMEA + Desktop + Safari + Email + SMB; check recent releases, tracking changes, campaign mix, and operational issues."
2026-05-22,revenue_per_session,residual_anomaly,full_segment,APAC + Desktop + Chrome + Email + SMB,0.205334,0.26980607142857144,0.06447207142857145,0.12452146935800143,6,1,WARNING,"Review revenue_per_session drivers for full_segment = APAC + Desktop + Chrome + Email + SMB; check recent releases, tracking changes, campaign mix, and operational issues."
2026-05-22,revenue_per_session,residual_anomaly,region,North America,0.3791626666666667,0.47193507142857144,0.2783172142857143,0.5375423451203792,1,3,WARNING,"Review revenue_per_session drivers for region = North America; check recent releases, tracking changes, campaign mix, and operational issues."
2026-05-22,revenue_per_session,residual_anomaly,region,EMEA,0.3023375,0.3898221964285714,0.17496939285714283,0.33793618552161947,2,2,WARNING,"Review revenue_per_session drivers for region = EMEA; check recent releases, tracking changes, campaign mix, and operational issues."
2026-05-22,revenue_per_session,residual_anomaly,region,APAC,0.205334,0.26980607142857144,0.06447207142857145,0.12452146935800143,3,1,WARNING,"Review revenue_per_session drivers for region = APAC; check recent releases, tracking changes, campaign mix, and operational issues."
2026-05-22,revenue_per_session,residual_anomaly,region_device_browser,North America + Mobile + Firefox,0.429824,0.5295113928571429,0.0996873928571429,0.19253640157649293,1,1,WARNING,"Review revenue_per_session drivers for region_device_browser = North America + Mobile + Firefox; check recent releases, tracking changes, campaign mix, and operational issues."
2026-05-22,revenue_per_session,residual_anomaly,region_device_browser,EMEA + Desktop + Firefox,0.426707,0.5236458928571428,0.0969388928571428,0.1872279439614828,2,1,WARNING,"Review revenue_per_session drivers for region_device_browser = EMEA + Desktop + Firefox; check recent releases, tracking changes, campaign mix, and operational issues."
2026-05-22,revenue_per_session,residual_anomaly,region_device_browser,North America + Mobile + Safari,0.418653,0.5132632857142857,0.0946102857142857,0.18273046813107843,3,1,WARNING,"Review revenue_per_session drivers for region_device_browser = North America + Mobile + Safari; check recent releases, tracking changes, campaign mix, and operational issues."
2026-05-22,revenue_per_session,residual_anomaly,region_device_browser,North America + Mobile + Chrome,0.289011,0.37303053571428574,0.08401953571428572,0.16227547541280782,4,1,WARNING,"Review revenue_per_session drivers for region_device_browser = North America + Mobile + Chrome; check recent releases, tracking changes, campaign mix, and operational issues."
2026-05-22,revenue_per_session,residual_anomaly,region_device_browser,EMEA + Desktop + Safari,0.177968,0.2559985,0.07803050000000003,0.1507082415601367,5,1,WARNING,"Review revenue_per_session drivers for region_device_browser = EMEA + Desktop + Safari; check recent releases, tracking changes, campaign mix, and operational issues."
2026-05-22,revenue_per_session,residual_anomaly,region_device_browser,APAC + Desktop + Chrome,0.205334,0.26980607142857144,0.06447207142857145,0.12452146935800143,6,1,WARNING,"Review revenue_per_session drivers for region_device_browser = APAC + Desktop + Chrome; check recent releases, tracking changes, campaign mix, and operational issues."
2026-05-23,latency_ms,residual_anomaly,browser,Chrome,344.38263044444443,192.10710905555553,1370.4796924999996,1.0,1,9,CRITICAL,"Review latency_ms drivers for browser = Chrome; check recent releases, tracking changes, campaign mix, and operational issues."
2026-05-23,latency_ms,residual_anomaly,business_segment,SMB,349.5968043333333,191.65714844047622,473.8189676785713,0.3457322062279091,1,3,CRITICAL,"Review latency_ms drivers for business_segment = SMB; check recent releases, tracking changes, campaign mix, and operational issues."
2026-05-23,latency_ms,residual_anomaly,business_segment,Enterprise,345.20444,192.06900146428575,459.4063156071428,0.33521570448745847,2,3,CRITICAL,"Review latency_ms drivers for business_segment = Enterprise; check recent releases, tracking changes, campaign mix, and operational issues."
2026-05-23,latency_ms,residual_anomaly,business_segment,Mid-Market,338.346647,192.59517726190475,437.2544092142857,0.31905208928463263,3,3,CRITICAL,"Review latency_ms drivers for business_segment = Mid-Market; check recent releases, tracking changes, campaign mix, and operational issues."
2026-05-23,latency_ms,residual_anomaly,channel,Email,349.48439966666666,192.17718086904765,471.92165639285713,0.3443477922186412,1,3,CRITICAL,"Review latency_ms drivers for channel = Email; check recent releases, tracking changes, campaign mix, and operational issues."
2026-05-23,latency_ms,residual_anomaly,channel,Organic,347.771096,192.65719114285716,465.34171457142855,0.33954659606999515,2,3,CRITICAL,"Review latency_ms drivers for channel = Organic; check recent releases, tracking changes, campaign mix, and operational issues."
2026-05-23,latency_ms,residual_anomaly,channel,Paid Search,335.89239566666663,191.4869551547619,433.2163215357142,0.31610561171136387,3,3,CRITICAL,"Review latency_ms drivers for channel = Paid Search; check recent releases, tracking changes, campaign mix, and operational issues."
2026-05-23,latency_ms,residual_anomaly,device_type,Desktop,344.38263044444443,192.10710905555553,1370.4796924999996,1.0,1,9,CRITICAL,"Review latency_ms drivers for device_type = Desktop; check recent releases, tracking changes, campaign mix, and operational issues."
2026-05-23,latency_ms,residual_anomaly,full_segment,North America + Desktop + Chrome + Email + SMB,349.224179,189.27185571428572,159.95232328571427,0.11671265481791465,1,1,CRITICAL,"Review latency_ms drivers for full_segment = North America + Desktop + Chrome + Email + SMB; check recent releases, tracking changes, campaign mix, and operational issues."
2026-05-23,latency_ms,residual_anomaly,full_segment,North America + Desktop + Chrome + Email + Enterprise,352.470409,193.0048970357143,159.46551196428572,0.11635744246118099,2,1,CRITICAL,"Review latency_ms drivers for full_segment = North America + Desktop + Chrome + Email + Enterprise; check recent releases, tracking changes, campaign mix, and operational issues."
2026-05-23,latency_ms,residual_anomaly,full_segment,North America + Desktop + Chrome + Organic + SMB,352.250076,192.85454135714286,159.39553464285711,0.1163063820027068,3,1,CRITICAL,"Review latency_ms drivers for full_segment = North America + Desktop + Chrome + Organic + SMB; check recent releases, tracking changes, campaign mix, and operational issues."
2026-05-23,latency_ms,residual_anomaly,full_segment,North America + Desktop + Chrome + Organic + Enterprise,352.783909,193.6355765,159.14833249999998,0.11612600563944513,4,1,CRITICAL,"Review latency_ms drivers for full_segment = North America + Desktop + Chrome + Organic + Enterprise; check recent releases, tracking changes, campaign mix, and operational issues."
2026-05-23,latency_ms,residual_anomaly,full_segment,North America + Desktop + Chrome + Paid Search + SMB,347.316158,192.84504825000002,154.47110974999995,0.11271316940728766,5,1,CRITICAL,"Review latency_ms drivers for full_segment = North America + Desktop + Chrome + Paid Search + SMB; check recent releases, tracking changes, campaign mix, and operational issues."
2026-05-23,latency_ms,residual_anomaly,full_segment,North America + Desktop + Chrome + Email + Mid-Market,346.758611,194.25478985714284,152.50382114285713,0.11127769493954554,6,1,CRITICAL,"Review latency_ms drivers for full_segment = North America + Desktop + Chrome + Email + Mid-Market; check recent releases, tracking changes, campaign mix, and operational issues."
2026-05-23,latency_ms,residual_anomaly,full_segment,North America + Desktop + Chrome + Organic + Mid-Market,338.279303,191.48145557142857,146.79784742857146,0.10711420842784324,7,1,CRITICAL,"Review latency_ms drivers for full_segment = North America + Desktop + Chrome + Organic + Mid-Market; check recent releases, tracking changes, campaign mix, and operational issues."
2026-05-23,latency_ms,residual_anomaly,full_segment,North America + Desktop + Chrome + Paid Search + Enterprise,330.359002,189.56653085714288,140.7924711428571,0.10273225638683234,8,1,CRITICAL,"Review latency_ms drivers for full_segment = North America + Desktop + Chrome + Paid Search + Enterprise; check recent releases, tracking changes, campaign mix, and operational issues."
2026-05-23,latency_ms,residual_anomaly,full_segment,North America + Desktop + Chrome + Paid Search + Mid-Market,330.002027,192.04928635714285,137.95274064285715,0.10066018591724386,9,1,CRITICAL,"Review latency_ms drivers for full_segment = North America + Desktop + Chrome + Paid Search + Mid-Market; check recent releases, tracking changes, campaign mix, and operational issues."
2026-05-23,latency_ms,residual_anomaly,region,North America,344.38263044444443,192.10710905555553,1370.4796924999996,1.0,1,9,CRITICAL,"Review latency_ms drivers for region = North America; check recent releases, tracking changes, campaign mix, and operational issues."
2026-05-23,latency_ms,residual_anomaly,region_device_browser,North America + Desktop + Chrome,344.38263044444443,192.10710905555553,1370.4796924999996,1.0,1,9,CRITICAL,"Review latency_ms drivers for region_device_browser = North America + Desktop + Chrome; check recent releases, tracking changes, campaign mix, and operational issues."
2026-05-23,revenue_per_session,residual_anomaly,browser,Safari,0.396412,0.5132558928571428,0.1168438928571428,0.5199419226396973,1,1,WARNING,"Review revenue_per_session drivers for browser = Safari; check recent releases, tracking changes, campaign mix, and operational issues."
2026-05-23,revenue_per_session,residual_anomaly,browser,Firefox,0.276078,0.383959,0.107881,0.4800580773603027,2,1,WARNING,"Review revenue_per_session drivers for browser = Firefox; check recent releases, tracking changes, campaign mix, and operational issues."
2026-05-23,revenue_per_session,residual_anomaly,business_segment,Mid-Market,0.396412,0.5132558928571428,0.1168438928571428,0.5199419226396973,1,1,WARNING,"Review revenue_per_session drivers for business_segment = Mid-Market; check recent releases, tracking changes, campaign mix, and operational issues."
2026-05-23,revenue_per_session,residual_anomaly,business_segment,SMB,0.276078,0.383959,0.107881,0.4800580773603027,2,1,WARNING,"Review revenue_per_session drivers for business_segment = SMB; check recent releases, tracking changes, campaign mix, and operational issues."
2026-05-23,revenue_per_session,residual_anomaly,channel,Paid Search,0.336245,0.4486074464285714,0.2247248928571428,1.0,1,2,WARNING,"Review revenue_per_session drivers for channel = Paid Search; check recent releases, tracking changes, campaign mix, and operational issues."
2026-05-23,revenue_per_session,residual_anomaly,device_type,Mobile,0.336245,0.4486074464285714,0.2247248928571428,1.0,1,2,WARNING,"Review revenue_per_session drivers for device_type = Mobile; check recent releases, tracking changes, campaign mix, and operational issues."
2026-05-23,revenue_per_session,residual_anomaly,full_segment,North America + Mobile + Safari + Paid Search + Mid-Market,0.396412,0.5132558928571428,0.1168438928571428,0.5199419226396973,1,1,WARNING,"Review revenue_per_session drivers for full_segment = North America + Mobile + Safari + Paid Search + Mid-Market; check recent releases, tracking changes, campaign mix, and operational issues."
2026-05-23,revenue_per_session,residual_anomaly,full_segment,APAC + Mobile + Firefox + Paid Search + SMB,0.276078,0.383959,0.107881,0.4800580773603027,2,1,WARNING,"Review revenue_per_session drivers for full_segment = APAC + Mobile + Firefox + Paid Search + SMB; check recent releases, tracking changes, campaign mix, and operational issues."
2026-05-23,revenue_per_session,residual_anomaly,region,North America,0.396412,0.5132558928571428,0.1168438928571428,0.5199419226396973,1,1,WARNING,"Review revenue_per_session drivers for region = North America; check recent releases, tracking changes, campaign mix, and operational issues."
2026-05-23,revenue_per_session,residual_anomaly,region,APAC,0.276078,0.383959,0.107881,0.4800580773603027,2,1,WARNING,"Review revenue_per_session drivers for region = APAC; check recent releases, tracking changes, campaign mix, and operational issues."
2026-05-23,revenue_per_session,residual_anomaly,region_device_browser,North America + Mobile + Safari,0.396412,0.5132558928571428,0.1168438928571428,0.5199419226396973,1,1,WARNING,"Review revenue_per_session drivers for region_device_browser = North America + Mobile + Safari; check recent releases, tracking changes, campaign mix, and operational issues."
2026-05-23,revenue_per_session,residual_anomaly,region_device_browser,APAC + Mobile + Firefox,0.276078,0.383959,0.107881,0.4800580773603027,2,1,WARNING,"Review revenue_per_session drivers for region_device_browser = APAC + Mobile + Firefox; check recent releases, tracking changes, campaign mix, and operational issues."
2026-05-24,latency_ms,residual_anomaly,browser,Chrome,347.0574185555556,198.8297370873016,1334.0491332142856,1.0,1,9,CRITICAL,"Review latency_ms drivers for browser = Chrome; check recent releases, tracking changes, campaign mix, and operational issues."
2026-05-24,latency_ms,residual_anomaly,business_segment,Enterprise,349.99048633333337,198.71125273809525,453.8377007857143,0.340195641589473,1,3,CRITICAL,"Review latency_ms drivers for business_segment = Enterprise; check recent releases, tracking changes, campaign mix, and operational issues."
2026-05-24,latency_ms,residual_anomaly,business_segment,SMB,347.2590453333333,198.64501225,445.84209924999993,0.3342021580387963,2,3,CRITICAL,"Review latency_ms drivers for business_segment = SMB; check recent releases, tracking changes, campaign mix, and operational issues."
2026-05-24,latency_ms,residual_anomaly,business_segment,Mid-Market,343.922724,199.1329462738095,434.36933317857154,0.32560220037173077,3,3,CRITICAL,"Review latency_ms drivers for business_segment = Mid-Market; check recent releases, tracking changes, campaign mix, and operational issues."
2026-05-24,latency_ms,residual_anomaly,channel,Organic,352.197844,199.34860410714285,458.5477196785714,0.3437262603467513,1,3,CRITICAL,"Review latency_ms drivers for channel = Organic; check recent releases, tracking changes, campaign mix, and operational issues."
2026-05-24,latency_ms,residual_anomaly,channel,Paid Search,348.037625,197.97668725000003,450.1828132500001,0.3374559467426213,2,3,CRITICAL,"Review latency_ms drivers for channel = Paid Search; check recent releases, tracking changes, campaign mix, and operational issues."
2026-05-24,latency_ms,residual_anomaly,channel,Email,340.93678666666665,199.1639199047619,425.3186002857143,0.31881779291062756,3,3,CRITICAL,"Review latency_ms drivers for channel = Email; check recent releases, tracking changes, campaign mix, and operational issues."
2026-05-24,latency_ms,residual_anomaly,device_type,Desktop,347.0574185555556,198.8297370873016,1334.0491332142856,1.0,1,9,CRITICAL,"Review latency_ms drivers for device_type = Desktop; check recent releases, tracking changes, campaign mix, and operational issues."
2026-05-24,latency_ms,residual_anomaly,full_segment,North America + Desktop + Chrome + Organic + Enterprise,359.042428,200.5079005,158.53452749999997,0.11883709793958158,1,1,CRITICAL,"Review latency_ms drivers for full_segment = North America + Desktop + Chrome + Organic + Enterprise; check recent releases, tracking changes, campaign mix, and operational issues."
2026-05-24,latency_ms,residual_anomaly,full_segment,North America + Desktop + Chrome + Organic + SMB,357.141058,199.83303625,157.30802175,0.11791771219923422,2,1,CRITICAL,"Review latency_ms drivers for full_segment = North America + Desktop + Chrome + Organic + SMB; check recent releases, tracking changes, campaign mix, and operational issues."
2026-05-24,latency_ms,residual_anomaly,full_segment,North America + Desktop + Chrome + Paid Search + Enterprise,349.156623,195.75368278571426,153.40294021428576,0.1149904725358005,3,1,CRITICAL,"Review latency_ms drivers for full_segment = North America + Desktop + Chrome + Paid Search + Enterprise; check recent releases, tracking changes, campaign mix, and operational issues."
2026-05-24,latency_ms,residual_anomaly,full_segment,North America + Desktop + Chrome + Paid Search + Mid-Market,348.842218,198.61920235714288,150.22301564285712,0.11260680877690515,4,1,CRITICAL,"Review latency_ms drivers for full_segment = North America + Desktop + Chrome + Paid Search + Mid-Market; check recent releases, tracking changes, campaign mix, and operational issues."
2026-05-24,latency_ms,residual_anomaly,full_segment,North America + Desktop + Chrome + Paid Search + SMB,346.114034,199.55717660714285,146.55685739285715,0.10985866542991564,5,1,CRITICAL,"Review latency_ms drivers for full_segment = North America + Desktop + Chrome + Paid Search + SMB; check recent releases, tracking changes, campaign mix, and operational issues."
2026-05-24,latency_ms,residual_anomaly,full_segment,North America + Desktop + Chrome + Organic + Mid-Market,340.410046,197.70487557142857,142.70517042857145,0.10697145020793548,6,1,CRITICAL,"Review latency_ms drivers for full_segment = North America + Desktop + Chrome + Organic + Mid-Market; check recent releases, tracking changes, campaign mix, and operational issues."
2026-05-24,latency_ms,residual_anomaly,full_segment,North America + Desktop + Chrome + Email + SMB,338.522044,196.54482389285718,141.9772201071428,0.10642578040964651,7,1,CRITICAL,"Review latency_ms drivers for full_segment = North America + Desktop + Chrome + Email + SMB; check recent releases, tracking changes, campaign mix, and operational issues."
2026-05-24,latency_ms,residual_anomaly,full_segment,North America + Desktop + Chrome + Email + Enterprise,341.772408,199.87217492857144,141.90023307142854,0.10636807111409097,8,1,CRITICAL,"Review latency_ms drivers for full_segment = North America + Desktop + Chrome + Email + Enterprise; check recent releases, tracking changes, campaign mix, and operational issues."
2026-05-24,latency_ms,residual_anomaly,full_segment,North America + Desktop + Chrome + Email + Mid-Market,342.515908,201.0747608928571,141.4411471071429,0.10602394138689007,9,1,CRITICAL,"Review latency_ms drivers for full_segment = North America + Desktop + Chrome + Email + Mid-Market; check recent releases, tracking changes, campaign mix, and operational issues."
2026-05-24,latency_ms,residual_anomaly,region,North America,347.0574185555556,198.8297370873016,1334.0491332142856,1.0,1,9,CRITICAL,"Review latency_ms drivers for region = North America; check recent releases, tracking changes, campaign mix, and operational issues."
2026-05-24,latency_ms,residual_anomaly,region_device_browser,North America + Desktop + Chrome,347.0574185555556,198.8297370873016,1334.0491332142856,1.0,1,9,CRITICAL,"Review latency_ms drivers for region_device_browser = North America + Desktop + Chrome; check recent releases, tracking changes, campaign mix, and operational issues."
2026-05-25,latency_ms,residual_anomaly,browser,Chrome,346.7139377777778,205.56187311904762,1270.3685819285713,1.0,1,9,CRITICAL,"Review latency_ms drivers for browser = Chrome; check recent releases, tracking changes, campaign mix, and operational issues."
2026-05-25,latency_ms,residual_anomaly,business_segment,SMB,348.8917706666667,205.49539211904758,430.18913564285714,0.33863332403087193,1,3,CRITICAL,"Review latency_ms drivers for business_segment = SMB; check recent releases, tracking changes, campaign mix, and operational issues."
2026-05-25,latency_ms,residual_anomaly,business_segment,Mid-Market,347.90642099999997,205.74706970238094,426.4780538928571,0.3357120602316947,2,3,CRITICAL,"Review latency_ms drivers for business_segment = Mid-Market; check recent releases, tracking changes, campaign mix, and operational issues."
2026-05-25,latency_ms,residual_anomaly,business_segment,Enterprise,343.3436216666667,205.44315753571428,413.7013923928571,0.32565461573743343,3,3,CRITICAL,"Review latency_ms drivers for business_segment = Enterprise; check recent releases, tracking changes, campaign mix, and operational issues."
2026-05-25,latency_ms,residual_anomaly,channel,Email,349.28900233333326,205.3565126904762,431.79746892857145,0.3398993607611511,1,3,CRITICAL,"Review latency_ms drivers for channel = Email; check recent releases, tracking changes, campaign mix, and operational issues."
2026-05-25,latency_ms,residual_anomaly,channel,Organic,346.5909996666667,206.42871159523807,420.4868642142857,0.33099595676078225,2,3,CRITICAL,"Review latency_ms drivers for channel = Organic; check recent releases, tracking changes, campaign mix, and operational issues."
2026-05-25,latency_ms,residual_anomaly,channel,Paid Search,344.2618113333333,204.90039507142856,418.08424878571424,0.3291046824780666,3,3,CRITICAL,"Review latency_ms drivers for channel = Paid Search; check recent releases, tracking changes, campaign mix, and operational issues."
2026-05-25,latency_ms,residual_anomaly,device_type,Desktop,346.7139377777778,205.56187311904762,1270.3685819285713,1.0,1,9,CRITICAL,"Review latency_ms drivers for device_type = Desktop; check recent releases, tracking changes, campaign mix, and operational issues."
2026-05-25,latency_ms,residual_anomaly,full_segment,North America + Desktop + Chrome + Email + Mid-Market,356.114538,207.3616757857143,148.75286221428567,0.11709425463628914,1,1,CRITICAL,"Review latency_ms drivers for full_segment = North America + Desktop + Chrome + Email + Mid-Market; check recent releases, tracking changes, campaign mix, and operational issues."
2026-05-25,latency_ms,residual_anomaly,full_segment,North America + Desktop + Chrome + Organic + SMB,354.372682,207.03814507142857,147.33453692857142,0.115977787096167,2,1,CRITICAL,"Review latency_ms drivers for full_segment = North America + Desktop + Chrome + Organic + SMB; check recent releases, tracking changes, campaign mix, and operational issues."
2026-05-25,latency_ms,residual_anomaly,full_segment,North America + Desktop + Chrome + Paid Search + Mid-Market,350.210466,205.41908310714285,144.79138289285714,0.11397588459960693,3,1,CRITICAL,"Review latency_ms drivers for full_segment = North America + Desktop + Chrome + Paid Search + Mid-Market; check recent releases, tracking changes, campaign mix, and operational issues."
2026-05-25,latency_ms,residual_anomaly,full_segment,North America + Desktop + Chrome + Email + SMB,344.614637,202.8249194285714,141.7897175714286,0.11161305434378334,4,1,CRITICAL,"Review latency_ms drivers for full_segment = North America + Desktop + Chrome + Email + SMB; check recent releases, tracking changes, campaign mix, and operational issues."
2026-05-25,latency_ms,residual_anomaly,full_segment,North America + Desktop + Chrome + Email + Enterprise,347.137832,205.88294285714287,141.25488914285714,0.11119205178107863,5,1,CRITICAL,"Review latency_ms drivers for full_segment = North America + Desktop + Chrome + Email + Enterprise; check recent releases, tracking changes, campaign mix, and operational issues."
2026-05-25,latency_ms,residual_anomaly,full_segment,North America + Desktop + Chrome + Paid Search + SMB,347.687993,206.62311185714287,141.06488114285713,0.1110424825909216,6,1,CRITICAL,"Review latency_ms drivers for full_segment = North America + Desktop + Chrome + Paid Search + SMB; check recent releases, tracking changes, campaign mix, and operational issues."
2026-05-25,latency_ms,residual_anomaly,full_segment,North America + Desktop + Chrome + Organic + Enterprise,348.006058,207.7875395,140.2185185,0.11037624866881666,7,1,CRITICAL,"Review latency_ms drivers for full_segment = North America + Desktop + Chrome + Organic + Enterprise; check recent releases, tracking changes, campaign mix, and operational issues."
2026-05-25,latency_ms,residual_anomaly,full_segment,North America + Desktop + Chrome + Organic + Mid-Market,337.394259,204.4604502142857,132.9338087857143,0.10464192099579862,8,1,CRITICAL,"Review latency_ms drivers for full_segment = North America + Desktop + Chrome + Organic + Mid-Market; check recent releases, tracking changes, campaign mix, and operational issues."
2026-05-25,latency_ms,residual_anomaly,full_segment,North America + Desktop + Chrome + Paid Search + Enterprise,334.886975,202.65899025000002,132.22798475,0.10408631528753813,9,1,CRITICAL,"Review latency_ms drivers for full_segment = North America + Desktop + Chrome + Paid Search + Enterprise; check recent releases, tracking changes, campaign mix, and operational issues."
2026-05-25,latency_ms,residual_anomaly,region,North America,346.7139377777778,205.56187311904762,1270.3685819285713,1.0,1,9,CRITICAL,"Review latency_ms drivers for region = North America; check recent releases, tracking changes, campaign mix, and operational issues."
2026-05-25,latency_ms,residual_anomaly,region_device_browser,North America + Desktop + Chrome,346.7139377777778,205.56187311904762,1270.3685819285713,1.0,1,9,CRITICAL,"Review latency_ms drivers for region_device_browser = North America + Desktop + Chrome; check recent releases, tracking changes, campaign mix, and operational issues."
2026-05-25,revenue_per_session,residual_anomaly,browser,Safari,0.320945,0.4370604642857143,0.23223092857142863,0.6272734621759601,1,2,WARNING,"Review revenue_per_session drivers for browser = Safari; check recent releases, tracking changes, campaign mix, and operational issues."
2026-05-25,revenue_per_session,residual_anomaly,browser,Chrome,0.338519,0.4141033928571428,0.0755843928571428,0.20415921378613902,2,1,WARNING,"Review revenue_per_session drivers for browser = Chrome; check recent releases, tracking changes, campaign mix, and operational issues."
2026-05-25,revenue_per_session,residual_anomaly,browser,Firefox,0.326662,0.3890694642857143,0.06240746428571431,0.16856732403790078,3,1,WARNING,"Review revenue_per_session drivers for browser = Firefox; check recent releases, tracking changes, campaign mix, and operational issues."
2026-05-25,revenue_per_session,residual_anomaly,business_segment,SMB,0.320514,0.39193573809523813,0.21426521428571427,0.5787466967283598,1,3,WARNING,"Review revenue_per_session drivers for business_segment = SMB; check recent releases, tracking changes, campaign mix, and operational issues."
2026-05-25,revenue_per_session,residual_anomaly,business_segment,Enterprise,0.345529,0.5014865714285714,0.15595757142857147,0.4212533032716402,2,1,WARNING,"Review revenue_per_session drivers for business_segment = Enterprise; check recent releases, tracking changes, campaign mix, and operational issues."
2026-05-25,revenue_per_session,residual_anomaly,channel,Email,0.345529,0.5014865714285714,0.15595757142857147,0.4212533032716402,1,1,WARNING,"Review revenue_per_session drivers for channel = Email; check recent releases, tracking changes, campaign mix, and operational issues."
2026-05-25,revenue_per_session,residual_anomaly,channel,Paid Search,0.3325905,0.40158642857142857,0.1379918571428571,0.3727265378240398,2,2,WARNING,"Review revenue_per_session drivers for channel = Paid Search; check recent releases, tracking changes, campaign mix, and operational issues."
2026-05-25,revenue_per_session,residual_anomaly,channel,Organic,0.296361,0.37263435714285714,0.07627335714285716,0.20602015890432,3,1,WARNING,"Review revenue_per_session drivers for channel = Organic; check recent releases, tracking changes, campaign mix, and operational issues."
2026-05-25,revenue_per_session,residual_anomaly,device_type,Desktop,0.320945,0.4370604642857143,0.23223092857142863,0.6272734621759601,1,2,WARNING,"Review revenue_per_session drivers for device_type = Desktop; check recent releases, tracking changes, campaign mix, and operational issues."
2026-05-25,revenue_per_session,residual_anomaly,device_type,Mobile,0.3325905,0.40158642857142857,0.1379918571428571,0.3727265378240398,2,2,WARNING,"Review revenue_per_session drivers for device_type = Mobile; check recent releases, tracking changes, campaign mix, and operational issues."
2026-05-25,revenue_per_session,residual_anomaly,full_segment,APAC + Desktop + Safari + Email + Enterprise,0.345529,0.5014865714285714,0.15595757142857147,0.4212533032716402,1,1,WARNING,"Review revenue_per_session drivers for full_segment = APAC + Desktop + Safari + Email + Enterprise; check recent releases, tracking changes, campaign mix, and operational issues."
2026-05-25,revenue_per_session,residual_anomaly,full_segment,North America + Desktop + Safari + Organic + SMB,0.296361,0.37263435714285714,0.07627335714285716,0.20602015890432,2,1,WARNING,"Review revenue_per_session drivers for full_segment = North America + Desktop + Safari + Organic + SMB; check recent releases, tracking changes, campaign mix, and operational issues."
2026-05-25,revenue_per_session,residual_anomaly,full_segment,EMEA + Mobile + Chrome + Paid Search + SMB,0.338519,0.4141033928571428,0.0755843928571428,0.20415921378613902,3,1,WARNING,"Review revenue_per_session drivers for full_segment = EMEA + Mobile + Chrome + Paid Search + SMB; check recent releases, tracking changes, campaign mix, and operational issues."
2026-05-25,revenue_per_session,residual_anomaly,full_segment,EMEA + Mobile + Firefox + Paid Search + SMB,0.326662,0.3890694642857143,0.06240746428571431,0.16856732403790078,4,1,WARNING,"Review revenue_per_session drivers for full_segment = EMEA + Mobile + Firefox + Paid Search + SMB; check recent releases, tracking changes, campaign mix, and operational issues."
2026-05-25,revenue_per_session,residual_anomaly,region,APAC,0.345529,0.5014865714285714,0.15595757142857147,0.4212533032716402,1,1,WARNING,"Review revenue_per_session drivers for region = APAC; check recent releases, tracking changes, campaign mix, and operational issues."
2026-05-25,revenue_per_session,residual_anomaly,region,EMEA,0.3325905,0.40158642857142857,0.1379918571428571,0.3727265378240398,2,2,WARNING,"Review revenue_per_session drivers for region = EMEA; check recent releases, tracking changes, campaign mix, and operational issues."
2026-05-25,revenue_per_session,residual_anomaly,region,North America,0.296361,0.37263435714285714,0.07627335714285716,0.20602015890432,3,1,WARNING,"Review revenue_per_session drivers for region = North America; check recent releases, tracking changes, campaign mix, and operational issues."
2026-05-25,revenue_per_session,residual_anomaly,region_device_browser,APAC + Desktop + Safari,0.345529,0.5014865714285714,0.15595757142857147,0.4212533032716402,1,1,WARNING,"Review revenue_per_session drivers for region_device_browser = APAC + Desktop + Safari; check recent releases, tracking changes, campaign mix, and operational issues."
2026-05-25,revenue_per_session,residual_anomaly,region_device_browser,North America + Desktop + Safari,0.296361,0.37263435714285714,0.07627335714285716,0.20602015890432,2,1,WARNING,"Review revenue_per_session drivers for region_device_browser = North America + Desktop + Safari; check recent releases, tracking changes, campaign mix, and operational issues."
2026-05-25,revenue_per_session,residual_anomaly,region_device_browser,EMEA + Mobile + Chrome,0.338519,0.4141033928571428,0.0755843928571428,0.20415921378613902,3,1,WARNING,"Review revenue_per_session drivers for region_device_browser = EMEA + Mobile + Chrome; check recent releases, tracking changes, campaign mix, and operational issues."
2026-05-25,revenue_per_session,residual_anomaly,region_device_browser,EMEA + Mobile + Firefox,0.326662,0.3890694642857143,0.06240746428571431,0.16856732403790078,4,1,WARNING,"Review revenue_per_session drivers for region_device_browser = EMEA + Mobile + Firefox; check recent releases, tracking changes, campaign mix, and operational issues."
2026-05-26,revenue_per_session,residual_anomaly,browser,Safari,0.346289,0.4268086071428572,0.08051960714285716,0.5257067214847904,1,1,WARNING,"Review revenue_per_session drivers for browser = Safari; check recent releases, tracking changes, campaign mix, and operational issues."
2026-05-26,revenue_per_session,residual_anomaly,browser,Chrome,0.429613,0.5022578928571428,0.07264489285714282,0.47429327851520964,2,1,WARNING,"Review revenue_per_session drivers for browser = Chrome; check recent releases, tracking changes, campaign mix, and operational issues."
2026-05-26,revenue_per_session,residual_anomaly,business_segment,Mid-Market,0.346289,0.4268086071428572,0.08051960714285716,0.5257067214847904,1,1,WARNING,"Review revenue_per_session drivers for business_segment = Mid-Market; check recent releases, tracking changes, campaign mix, and operational issues."
2026-05-26,revenue_per_session,residual_anomaly,business_segment,Enterprise,0.429613,0.5022578928571428,0.07264489285714282,0.47429327851520964,2,1,WARNING,"Review revenue_per_session drivers for business_segment = Enterprise; check recent releases, tracking changes, campaign mix, and operational issues."
2026-05-26,revenue_per_session,residual_anomaly,channel,Organic,0.346289,0.4268086071428572,0.08051960714285716,0.5257067214847904,1,1,WARNING,"Review revenue_per_session drivers for channel = Organic; check recent releases, tracking changes, campaign mix, and operational issues."
2026-05-26,revenue_per_session,residual_anomaly,channel,Email,0.429613,0.5022578928571428,0.07264489285714282,0.47429327851520964,2,1,WARNING,"Review revenue_per_session drivers for channel = Email; check recent releases, tracking changes, campaign mix, and operational issues."
2026-05-26,revenue_per_session,residual_anomaly,device_type,Mobile,0.38795100000000005,0.46453325,0.15316449999999998,1.0,1,2,WARNING,"Review revenue_per_session drivers for device_type = Mobile; check recent releases, tracking changes, campaign mix, and operational issues."
2026-05-26,revenue_per_session,residual_anomaly,full_segment,North America + Mobile + Safari + Organic + Mid-Market,0.346289,0.4268086071428572,0.08051960714285716,0.5257067214847904,1,1,WARNING,"Review revenue_per_session drivers for full_segment = North America + Mobile + Safari + Organic + Mid-Market; check recent releases, tracking changes, campaign mix, and operational issues."
2026-05-26,revenue_per_session,residual_anomaly,full_segment,APAC + Mobile + Chrome + Email + Enterprise,0.429613,0.5022578928571428,0.07264489285714282,0.47429327851520964,2,1,WARNING,"Review revenue_per_session drivers for full_segment = APAC + Mobile + Chrome + Email + Enterprise; check recent releases, tracking changes, campaign mix, and operational issues."
2026-05-26,revenue_per_session,residual_anomaly,region,North America,0.346289,0.4268086071428572,0.08051960714285716,0.5257067214847904,1,1,WARNING,"Review revenue_per_session drivers for region = North America; check recent releases, tracking changes, campaign mix, and operational issues."
2026-05-26,revenue_per_session,residual_anomaly,region,APAC,0.429613,0.5022578928571428,0.07264489285714282,0.47429327851520964,2,1,WARNING,"Review revenue_per_session drivers for region = APAC; check recent releases, tracking changes, campaign mix, and operational issues."
2026-05-26,revenue_per_session,residual_anomaly,region_device_browser,North America + Mobile + Safari,0.346289,0.4268086071428572,0.08051960714285716,0.5257067214847904,1,1,WARNING,"Review revenue_per_session drivers for region_device_browser = North America + Mobile + Safari; check recent releases, tracking changes, campaign mix, and operational issues."
2026-05-26,revenue_per_session,residual_anomaly,region_device_browser,APAC + Mobile + Chrome,0.429613,0.5022578928571428,0.07264489285714282,0.47429327851520964,2,1,WARNING,"Review revenue_per_session drivers for region_device_browser = APAC + Mobile + Chrome; check recent releases, tracking changes, campaign mix, and operational issues."
2026-05-27,revenue_per_session,residual_anomaly,browser,Firefox,0.397661,0.49274421428571424,0.09508321428571426,0.5341319575756784,1,1,WARNING,"Review revenue_per_session drivers for browser = Firefox; check recent releases, tracking changes, campaign mix, and operational issues."
2026-05-27,revenue_per_session,residual_anomaly,browser,Safari,0.406241,0.48917225000000003,0.08293125000000001,0.46586804242432156,2,1,WARNING,"Review revenue_per_session drivers for browser = Safari; check recent releases, tracking changes, campaign mix, and operational issues."
2026-05-27,revenue_per_session,residual_anomaly,business_segment,Mid-Market,0.397661,0.49274421428571424,0.09508321428571426,0.5341319575756784,1,1,WARNING,"Review revenue_per_session drivers for business_segment = Mid-Market; check recent releases, tracking changes, campaign mix, and operational issues."
2026-05-27,revenue_per_session,residual_anomaly,business_segment,Enterprise,0.406241,0.48917225000000003,0.08293125000000001,0.46586804242432156,2,1,WARNING,"Review revenue_per_session drivers for business_segment = Enterprise; check recent releases, tracking changes, campaign mix, and operational issues."
2026-05-27,revenue_per_session,residual_anomaly,channel,Paid Search,0.397661,0.49274421428571424,0.09508321428571426,0.5341319575756784,1,1,WARNING,"Review revenue_per_session drivers for channel = Paid Search; check recent releases, tracking changes, campaign mix, and operational issues."
2026-05-27,revenue_per_session,residual_anomaly,channel,Email,0.406241,0.48917225000000003,0.08293125000000001,0.46586804242432156,2,1,WARNING,"Review revenue_per_session drivers for channel = Email; check recent releases, tracking changes, campaign mix, and operational issues."
2026-05-27,revenue_per_session,residual_anomaly,device_type,Mobile,0.401951,0.49095823214285716,0.17801446428571427,1.0,1,2,WARNING,"Review revenue_per_session drivers for device_type = Mobile; check recent releases, tracking changes, campaign mix, and operational issues."
2026-05-27,revenue_per_session,residual_anomaly,full_segment,EMEA + Mobile + Firefox + Paid Search + Mid-Market,0.397661,0.49274421428571424,0.09508321428571426,0.5341319575756784,1,1,WARNING,"Review revenue_per_session drivers for full_segment = EMEA + Mobile + Firefox + Paid Search + Mid-Market; check recent releases, tracking changes, campaign mix, and operational issues."
2026-05-27,revenue_per_session,residual_anomaly,full_segment,EMEA + Mobile + Safari + Email + Enterprise,0.406241,0.48917225000000003,0.08293125000000001,0.46586804242432156,2,1,WARNING,"Review revenue_per_session drivers for full_segment = EMEA + Mobile + Safari + Email + Enterprise; check recent releases, tracking changes, campaign mix, and operational issues."
2026-05-27,revenue_per_session,residual_anomaly,region,EMEA,0.401951,0.49095823214285716,0.17801446428571427,1.0,1,2,WARNING,"Review revenue_per_session drivers for region = EMEA; check recent releases, tracking changes, campaign mix, and operational issues."
2026-05-27,revenue_per_session,residual_anomaly,region_device_browser,EMEA + Mobile + Firefox,0.397661,0.49274421428571424,0.09508321428571426,0.5341319575756784,1,1,WARNING,"Review revenue_per_session drivers for region_device_browser = EMEA + Mobile + Firefox; check recent releases, tracking changes, campaign mix, and operational issues."
2026-05-27,revenue_per_session,residual_anomaly,region_device_browser,EMEA + Mobile + Safari,0.406241,0.48917225000000003,0.08293125000000001,0.46586804242432156,2,1,WARNING,"Review revenue_per_session drivers for region_device_browser = EMEA + Mobile + Safari; check recent releases, tracking changes, campaign mix, and operational issues."
2026-05-28,revenue_per_session,residual_anomaly,browser,Safari,0.2867655,0.3574146964285714,0.14129839285714282,0.6126382938594407,1,2,WARNING,"Review revenue_per_session drivers for browser = Safari; check recent releases, tracking changes, campaign mix, and operational issues."
2026-05-28,revenue_per_session,residual_anomaly,browser,Firefox,0.326901,0.41624178571428566,0.08934078571428566,0.3873617061405593,2,1,WARNING,"Review revenue_per_session drivers for browser = Firefox; check recent releases, tracking changes, campaign mix, and operational issues."
2026-05-28,revenue_per_session,residual_anomaly,business_segment,Mid-Market,0.300144,0.37702372619047614,0.2306391785714285,1.0,1,3,WARNING,"Review revenue_per_session drivers for business_segment = Mid-Market; check recent releases, tracking changes, campaign mix, and operational issues."
2026-05-28,revenue_per_session,residual_anomaly,channel,Email,0.278207,0.3561560178571428,0.15589803571428565,0.6759390866717137,1,2,WARNING,"Review revenue_per_session drivers for channel = Email; check recent releases, tracking changes, campaign mix, and operational issues."
2026-05-28,revenue_per_session,residual_anomaly,channel,Organic,0.344018,0.41875914285714283,0.07474114285714284,0.32406091332828635,2,1,WARNING,"Review revenue_per_session drivers for channel = Organic; check recent releases, tracking changes, campaign mix, and operational issues."
2026-05-28,revenue_per_session,residual_anomaly,device_type,Desktop,0.3354595,0.41750046428571425,0.1640819285714285,0.7114226194688457,1,2,WARNING,"Review revenue_per_session drivers for device_type = Desktop; check recent releases, tracking changes, campaign mix, and operational issues."
2026-05-28,revenue_per_session,residual_anomaly,device_type,Mobile,0.229513,0.29607025,0.06655724999999998,0.2885773805311544,2,1,WARNING,"Review revenue_per_session drivers for device_type = Mobile; check recent releases, tracking changes, campaign mix, and operational issues."
2026-05-28,revenue_per_session,residual_anomaly,full_segment,North America + Desktop + Firefox + Email + Mid-Market,0.326901,0.41624178571428566,0.08934078571428566,0.3873617061405593,1,1,WARNING,"Review revenue_per_session drivers for full_segment = North America + Desktop + Firefox + Email + Mid-Market; check recent releases, tracking changes, campaign mix, and operational issues."
2026-05-28,revenue_per_session,residual_anomaly,full_segment,EMEA + Desktop + Safari + Organic + Mid-Market,0.344018,0.41875914285714283,0.07474114285714284,0.32406091332828635,2,1,WARNING,"Review revenue_per_session drivers for full_segment = EMEA + Desktop + Safari + Organic + Mid-Market; check recent releases, tracking changes, campaign mix, and operational issues."
2026-05-28,revenue_per_session,residual_anomaly,full_segment,APAC + Mobile + Safari + Email + Mid-Market,0.229513,0.29607025,0.06655724999999998,0.2885773805311544,3,1,WARNING,"Review revenue_per_session drivers for full_segment = APAC + Mobile + Safari + Email + Mid-Market; check recent releases, tracking changes, campaign mix, and operational issues."
2026-05-28,revenue_per_session,residual_anomaly,region,North America,0.326901,0.41624178571428566,0.08934078571428566,0.3873617061405593,1,1,WARNING,"Review revenue_per_session drivers for region = North America; check recent releases, tracking changes, campaign mix, and operational issues."
2026-05-28,revenue_per_session,residual_anomaly,region,EMEA,0.344018,0.41875914285714283,0.07474114285714284,0.32406091332828635,2,1,WARNING,"Review revenue_per_session drivers for region = EMEA; check recent releases, tracking changes, campaign mix, and operational issues."
2026-05-28,revenue_per_session,residual_anomaly,region,APAC,0.229513,0.29607025,0.06655724999999998,0.2885773805311544,3,1,WARNING,"Review revenue_per_session drivers for region = APAC; check recent releases, tracking changes, campaign mix, and operational issues."
2026-05-28,revenue_per_session,residual_anomaly,region_device_browser,North America + Desktop + Firefox,0.326901,0.41624178571428566,0.08934078571428566,0.3873617061405593,1,1,WARNING,"Review revenue_per_session drivers for region_device_browser = North America + Desktop + Firefox; check recent releases, tracking changes, campaign mix, and operational issues."
2026-05-28,revenue_per_session,residual_anomaly,region_device_browser,EMEA + Desktop + Safari,0.344018,0.41875914285714283,0.07474114285714284,0.32406091332828635,2,1,WARNING,"Review revenue_per_session drivers for region_device_browser = EMEA + Desktop + Safari; check recent releases, tracking changes, campaign mix, and operational issues."
2026-05-28,revenue_per_session,residual_anomaly,region_device_browser,APAC + Mobile + Safari,0.229513,0.29607025,0.06655724999999998,0.2885773805311544,3,1,WARNING,"Review revenue_per_session drivers for region_device_browser = APAC + Mobile + Safari; check recent releases, tracking changes, campaign mix, and operational issues."
2026-05-29,revenue_per_session,residual_anomaly,browser,Safari,0.327142,0.4174595803571429,0.3612703214285716,0.5422962743955935,1,4,WARNING,"Review revenue_per_session drivers for browser = Safari; check recent releases, tracking changes, campaign mix, and operational issues."
2026-05-29,revenue_per_session,residual_anomaly,browser,Firefox,0.3854415,0.5012043928571429,0.23152578571428578,0.3475391239526269,2,2,WARNING,"Review revenue_per_session drivers for browser = Firefox; check recent releases, tracking changes, campaign mix, and operational issues."
2026-05-29,revenue_per_session,residual_anomaly,browser,Chrome,0.362889,0.43627914285714287,0.07339014285714285,0.11016460165177955,3,1,WARNING,"Review revenue_per_session drivers for browser = Chrome; check recent releases, tracking changes, campaign mix, and operational issues."
2026-05-29,revenue_per_session,residual_anomaly,business_segment,SMB,0.316459,0.40682739285714287,0.27110517857142863,0.4069510269409321,1,3,WARNING,"Review revenue_per_session drivers for business_segment = SMB; check recent releases, tracking changes, campaign mix, and operational issues."
2026-05-29,revenue_per_session,residual_anomaly,business_segment,Enterprise,0.4485565,0.5612343928571428,0.22535578571428577,0.33827744975866086,2,2,WARNING,"Review revenue_per_session drivers for business_segment = Enterprise; check recent releases, tracking changes, campaign mix, and operational issues."
2026-05-29,revenue_per_session,residual_anomaly,business_segment,Mid-Market,0.297925,0.38278764285714284,0.16972528571428577,0.2547715233004069,3,2,WARNING,"Review revenue_per_session drivers for business_segment = Mid-Market; check recent releases, tracking changes, campaign mix, and operational issues."
2026-05-29,revenue_per_session,residual_anomaly,channel,Paid Search,0.33168424999999996,0.4231199375,0.3657427500000001,0.5490097551548084,1,4,WARNING,"Review revenue_per_session drivers for channel = Paid Search; check recent releases, tracking changes, campaign mix, and operational issues."
2026-05-29,revenue_per_session,residual_anomaly,channel,Organic,0.4485565,0.5612343928571428,0.22535578571428577,0.33827744975866086,2,2,WARNING,"Review revenue_per_session drivers for channel = Organic; check recent releases, tracking changes, campaign mix, and operational issues."
2026-05-29,revenue_per_session,residual_anomaly,channel,Email,0.21849,0.2935777142857143,0.07508771428571429,0.11271279508653062,3,1,WARNING,"Review revenue_per_session drivers for channel = Email; check recent releases, tracking changes, campaign mix, and operational issues."
2026-05-29,revenue_per_session,residual_anomaly,device_type,Mobile,0.35486216666666665,0.4465647916666667,0.5502157500000002,0.8259188027372226,1,6,WARNING,"Review revenue_per_session drivers for device_type = Mobile; check recent releases, tracking changes, campaign mix, and operational issues."
2026-05-29,revenue_per_session,residual_anomaly,device_type,Desktop,0.313167,0.4291375,0.11597050000000003,0.1740811972627775,2,1,WARNING,"Review revenue_per_session drivers for device_type = Desktop; check recent releases, tracking changes, campaign mix, and operational issues."
2026-05-29,revenue_per_session,residual_anomaly,full_segment,EMEA + Desktop + Firefox + Paid Search + SMB,0.313167,0.4291375,0.11597050000000003,0.1740811972627775,1,1,WARNING,"Review revenue_per_session drivers for full_segment = EMEA + Desktop + Firefox + Paid Search + SMB; check recent releases, tracking changes, campaign mix, and operational issues."
2026-05-29,revenue_per_session,residual_anomaly,full_segment,APAC + Mobile + Firefox + Organic + Enterprise,0.457716,0.5732712857142858,0.11555528571428575,0.17345792668984944,2,1,WARNING,"Review revenue_per_session drivers for full_segment = APAC + Mobile + Firefox + Organic + Enterprise; check recent releases, tracking changes, campaign mix, and operational issues."
2026-05-29,revenue_per_session,residual_anomaly,full_segment,APAC + Mobile + Safari + Organic + Enterprise,0.439397,0.5491975,0.10980050000000002,0.16481952306881145,3,1,WARNING,"Review revenue_per_session drivers for full_segment = APAC + Mobile + Safari + Organic + Enterprise; check recent releases, tracking changes, campaign mix, and operational issues."
2026-05-29,revenue_per_session,residual_anomaly,full_segment,EMEA + Mobile + Safari + Paid Search + Mid-Market,0.37736,0.47199757142857146,0.09463757142857149,0.1420587282138763,4,1,WARNING,"Review revenue_per_session drivers for full_segment = EMEA + Mobile + Safari + Paid Search + Mid-Market; check recent releases, tracking changes, campaign mix, and operational issues."
2026-05-29,revenue_per_session,residual_anomaly,full_segment,APAC + Mobile + Safari + Paid Search + SMB,0.273321,0.35506553571428573,0.08174453571428575,0.1227052280263751,5,1,WARNING,"Review revenue_per_session drivers for full_segment = APAC + Mobile + Safari + Paid Search + SMB; check recent releases, tracking changes, campaign mix, and operational issues."
2026-05-29,revenue_per_session,residual_anomaly,full_segment,APAC + Mobile + Safari + Email + Mid-Market,0.21849,0.2935777142857143,0.07508771428571429,0.11271279508653062,6,1,WARNING,"Review revenue_per_session drivers for full_segment = APAC + Mobile + Safari + Email + Mid-Market; check recent releases, tracking changes, campaign mix, and operational issues."
2026-05-29,revenue_per_session,residual_anomaly,full_segment,North America + Mobile + Chrome + Paid Search + SMB,0.362889,0.43627914285714287,0.07339014285714285,0.11016460165177955,7,1,WARNING,"Review revenue_per_session drivers for full_segment = North America + Mobile + Chrome + Paid Search + SMB; check recent releases, tracking changes, campaign mix, and operational issues."
2026-05-29,revenue_per_session,residual_anomaly,region,APAC,0.34723099999999996,0.44277800892857144,0.38218803571428583,0.5736954728715666,1,4,WARNING,"Review revenue_per_session drivers for region = APAC; check recent releases, tracking changes, campaign mix, and operational issues."
2026-05-29,revenue_per_session,residual_anomaly,region,EMEA,0.34526349999999995,0.45056753571428576,0.21060807142857152,0.3161399254766538,2,2,WARNING,"Review revenue_per_session drivers for region = EMEA; check recent releases, tracking changes, campaign mix, and operational issues."
2026-05-29,revenue_per_session,residual_anomaly,region,North America,0.362889,0.43627914285714287,0.07339014285714285,0.11016460165177955,3,1,WARNING,"Review revenue_per_session drivers for region = North America; check recent releases, tracking changes, campaign mix, and operational issues."
2026-05-29,revenue_per_session,residual_anomaly,region_device_browser,APAC + Mobile + Safari,0.31040266666666666,0.39928025000000006,0.2666327500000001,0.4002375461817172,1,3,WARNING,"Review revenue_per_session drivers for region_device_browser = APAC + Mobile + Safari; check recent releases, tracking changes, campaign mix, and operational issues."
2026-05-29,revenue_per_session,residual_anomaly,region_device_browser,EMEA + Desktop + Firefox,0.313167,0.4291375,0.11597050000000003,0.1740811972627775,2,1,WARNING,"Review revenue_per_session drivers for region_device_browser = EMEA + Desktop + Firefox; check recent releases, tracking changes, campaign mix, and operational issues."
2026-05-29,revenue_per_session,residual_anomaly,region_device_browser,APAC + Mobile + Firefox,0.457716,0.5732712857142858,0.11555528571428575,0.17345792668984944,3,1,WARNING,"Review revenue_per_session drivers for region_device_browser = APAC + Mobile + Firefox; check recent releases, tracking changes, campaign mix, and operational issues."
2026-05-29,revenue_per_session,residual_anomaly,region_device_browser,EMEA + Mobile + Safari,0.37736,0.47199757142857146,0.09463757142857149,0.1420587282138763,4,1,WARNING,"Review revenue_per_session drivers for region_device_browser = EMEA + Mobile + Safari; check recent releases, tracking changes, campaign mix, and operational issues."
2026-05-29,revenue_per_session,residual_anomaly,region_device_browser,North America + Mobile + Chrome,0.362889,0.43627914285714287,0.07339014285714285,0.11016460165177955,5,1,WARNING,"Review revenue_per_session drivers for region_device_browser = North America + Mobile + Chrome; check recent releases, tracking changes, campaign mix, and operational issues."
2026-05-30,revenue_per_session,residual_anomaly,browser,Chrome,0.463955,0.5708578214285714,0.10690282142857144,0.519882208068973,1,1,WARNING,"Review revenue_per_session drivers for browser = Chrome; check recent releases, tracking changes, campaign mix, and operational issues."
2026-05-30,revenue_per_session,residual_anomaly,browser,Firefox,0.331012,0.42973810714285715,0.09872610714285718,0.480117791931027,2,1,WARNING,"Review revenue_per_session drivers for browser = Firefox; check recent releases, tracking changes, campaign mix, and operational issues."
2026-05-30,revenue_per_session,residual_anomaly,business_segment,Enterprise,0.463955,0.5708578214285714,0.10690282142857144,0.519882208068973,1,1,WARNING,"Review revenue_per_session drivers for business_segment = Enterprise; check recent releases, tracking changes, campaign mix, and operational issues."
2026-05-30,revenue_per_session,residual_anomaly,business_segment,Mid-Market,0.331012,0.42973810714285715,0.09872610714285718,0.480117791931027,2,1,WARNING,"Review revenue_per_session drivers for business_segment = Mid-Market; check recent releases, tracking changes, campaign mix, and operational issues."
2026-05-30,revenue_per_session,residual_anomaly,channel,Email,0.463955,0.5708578214285714,0.10690282142857144,0.519882208068973,1,1,WARNING,"Review revenue_per_session drivers for channel = Email; check recent releases, tracking changes, campaign mix, and operational issues."
2026-05-30,revenue_per_session,residual_anomaly,channel,Organic,0.331012,0.42973810714285715,0.09872610714285718,0.480117791931027,2,1,WARNING,"Review revenue_per_session drivers for channel = Organic; check recent releases, tracking changes, campaign mix, and operational issues."
2026-05-30,revenue_per_session,residual_anomaly,device_type,Mobile,0.463955,0.5708578214285714,0.10690282142857144,0.519882208068973,1,1,WARNING,"Review revenue_per_session drivers for device_type = Mobile; check recent releases, tracking changes, campaign mix, and operational issues."
2026-05-30,revenue_per_session,residual_anomaly,device_type,Desktop,0.331012,0.42973810714285715,0.09872610714285718,0.480117791931027,2,1,WARNING,"Review revenue_per_session drivers for device_type = Desktop; check recent releases, tracking changes, campaign mix, and operational issues."
2026-05-30,revenue_per_session,residual_anomaly,full_segment,North America + Mobile + Chrome + Email + Enterprise,0.463955,0.5708578214285714,0.10690282142857144,0.519882208068973,1,1,WARNING,"Review revenue_per_session drivers for full_segment = North America + Mobile + Chrome + Email + Enterprise; check recent releases, tracking changes, campaign mix, and operational issues."
2026-05-30,revenue_per_session,residual_anomaly,full_segment,APAC + Desktop + Firefox + Organic + Mid-Market,0.331012,0.42973810714285715,0.09872610714285718,0.480117791931027,2,1,WARNING,"Review revenue_per_session drivers for full_segment = APAC + Desktop + Firefox + Organic + Mid-Market; check recent releases, tracking changes, campaign mix, and operational issues."
2026-05-30,revenue_per_session,residual_anomaly,region,North America,0.463955,0.5708578214285714,0.10690282142857144,0.519882208068973,1,1,WARNING,"Review revenue_per_session drivers for region = North America; check recent releases, tracking changes, campaign mix, and operational issues."
2026-05-30,revenue_per_session,residual_anomaly,region,APAC,0.331012,0.42973810714285715,0.09872610714285718,0.480117791931027,2,1,WARNING,"Review revenue_per_session drivers for region = APAC; check recent releases, tracking changes, campaign mix, and operational issues."
2026-05-30,revenue_per_session,residual_anomaly,region_device_browser,North America + Mobile + Chrome,0.463955,0.5708578214285714,0.10690282142857144,0.519882208068973,1,1,WARNING,"Review revenue_per_session drivers for region_device_browser = North America + Mobile + Chrome; check recent releases, tracking changes, campaign mix, and operational issues."
2026-05-30,revenue_per_session,residual_anomaly,region_device_browser,APAC + Desktop + Firefox,0.331012,0.42973810714285715,0.09872610714285718,0.480117791931027,2,1,WARNING,"Review revenue_per_session drivers for region_device_browser = APAC + Desktop + Firefox; check recent releases, tracking changes, campaign mix, and operational issues."
2026-06-01,revenue_per_session,residual_anomaly,browser,Firefox,0.324059,0.40893148214285713,0.16974496428571423,0.6956422785075435,1,2,WARNING,"Review revenue_per_session drivers for browser = Firefox; check recent releases, tracking changes, campaign mix, and operational issues."
2026-06-01,revenue_per_session,residual_anomaly,browser,Chrome,0.315074,0.3893408928571428,0.07426689285714277,0.3043577214924566,2,1,WARNING,"Review revenue_per_session drivers for browser = Chrome; check recent releases, tracking changes, campaign mix, and operational issues."
2026-06-01,revenue_per_session,residual_anomaly,business_segment,SMB,0.3135355,0.3895516071428571,0.15203221428571417,0.6230525682885433,1,2,WARNING,"Review revenue_per_session drivers for business_segment = SMB; check recent releases, tracking changes, campaign mix, and operational issues."
2026-06-01,revenue_per_session,residual_anomaly,business_segment,Mid-Market,0.336121,0.42810064285714283,0.09197964285714283,0.3769474317114567,2,1,WARNING,"Review revenue_per_session drivers for business_segment = Mid-Market; check recent releases, tracking changes, campaign mix, and operational issues."
2026-06-01,revenue_per_session,residual_anomaly,channel,Organic,0.3255975,0.40872076785714284,0.1662465357142856,0.6813051532039134,1,2,WARNING,"Review revenue_per_session drivers for channel = Organic; check recent releases, tracking changes, campaign mix, and operational issues."
2026-06-01,revenue_per_session,residual_anomaly,channel,Paid Search,0.311997,0.3897623214285714,0.0777653214285714,0.3186948467960867,2,1,WARNING,"Review revenue_per_session drivers for channel = Paid Search; check recent releases, tracking changes, campaign mix, and operational issues."
2026-06-01,revenue_per_session,residual_anomaly,device_type,Desktop,0.3255975,0.40872076785714284,0.1662465357142856,0.6813051532039134,1,2,WARNING,"Review revenue_per_session drivers for device_type = Desktop; check recent releases, tracking changes, campaign mix, and operational issues."
2026-06-01,revenue_per_session,residual_anomaly,device_type,Mobile,0.311997,0.3897623214285714,0.0777653214285714,0.3186948467960867,2,1,WARNING,"Review revenue_per_session drivers for device_type = Mobile; check recent releases, tracking changes, campaign mix, and operational issues."
2026-06-01,revenue_per_session,residual_anomaly,full_segment,APAC + Desktop + Firefox + Organic + Mid-Market,0.336121,0.42810064285714283,0.09197964285714283,0.3769474317114567,1,1,WARNING,"Review revenue_per_session drivers for full_segment = APAC + Desktop + Firefox + Organic + Mid-Market; check recent releases, tracking changes, campaign mix, and operational issues."
2026-06-01,revenue_per_session,residual_anomaly,full_segment,EMEA + Mobile + Firefox + Paid Search + SMB,0.311997,0.3897623214285714,0.0777653214285714,0.3186948467960867,2,1,WARNING,"Review revenue_per_session drivers for full_segment = EMEA + Mobile + Firefox + Paid Search + SMB; check recent releases, tracking changes, campaign mix, and operational issues."
2026-06-01,revenue_per_session,residual_anomaly,full_segment,EMEA + Desktop + Chrome + Organic + SMB,0.315074,0.3893408928571428,0.07426689285714277,0.3043577214924566,3,1,WARNING,"Review revenue_per_session drivers for full_segment = EMEA + Desktop + Chrome + Organic + SMB; check recent releases, tracking changes, campaign mix, and operational issues."
2026-06-01,revenue_per_session,residual_anomaly,region,EMEA,0.3135355,0.3895516071428571,0.15203221428571417,0.6230525682885433,1,2,WARNING,"Review revenue_per_session drivers for region = EMEA; check recent releases, tracking changes, campaign mix, and operational issues."
2026-06-01,revenue_per_session,residual_anomaly,region,APAC,0.336121,0.42810064285714283,0.09197964285714283,0.3769474317114567,2,1,WARNING,"Review revenue_per_session drivers for region = APAC; check recent releases, tracking changes, campaign mix, and operational issues."
2026-06-01,revenue_per_session,residual_anomaly,region_device_browser,APAC + Desktop + Firefox,0.336121,0.42810064285714283,0.09197964285714283,0.3769474317114567,1,1,WARNING,"Review revenue_per_session drivers for region_device_browser = APAC + Desktop + Firefox; check recent releases, tracking changes, campaign mix, and operational issues."
2026-06-01,revenue_per_session,residual_anomaly,region_device_browser,EMEA + Mobile + Firefox,0.311997,0.3897623214285714,0.0777653214285714,0.3186948467960867,2,1,WARNING,"Review revenue_per_session drivers for region_device_browser = EMEA + Mobile + Firefox; check recent releases, tracking changes, campaign mix, and operational issues."
2026-06-01,revenue_per_session,residual_anomaly,region_device_browser,EMEA + Desktop + Chrome,0.315074,0.3893408928571428,0.07426689285714277,0.3043577214924566,3,1,WARNING,"Review revenue_per_session drivers for region_device_browser = EMEA + Desktop + Chrome; check recent releases, tracking changes, campaign mix, and operational issues."
2026-06-02,revenue_per_session,residual_anomaly,browser,Firefox,0.306712,0.38071123214285707,0.14799846428571417,0.6984342371161646,1,2,WARNING,"Review revenue_per_session drivers for browser = Firefox; check recent releases, tracking changes, campaign mix, and operational issues."
2026-06-02,revenue_per_session,residual_anomaly,browser,Chrome,0.26924,0.33314189285714285,0.06390189285714287,0.30156576288383546,2,1,WARNING,"Review revenue_per_session drivers for browser = Chrome; check recent releases, tracking changes, campaign mix, and operational issues."
2026-06-02,revenue_per_session,residual_anomaly,business_segment,Mid-Market,0.2625615,0.3319013392857143,0.13867967857142854,0.6544570308483942,1,2,WARNING,"Review revenue_per_session drivers for business_segment = Mid-Market; check recent releases, tracking changes, campaign mix, and operational issues."
2026-06-02,revenue_per_session,residual_anomaly,business_segment,SMB,0.357541,0.4307616785714285,0.0732206785714285,0.34554296915160576,2,1,WARNING,"Review revenue_per_session drivers for business_segment = SMB; check recent releases, tracking changes, campaign mix, and operational issues."
2026-06-02,revenue_per_session,residual_anomaly,channel,Email,0.2625615,0.3319013392857143,0.13867967857142854,0.6544570308483942,1,2,WARNING,"Review revenue_per_session drivers for channel = Email; check recent releases, tracking changes, campaign mix, and operational issues."
2026-06-02,revenue_per_session,residual_anomaly,channel,Paid Search,0.357541,0.4307616785714285,0.0732206785714285,0.34554296915160576,2,1,WARNING,"Review revenue_per_session drivers for channel = Paid Search; check recent releases, tracking changes, campaign mix, and operational issues."
2026-06-02,revenue_per_session,residual_anomaly,device_type,Mobile,0.2625615,0.3319013392857143,0.13867967857142854,0.6544570308483942,1,2,WARNING,"Review revenue_per_session drivers for device_type = Mobile; check recent releases, tracking changes, campaign mix, and operational issues."
2026-06-02,revenue_per_session,residual_anomaly,device_type,Desktop,0.357541,0.4307616785714285,0.0732206785714285,0.34554296915160576,2,1,WARNING,"Review revenue_per_session drivers for device_type = Desktop; check recent releases, tracking changes, campaign mix, and operational issues."
2026-06-02,revenue_per_session,residual_anomaly,full_segment,EMEA + Mobile + Firefox + Email + Mid-Market,0.255883,0.3306607857142857,0.07477778571428567,0.3528912679645588,1,1,WARNING,"Review revenue_per_session drivers for full_segment = EMEA + Mobile + Firefox + Email + Mid-Market; check recent releases, tracking changes, campaign mix, and operational issues."
2026-06-02,revenue_per_session,residual_anomaly,full_segment,EMEA + Desktop + Firefox + Paid Search + SMB,0.357541,0.4307616785714285,0.0732206785714285,0.34554296915160576,2,1,WARNING,"Review revenue_per_session drivers for full_segment = EMEA + Desktop + Firefox + Paid Search + SMB; check recent releases, tracking changes, campaign mix, and operational issues."
2026-06-02,revenue_per_session,residual_anomaly,full_segment,APAC + Mobile + Chrome + Email + Mid-Market,0.26924,0.33314189285714285,0.06390189285714287,0.30156576288383546,3,1,WARNING,"Review revenue_per_session drivers for full_segment = APAC + Mobile + Chrome + Email + Mid-Market; check recent releases, tracking changes, campaign mix, and operational issues."
2026-06-02,revenue_per_session,residual_anomaly,region,EMEA,0.306712,0.38071123214285707,0.14799846428571417,0.6984342371161646,1,2,WARNING,"Review revenue_per_session drivers for region = EMEA; check recent releases, tracking changes, campaign mix, and operational issues."
2026-06-02,revenue_per_session,residual_anomaly,region,APAC,0.26924,0.33314189285714285,0.06390189285714287,0.30156576288383546,2,1,WARNING,"Review revenue_per_session drivers for region = APAC; check recent releases, tracking changes, campaign mix, and operational issues."
2026-06-02,revenue_per_session,residual_anomaly,region_device_browser,EMEA + Mobile + Firefox,0.255883,0.3306607857142857,0.07477778571428567,0.3528912679645588,1,1,WARNING,"Review revenue_per_session drivers for region_device_browser = EMEA + Mobile + Firefox; check recent releases, tracking changes, campaign mix, and operational issues."
2026-06-02,revenue_per_session,residual_anomaly,region_device_browser,EMEA + Desktop + Firefox,0.357541,0.4307616785714285,0.0732206785714285,0.34554296915160576,2,1,WARNING,"Review revenue_per_session drivers for region_device_browser = EMEA + Desktop + Firefox; check recent releases, tracking changes, campaign mix, and operational issues."
2026-06-02,revenue_per_session,residual_anomaly,region_device_browser,APAC + Mobile + Chrome,0.26924,0.33314189285714285,0.06390189285714287,0.30156576288383546,3,1,WARNING,"Review revenue_per_session drivers for region_device_browser = APAC + Mobile + Chrome; check recent releases, tracking changes, campaign mix, and operational issues."
2026-06-03,revenue_per_session,residual_anomaly,browser,Safari,0.31275200000000003,0.38910851785714284,0.15271303571428574,1.0,1,2,WARNING,"Review revenue_per_session drivers for browser = Safari; check recent releases, tracking changes, campaign mix, and operational issues."
2026-06-03,revenue_per_session,residual_anomaly,business_segment,Mid-Market,0.324355,0.4012304642857143,0.07687546428571429,0.503398180293805,1,1,WARNING,"Review revenue_per_session drivers for business_segment = Mid-Market; check recent releases, tracking changes, campaign mix, and operational issues."
2026-06-03,revenue_per_session,residual_anomaly,business_segment,SMB,0.301149,0.37698657142857145,0.07583757142857145,0.49660181970619505,2,1,WARNING,"Review revenue_per_session drivers for business_segment = SMB; check recent releases, tracking changes, campaign mix, and operational issues."
2026-06-03,revenue_per_session,residual_anomaly,channel,Email,0.324355,0.4012304642857143,0.07687546428571429,0.503398180293805,1,1,WARNING,"Review revenue_per_session drivers for channel = Email; check recent releases, tracking changes, campaign mix, and operational issues."
2026-06-03,revenue_per_session,residual_anomaly,channel,Paid Search,0.301149,0.37698657142857145,0.07583757142857145,0.49660181970619505,2,1,WARNING,"Review revenue_per_session drivers for channel = Paid Search; check recent releases, tracking changes, campaign mix, and operational issues."
2026-06-03,revenue_per_session,residual_anomaly,device_type,Desktop,0.324355,0.4012304642857143,0.07687546428571429,0.503398180293805,1,1,WARNING,"Review revenue_per_session drivers for device_type = Desktop; check recent releases, tracking changes, campaign mix, and operational issues."
2026-06-03,revenue_per_session,residual_anomaly,device_type,Mobile,0.301149,0.37698657142857145,0.07583757142857145,0.49660181970619505,2,1,WARNING,"Review revenue_per_session drivers for device_type = Mobile; check recent releases, tracking changes, campaign mix, and operational issues."
2026-06-03,revenue_per_session,residual_anomaly,full_segment,North America + Desktop + Safari + Email + Mid-Market,0.324355,0.4012304642857143,0.07687546428571429,0.503398180293805,1,1,WARNING,"Review revenue_per_session drivers for full_segment = North America + Desktop + Safari + Email + Mid-Market; check recent releases, tracking changes, campaign mix, and operational issues."
2026-06-03,revenue_per_session,residual_anomaly,full_segment,EMEA + Mobile + Safari + Paid Search + SMB,0.301149,0.37698657142857145,0.07583757142857145,0.49660181970619505,2,1,WARNING,"Review revenue_per_session drivers for full_segment = EMEA + Mobile + Safari + Paid Search + SMB; check recent releases, tracking changes, campaign mix, and operational issues."
2026-06-03,revenue_per_session,residual_anomaly,region,North America,0.324355,0.4012304642857143,0.07687546428571429,0.503398180293805,1,1,WARNING,"Review revenue_per_session drivers for region = North America; check recent releases, tracking changes, campaign mix, and operational issues."
2026-06-03,revenue_per_session,residual_anomaly,region,EMEA,0.301149,0.37698657142857145,0.07583757142857145,0.49660181970619505,2,1,WARNING,"Review revenue_per_session drivers for region = EMEA; check recent releases, tracking changes, campaign mix, and operational issues."
2026-06-03,revenue_per_session,residual_anomaly,region_device_browser,North America + Desktop + Safari,0.324355,0.4012304642857143,0.07687546428571429,0.503398180293805,1,1,WARNING,"Review revenue_per_session drivers for region_device_browser = North America + Desktop + Safari; check recent releases, tracking changes, campaign mix, and operational issues."
2026-06-03,revenue_per_session,residual_anomaly,region_device_browser,EMEA + Mobile + Safari,0.301149,0.37698657142857145,0.07583757142857145,0.49660181970619505,2,1,WARNING,"Review revenue_per_session drivers for region_device_browser = EMEA + Mobile + Safari; check recent releases, tracking changes, campaign mix, and operational issues."
2026-06-04,revenue_per_session,residual_anomaly,browser,Safari,0.212461,0.2770900357142857,0.1292580714285714,0.5582515893135197,1,2,WARNING,"Review revenue_per_session drivers for browser = Safari; check recent releases, tracking changes, campaign mix, and operational issues."
2026-06-04,revenue_per_session,residual_anomaly,browser,Firefox,0.440485,0.5427678214285715,0.10228282142857148,0.44174841068648024,2,1,WARNING,"Review revenue_per_session drivers for browser = Firefox; check recent releases, tracking changes, campaign mix, and operational issues."
2026-06-04,revenue_per_session,residual_anomaly,business_segment,Mid-Market,0.330589,0.4161384285714286,0.17109885714285714,0.7389574041610977,1,2,WARNING,"Review revenue_per_session drivers for business_segment = Mid-Market; check recent releases, tracking changes, campaign mix, and operational issues."
2026-06-04,revenue_per_session,residual_anomaly,business_segment,SMB,0.204229,0.26467103571428574,0.06044203571428575,0.2610425958389024,2,1,WARNING,"Review revenue_per_session drivers for business_segment = SMB; check recent releases, tracking changes, campaign mix, and operational issues."
2026-06-04,revenue_per_session,residual_anomaly,channel,Email,0.212461,0.2770900357142857,0.1292580714285714,0.5582515893135197,1,2,WARNING,"Review revenue_per_session drivers for channel = Email; check recent releases, tracking changes, campaign mix, and operational issues."
2026-06-04,revenue_per_session,residual_anomaly,channel,Paid Search,0.440485,0.5427678214285715,0.10228282142857148,0.44174841068648024,2,1,WARNING,"Review revenue_per_session drivers for channel = Paid Search; check recent releases, tracking changes, campaign mix, and operational issues."
2026-06-04,revenue_per_session,residual_anomaly,device_type,Mobile,0.212461,0.2770900357142857,0.1292580714285714,0.5582515893135197,1,2,WARNING,"Review revenue_per_session drivers for device_type = Mobile; check recent releases, tracking changes, campaign mix, and operational issues."
2026-06-04,revenue_per_session,residual_anomaly,device_type,Desktop,0.440485,0.5427678214285715,0.10228282142857148,0.44174841068648024,2,1,WARNING,"Review revenue_per_session drivers for device_type = Desktop; check recent releases, tracking changes, campaign mix, and operational issues."
2026-06-04,revenue_per_session,residual_anomaly,full_segment,EMEA + Desktop + Firefox + Paid Search + Mid-Market,0.440485,0.5427678214285715,0.10228282142857148,0.44174841068648024,1,1,WARNING,"Review revenue_per_session drivers for full_segment = EMEA + Desktop + Firefox + Paid Search + Mid-Market; check recent releases, tracking changes, campaign mix, and operational issues."
2026-06-04,revenue_per_session,residual_anomaly,full_segment,APAC + Mobile + Safari + Email + Mid-Market,0.220693,0.28950903571428566,0.06881603571428566,0.2972089934746174,2,1,WARNING,"Review revenue_per_session drivers for full_segment = APAC + Mobile + Safari + Email + Mid-Market; check recent releases, tracking changes, campaign mix, and operational issues."
2026-06-04,revenue_per_session,residual_anomaly,full_segment,North America + Mobile + Safari + Email + SMB,0.204229,0.26467103571428574,0.06044203571428575,0.2610425958389024,3,1,WARNING,"Review revenue_per_session drivers for full_segment = North America + Mobile + Safari + Email + SMB; check recent releases, tracking changes, campaign mix, and operational issues."
2026-06-04,revenue_per_session,residual_anomaly,region,EMEA,0.440485,0.5427678214285715,0.10228282142857148,0.44174841068648024,1,1,WARNING,"Review revenue_per_session drivers for region = EMEA; check recent releases, tracking changes, campaign mix, and operational issues."
2026-06-04,revenue_per_session,residual_anomaly,region,APAC,0.220693,0.28950903571428566,0.06881603571428566,0.2972089934746174,2,1,WARNING,"Review revenue_per_session drivers for region = APAC; check recent releases, tracking changes, campaign mix, and operational issues."
2026-06-04,revenue_per_session,residual_anomaly,region,North America,0.204229,0.26467103571428574,0.06044203571428575,0.2610425958389024,3,1,WARNING,"Review revenue_per_session drivers for region = North America; check recent releases, tracking changes, campaign mix, and operational issues."
2026-06-04,revenue_per_session,residual_anomaly,region_device_browser,EMEA + Desktop + Firefox,0.440485,0.5427678214285715,0.10228282142857148,0.44174841068648024,1,1,WARNING,"Review revenue_per_session drivers for region_device_browser = EMEA + Desktop + Firefox; check recent releases, tracking changes, campaign mix, and operational issues."
2026-06-04,revenue_per_session,residual_anomaly,region_device_browser,APAC + Mobile + Safari,0.220693,0.28950903571428566,0.06881603571428566,0.2972089934746174,2,1,WARNING,"Review revenue_per_session drivers for region_device_browser = APAC + Mobile + Safari; check recent releases, tracking changes, campaign mix, and operational issues."
2026-06-04,revenue_per_session,residual_anomaly,region_device_browser,North America + Mobile + Safari,0.204229,0.26467103571428574,0.06044203571428575,0.2610425958389024,3,1,WARNING,"Review revenue_per_session drivers for region_device_browser = North America + Mobile + Safari; check recent releases, tracking changes, campaign mix, and operational issues."
2026-06-05,conversion_rate,residual_anomaly,browser,Safari,0.051283111111111106,0.09239814682539682,0.37003532142857143,1.0,1,9,CRITICAL,"Review conversion_rate drivers for browser = Safari; check recent releases, tracking changes, campaign mix, and operational issues."
2026-06-05,conversion_rate,residual_anomaly,business_segment,Enterprise,0.06057866666666667,0.1089997380952381,0.14526321428571426,0.39256580621791987,1,3,CRITICAL,"Review conversion_rate drivers for business_segment = Enterprise; check recent releases, tracking changes, campaign mix, and operational issues."
2026-06-05,conversion_rate,residual_anomaly,business_segment,Mid-Market,0.05111366666666667,0.08881604761904761,0.11310714285714285,0.3056658008226821,2,3,CRITICAL,"Review conversion_rate drivers for business_segment = Mid-Market; check recent releases, tracking changes, campaign mix, and operational issues."
2026-06-05,conversion_rate,residual_anomaly,business_segment,SMB,0.042157,0.07937865476190477,0.11166496428571429,0.301768392959398,3,3,CRITICAL,"Review conversion_rate drivers for business_segment = SMB; check recent releases, tracking changes, campaign mix, and operational issues."
2026-06-05,conversion_rate,residual_anomaly,channel,Email,0.048934,0.09274450000000001,0.13143149999999998,0.35518636300067485,1,3,CRITICAL,"Review conversion_rate drivers for channel = Email; check recent releases, tracking changes, campaign mix, and operational issues."
2026-06-05,conversion_rate,residual_anomaly,channel,Paid Search,0.051332333333333334,0.09191492857142856,0.12174778571428568,0.3290166604751727,2,3,CRITICAL,"Review conversion_rate drivers for channel = Paid Search; check recent releases, tracking changes, campaign mix, and operational issues."
2026-06-05,conversion_rate,residual_anomaly,channel,Organic,0.05358299999999999,0.09253501190476192,0.11685603571428572,0.3157969765241523,3,3,CRITICAL,"Review conversion_rate drivers for channel = Organic; check recent releases, tracking changes, campaign mix, and operational issues."
2026-06-05,conversion_rate,residual_anomaly,device_type,Mobile,0.051283111111111106,0.09239814682539682,0.37003532142857143,1.0,1,9,CRITICAL,"Review conversion_rate drivers for device_type = Mobile; check recent releases, tracking changes, campaign mix, and operational issues."
2026-06-05,conversion_rate,residual_anomaly,full_segment,APAC + Mobile + Safari + Paid Search + Enterprise,0.056818,0.1085705357142857,0.051752535714285695,0.13985836680262853,1,1,CRITICAL,"Review conversion_rate drivers for full_segment = APAC + Mobile + Safari + Paid Search + Enterprise; check recent releases, tracking changes, campaign mix, and operational issues."
2026-06-05,conversion_rate,residual_anomaly,full_segment,APAC + Mobile + Safari + Email + SMB,0.030303,0.0800507142857143,0.0497477142857143,0.1344404477217378,2,1,CRITICAL,"Review conversion_rate drivers for full_segment = APAC + Mobile + Safari + Email + SMB; check recent releases, tracking changes, campaign mix, and operational issues."
2026-06-05,conversion_rate,residual_anomaly,full_segment,APAC + Mobile + Safari + Organic + Enterprise,0.059701,0.10884632142857142,0.04914532142857143,0.13281251432657634,3,1,CRITICAL,"Review conversion_rate drivers for full_segment = APAC + Mobile + Safari + Organic + Enterprise; check recent releases, tracking changes, campaign mix, and operational issues."
2026-06-05,conversion_rate,residual_anomaly,full_segment,APAC + Mobile + Safari + Email + Enterprise,0.065217,0.10958235714285713,0.04436535714285714,0.11989492508871497,4,1,CRITICAL,"Review conversion_rate drivers for full_segment = APAC + Mobile + Safari + Email + Enterprise; check recent releases, tracking changes, campaign mix, and operational issues."
2026-06-05,conversion_rate,residual_anomaly,full_segment,APAC + Mobile + Safari + Paid Search + Mid-Market,0.045455,0.08915642857142857,0.043701428571428565,0.11810069482749183,5,1,CRITICAL,"Review conversion_rate drivers for full_segment = APAC + Mobile + Safari + Paid Search + Mid-Market; check recent releases, tracking changes, campaign mix, and operational issues."
2026-06-05,conversion_rate,residual_anomaly,full_segment,APAC + Mobile + Safari + Email + Mid-Market,0.051282,0.08860042857142857,0.037318428571428565,0.10085099019022217,6,1,CRITICAL,"Review conversion_rate drivers for full_segment = APAC + Mobile + Safari + Email + Mid-Market; check recent releases, tracking changes, campaign mix, and operational issues."
2026-06-05,conversion_rate,residual_anomaly,full_segment,APAC + Mobile + Safari + Organic + SMB,0.044444,0.08006742857142857,0.03562342857142857,0.09627034639260788,7,1,CRITICAL,"Review conversion_rate drivers for full_segment = APAC + Mobile + Safari + Organic + SMB; check recent releases, tracking changes, campaign mix, and operational issues."
2026-06-05,conversion_rate,residual_anomaly,full_segment,APAC + Mobile + Safari + Organic + Mid-Market,0.056604,0.08869128571428572,0.03208728571428572,0.08671411580496806,8,1,WARNING,"Review conversion_rate drivers for full_segment = APAC + Mobile + Safari + Organic + Mid-Market; check recent releases, tracking changes, campaign mix, and operational issues."
2026-06-05,conversion_rate,residual_anomaly,full_segment,APAC + Mobile + Safari + Paid Search + SMB,0.051724,0.07801782142857143,0.02629382142857143,0.07105759884505235,9,1,WARNING,"Review conversion_rate drivers for full_segment = APAC + Mobile + Safari + Paid Search + SMB; check recent releases, tracking changes, campaign mix, and operational issues."
2026-06-05,conversion_rate,residual_anomaly,region,APAC,0.051283111111111106,0.09239814682539682,0.37003532142857143,1.0,1,9,CRITICAL,"Review conversion_rate drivers for region = APAC; check recent releases, tracking changes, campaign mix, and operational issues."
2026-06-05,conversion_rate,residual_anomaly,region_device_browser,APAC + Mobile + Safari,0.051283111111111106,0.09239814682539682,0.37003532142857143,1.0,1,9,CRITICAL,"Review conversion_rate drivers for region_device_browser = APAC + Mobile + Safari; check recent releases, tracking changes, campaign mix, and operational issues."
2026-06-05,revenue_per_session,residual_anomaly,browser,Firefox,0.30814425,0.3937668392857143,0.34249035714285725,0.4997164198828327,1,4,WARNING,"Review revenue_per_session drivers for browser = Firefox; check recent releases, tracking changes, campaign mix, and operational issues."
2026-06-05,revenue_per_session,residual_anomaly,browser,Safari,0.34823933333333335,0.4301667380952381,0.2457822142857144,0.3586127481612628,2,3,WARNING,"Review revenue_per_session drivers for browser = Safari; check recent releases, tracking changes, campaign mix, and operational issues."
2026-06-05,revenue_per_session,residual_anomaly,browser,Chrome,0.302654,0.3997508571428572,0.0970968571428572,0.14167083195590455,3,1,WARNING,"Review revenue_per_session drivers for browser = Chrome; check recent releases, tracking changes, campaign mix, and operational issues."
2026-06-05,revenue_per_session,residual_anomaly,business_segment,Mid-Market,0.3340286666666667,0.42609914285714295,0.2762114285714287,0.4030110142892697,1,3,WARNING,"Review revenue_per_session drivers for business_segment = Mid-Market; check recent releases, tracking changes, campaign mix, and operational issues."
2026-06-05,revenue_per_session,residual_anomaly,business_segment,Enterprise,0.4201315,0.5242382142857143,0.20821342857142866,0.3037973680930368,2,2,WARNING,"Review revenue_per_session drivers for business_segment = Enterprise; check recent releases, tracking changes, campaign mix, and operational issues."
2026-06-05,revenue_per_session,residual_anomaly,business_segment,SMB,0.24586666666666668,0.3128481904761905,0.20094457142857147,0.2931916176176935,3,3,WARNING,"Review revenue_per_session drivers for business_segment = SMB; check recent releases, tracking changes, campaign mix, and operational issues."
2026-06-05,revenue_per_session,residual_anomaly,channel,Email,0.2724294,0.35563495714285714,0.4160277857142858,0.607012464185113,1,5,WARNING,"Review revenue_per_session drivers for channel = Email; check recent releases, tracking changes, campaign mix, and operational issues."
2026-06-05,revenue_per_session,residual_anomaly,channel,Paid Search,0.3840725,0.46965848214285716,0.17117196428571435,0.24975138538423283,2,2,WARNING,"Review revenue_per_session drivers for channel = Paid Search; check recent releases, tracking changes, campaign mix, and operational issues."
2026-06-05,revenue_per_session,residual_anomaly,channel,Organic,0.449657,0.5478266785714286,0.09816967857142866,0.14323615043065419,3,1,WARNING,"Review revenue_per_session drivers for channel = Organic; check recent releases, tracking changes, campaign mix, and operational issues."
2026-06-05,revenue_per_session,residual_anomaly,device_type,Desktop,0.2815598,0.36302400714285715,0.4073210357142859,0.5943087315162251,1,5,WARNING,"Review revenue_per_session drivers for device_type = Desktop; check recent releases, tracking changes, campaign mix, and operational issues."
2026-06-05,revenue_per_session,residual_anomaly,device_type,Mobile,0.39071666666666666,0.48339946428571423,0.27804839285714295,0.40569126848377496,2,3,WARNING,"Review revenue_per_session drivers for device_type = Mobile; check recent releases, tracking changes, campaign mix, and operational issues."
2026-06-05,revenue_per_session,residual_anomaly,full_segment,APAC + Mobile + Firefox + Email + Enterprise,0.390606,0.50064975,0.11004375,0.16056121766238265,1,1,WARNING,"Review revenue_per_session drivers for full_segment = APAC + Mobile + Firefox + Email + Enterprise; check recent releases, tracking changes, campaign mix, and operational issues."
2026-06-05,revenue_per_session,residual_anomaly,full_segment,EMEA + Desktop + Firefox + Paid Search + Mid-Market,0.436258,0.537595,0.10133700000000007,0.1478574849934947,2,1,WARNING,"Review revenue_per_session drivers for full_segment = EMEA + Desktop + Firefox + Paid Search + Mid-Market; check recent releases, tracking changes, campaign mix, and operational issues."
2026-06-05,revenue_per_session,residual_anomaly,full_segment,APAC + Mobile + Safari + Organic + Enterprise,0.449657,0.5478266785714286,0.09816967857142866,0.14323615043065419,3,1,WARNING,"Review revenue_per_session drivers for full_segment = APAC + Mobile + Safari + Organic + Enterprise; check recent releases, tracking changes, campaign mix, and operational issues."
2026-06-05,revenue_per_session,residual_anomaly,full_segment,EMEA + Desktop + Chrome + Email + Mid-Market,0.302654,0.3997508571428572,0.0970968571428572,0.14167083195590455,4,1,WARNING,"Review revenue_per_session drivers for full_segment = EMEA + Desktop + Chrome + Email + Mid-Market; check recent releases, tracking changes, campaign mix, and operational issues."
2026-06-05,revenue_per_session,residual_anomaly,full_segment,APAC + Desktop + Safari + Email + Mid-Market,0.263174,0.34095157142857146,0.07777757142857145,0.1134826973398705,5,1,WARNING,"Review revenue_per_session drivers for full_segment = APAC + Desktop + Safari + Email + Mid-Market; check recent releases, tracking changes, campaign mix, and operational issues."
2026-06-05,revenue_per_session,residual_anomaly,full_segment,North America + Mobile + Safari + Paid Search + SMB,0.331887,0.4017219642857143,0.06983496428571428,0.10189390039073815,6,1,WARNING,"Review revenue_per_session drivers for full_segment = North America + Mobile + Safari + Paid Search + SMB; check recent releases, tracking changes, campaign mix, and operational issues."
2026-06-05,revenue_per_session,residual_anomaly,full_segment,EMEA + Desktop + Firefox + Email + SMB,0.203626,0.27274928571428575,0.06912328571428575,0.100855513585374,7,1,WARNING,"Review revenue_per_session drivers for full_segment = EMEA + Desktop + Firefox + Email + SMB; check recent releases, tracking changes, campaign mix, and operational issues."
2026-06-05,revenue_per_session,residual_anomaly,full_segment,APAC + Desktop + Firefox + Email + SMB,0.202087,0.26407332142857143,0.06198632142857144,0.0904422036415814,8,1,WARNING,"Review revenue_per_session drivers for full_segment = APAC + Desktop + Firefox + Email + SMB; check recent releases, tracking changes, campaign mix, and operational issues."
2026-06-05,revenue_per_session,residual_anomaly,region,APAC,0.32638100000000003,0.4133753303571429,0.3479773214285715,0.5077222690744887,1,4,WARNING,"Review revenue_per_session drivers for region = APAC; check recent releases, tracking changes, campaign mix, and operational issues."
2026-06-05,revenue_per_session,residual_anomaly,region,EMEA,0.3141793333333333,0.4033650476190476,0.26755714285714305,0.39038383053477327,2,3,WARNING,"Review revenue_per_session drivers for region = EMEA; check recent releases, tracking changes, campaign mix, and operational issues."
2026-06-05,revenue_per_session,residual_anomaly,region,North America,0.331887,0.4017219642857143,0.06983496428571428,0.10189390039073815,3,1,WARNING,"Review revenue_per_session drivers for region = North America; check recent releases, tracking changes, campaign mix, and operational issues."
2026-06-05,revenue_per_session,residual_anomaly,region_device_browser,EMEA + Desktop + Firefox,0.319942,0.40517214285714287,0.17046028571428581,0.2487129985788687,1,2,WARNING,"Review revenue_per_session drivers for region_device_browser = EMEA + Desktop + Firefox; check recent releases, tracking changes, campaign mix, and operational issues."
2026-06-05,revenue_per_session,residual_anomaly,region_device_browser,APAC + Mobile + Firefox,0.390606,0.50064975,0.11004375,0.16056121766238265,2,1,WARNING,"Review revenue_per_session drivers for region_device_browser = APAC + Mobile + Firefox; check recent releases, tracking changes, campaign mix, and operational issues."
2026-06-05,revenue_per_session,residual_anomaly,region_device_browser,APAC + Mobile + Safari,0.449657,0.5478266785714286,0.09816967857142866,0.14323615043065419,3,1,WARNING,"Review revenue_per_session drivers for region_device_browser = APAC + Mobile + Safari; check recent releases, tracking changes, campaign mix, and operational issues."
2026-06-05,revenue_per_session,residual_anomaly,region_device_browser,EMEA + Desktop + Chrome,0.302654,0.3997508571428572,0.0970968571428572,0.14167083195590455,4,1,WARNING,"Review revenue_per_session drivers for region_device_browser = EMEA + Desktop + Chrome; check recent releases, tracking changes, campaign mix, and operational issues."
2026-06-05,revenue_per_session,residual_anomaly,region_device_browser,APAC + Desktop + Safari,0.263174,0.34095157142857146,0.07777757142857145,0.1134826973398705,5,1,WARNING,"Review revenue_per_session drivers for region_device_browser = APAC + Desktop + Safari; check recent releases, tracking changes, campaign mix, and operational issues."
2026-06-05,revenue_per_session,residual_anomaly,region_device_browser,North America + Mobile + Safari,0.331887,0.4017219642857143,0.06983496428571428,0.10189390039073815,6,1,WARNING,"Review revenue_per_session drivers for region_device_browser = North America + Mobile + Safari; check recent releases, tracking changes, campaign mix, and operational issues."
2026-06-05,revenue_per_session,residual_anomaly,region_device_browser,APAC + Desktop + Firefox,0.202087,0.26407332142857143,0.06198632142857144,0.0904422036415814,7,1,WARNING,"Review revenue_per_session drivers for region_device_browser = APAC + Desktop + Firefox; check recent releases, tracking changes, campaign mix, and operational issues."
2026-06-06,conversion_rate,residual_anomaly,browser,Safari,0.04933155555555556,0.09100612301587302,0.3750711071428572,1.0,1,9,CRITICAL,"Review conversion_rate drivers for browser = Safari; check recent releases, tracking changes, campaign mix, and operational issues."
2026-06-06,conversion_rate,residual_anomaly,business_segment,Enterprise,0.05868,0.10746973809523809,0.14636921428571428,0.39024390708390433,1,3,CRITICAL,"Review conversion_rate drivers for business_segment = Enterprise; check recent releases, tracking changes, campaign mix, and operational issues."
2026-06-06,conversion_rate,residual_anomaly,business_segment,SMB,0.03920933333333334,0.07805186904761906,0.11652760714285713,0.3106813746079195,2,3,CRITICAL,"Review conversion_rate drivers for business_segment = SMB; check recent releases, tracking changes, campaign mix, and operational issues."
2026-06-06,conversion_rate,residual_anomaly,business_segment,Mid-Market,0.050105333333333335,0.08749676190476191,0.11217428571428573,0.29907471830817606,3,3,CRITICAL,"Review conversion_rate drivers for business_segment = Mid-Market; check recent releases, tracking changes, campaign mix, and operational issues."
2026-06-06,conversion_rate,residual_anomaly,channel,Email,0.04447600000000001,0.09139385714285714,0.14075357142857145,0.37527169848079284,1,3,CRITICAL,"Review conversion_rate drivers for channel = Email; check recent releases, tracking changes, campaign mix, and operational issues."
2026-06-06,conversion_rate,residual_anomaly,channel,Organic,0.05119866666666667,0.09109252380952382,0.11968157142857143,0.31909035153429477,2,3,CRITICAL,"Review conversion_rate drivers for channel = Organic; check recent releases, tracking changes, campaign mix, and operational issues."
2026-06-06,conversion_rate,residual_anomaly,channel,Paid Search,0.05232,0.0905319880952381,0.11463596428571429,0.3056379499849124,3,3,CRITICAL,"Review conversion_rate drivers for channel = Paid Search; check recent releases, tracking changes, campaign mix, and operational issues."
2026-06-06,conversion_rate,residual_anomaly,device_type,Mobile,0.04933155555555556,0.09100612301587302,0.3750711071428572,1.0,1,9,CRITICAL,"Review conversion_rate drivers for device_type = Mobile; check recent releases, tracking changes, campaign mix, and operational issues."
2026-06-06,conversion_rate,residual_anomaly,full_segment,APAC + Mobile + Safari + Email + Enterprise,0.057692,0.10834010714285713,0.050648107142857134,0.13503601364731693,1,1,CRITICAL,"Review conversion_rate drivers for full_segment = APAC + Mobile + Safari + Email + Enterprise; check recent releases, tracking changes, campaign mix, and operational issues."
2026-06-06,conversion_rate,residual_anomaly,full_segment,APAC + Mobile + Safari + Organic + Enterprise,0.058824,0.10713235714285714,0.04830835714285714,0.12879786318613295,2,1,CRITICAL,"Review conversion_rate drivers for full_segment = APAC + Mobile + Safari + Organic + Enterprise; check recent releases, tracking changes, campaign mix, and operational issues."
2026-06-06,conversion_rate,residual_anomaly,full_segment,APAC + Mobile + Safari + Paid Search + Enterprise,0.059524,0.10693675000000001,0.04741275000000001,0.1264100302504544,3,1,CRITICAL,"Review conversion_rate drivers for full_segment = APAC + Mobile + Safari + Paid Search + Enterprise; check recent releases, tracking changes, campaign mix, and operational issues."
2026-06-06,conversion_rate,residual_anomaly,full_segment,APAC + Mobile + Safari + Email + SMB,0.032258,0.0783857142857143,0.04612771428571429,0.12298391800183413,4,1,CRITICAL,"Review conversion_rate drivers for full_segment = APAC + Mobile + Safari + Email + SMB; check recent releases, tracking changes, campaign mix, and operational issues."
2026-06-06,conversion_rate,residual_anomaly,full_segment,APAC + Mobile + Safari + Email + Mid-Market,0.043478,0.08745575000000001,0.04397775000000001,0.11725176683164175,5,1,CRITICAL,"Review conversion_rate drivers for full_segment = APAC + Mobile + Safari + Email + Mid-Market; check recent releases, tracking changes, campaign mix, and operational issues."
2026-06-06,conversion_rate,residual_anomaly,full_segment,APAC + Mobile + Safari + Organic + SMB,0.039216,0.07873925,0.039523249999999996,0.10537535215941432,6,1,CRITICAL,"Review conversion_rate drivers for full_segment = APAC + Mobile + Safari + Organic + SMB; check recent releases, tracking changes, campaign mix, and operational issues."
2026-06-06,conversion_rate,residual_anomaly,full_segment,APAC + Mobile + Safari + Paid Search + Mid-Market,0.051282,0.08762857142857143,0.03634657142857143,0.09690581528778686,7,1,CRITICAL,"Review conversion_rate drivers for full_segment = APAC + Mobile + Safari + Paid Search + Mid-Market; check recent releases, tracking changes, campaign mix, and operational issues."
2026-06-06,conversion_rate,residual_anomaly,full_segment,APAC + Mobile + Safari + Organic + Mid-Market,0.055556,0.0874059642857143,0.0318499642857143,0.08491713618874748,8,1,WARNING,"Review conversion_rate drivers for full_segment = APAC + Mobile + Safari + Organic + Mid-Market; check recent releases, tracking changes, campaign mix, and operational issues."
2026-06-06,conversion_rate,residual_anomaly,full_segment,APAC + Mobile + Safari + Paid Search + SMB,0.046154,0.07703064285714285,0.030876642857142853,0.0823221044466711,9,1,CRITICAL,"Review conversion_rate drivers for full_segment = APAC + Mobile + Safari + Paid Search + SMB; check recent releases, tracking changes, campaign mix, and operational issues."
2026-06-06,conversion_rate,residual_anomaly,region,APAC,0.04933155555555556,0.09100612301587302,0.3750711071428572,1.0,1,9,CRITICAL,"Review conversion_rate drivers for region = APAC; check recent releases, tracking changes, campaign mix, and operational issues."
2026-06-06,conversion_rate,residual_anomaly,region_device_browser,APAC + Mobile + Safari,0.04933155555555556,0.09100612301587302,0.3750711071428572,1.0,1,9,CRITICAL,"Review conversion_rate drivers for region_device_browser = APAC + Mobile + Safari; check recent releases, tracking changes, campaign mix, and operational issues."
2026-06-06,revenue_per_session,residual_anomaly,browser,Safari,0.2618555,0.32858158928571424,0.13345217857142855,0.6667276298117986,1,2,WARNING,"Review revenue_per_session drivers for browser = Safari; check recent releases, tracking changes, campaign mix, and operational issues."
2026-06-06,revenue_per_session,residual_anomaly,browser,Chrome,0.264225,0.33093278571428575,0.06670778571428576,0.33327237018820144,2,1,WARNING,"Review revenue_per_session drivers for browser = Chrome; check recent releases, tracking changes, campaign mix, and operational issues."
2026-06-06,revenue_per_session,residual_anomaly,business_segment,SMB,0.26264533333333334,0.3293653214285714,0.2001599642857143,1.0,1,3,WARNING,"Review revenue_per_session drivers for business_segment = SMB; check recent releases, tracking changes, campaign mix, and operational issues."
2026-06-06,revenue_per_session,residual_anomaly,channel,Paid Search,0.331169,0.40297774999999997,0.07180874999999998,0.3587568086168222,1,1,WARNING,"Review revenue_per_session drivers for channel = Paid Search; check recent releases, tracking changes, campaign mix, and operational issues."
2026-06-06,revenue_per_session,residual_anomaly,channel,Organic,0.264225,0.33093278571428575,0.06670778571428576,0.33327237018820144,2,1,WARNING,"Review revenue_per_session drivers for channel = Organic; check recent releases, tracking changes, campaign mix, and operational issues."
2026-06-06,revenue_per_session,residual_anomaly,channel,Email,0.192542,0.25418542857142856,0.06164342857142857,0.3079708211949763,3,1,WARNING,"Review revenue_per_session drivers for channel = Email; check recent releases, tracking changes, campaign mix, and operational issues."
2026-06-06,revenue_per_session,residual_anomaly,device_type,Desktop,0.2618555,0.32858158928571424,0.13345217857142855,0.6667276298117986,1,2,WARNING,"Review revenue_per_session drivers for device_type = Desktop; check recent releases, tracking changes, campaign mix, and operational issues."
2026-06-06,revenue_per_session,residual_anomaly,device_type,Mobile,0.264225,0.33093278571428575,0.06670778571428576,0.33327237018820144,2,1,WARNING,"Review revenue_per_session drivers for device_type = Mobile; check recent releases, tracking changes, campaign mix, and operational issues."
2026-06-06,revenue_per_session,residual_anomaly,full_segment,EMEA + Desktop + Safari + Paid Search + SMB,0.331169,0.40297774999999997,0.07180874999999998,0.3587568086168222,1,1,WARNING,"Review revenue_per_session drivers for full_segment = EMEA + Desktop + Safari + Paid Search + SMB; check recent releases, tracking changes, campaign mix, and operational issues."
2026-06-06,revenue_per_session,residual_anomaly,full_segment,EMEA + Mobile + Chrome + Organic + SMB,0.264225,0.33093278571428575,0.06670778571428576,0.33327237018820144,2,1,WARNING,"Review revenue_per_session drivers for full_segment = EMEA + Mobile + Chrome + Organic + SMB; check recent releases, tracking changes, campaign mix, and operational issues."
2026-06-06,revenue_per_session,residual_anomaly,full_segment,EMEA + Desktop + Safari + Email + SMB,0.192542,0.25418542857142856,0.06164342857142857,0.3079708211949763,3,1,WARNING,"Review revenue_per_session drivers for full_segment = EMEA + Desktop + Safari + Email + SMB; check recent releases, tracking changes, campaign mix, and operational issues."
2026-06-06,revenue_per_session,residual_anomaly,region,EMEA,0.26264533333333334,0.3293653214285714,0.2001599642857143,1.0,1,3,WARNING,"Review revenue_per_session drivers for region = EMEA; check recent releases, tracking changes, campaign mix, and operational issues."
2026-06-06,revenue_per_session,residual_anomaly,region_device_browser,EMEA + Desktop + Safari,0.2618555,0.32858158928571424,0.13345217857142855,0.6667276298117986,1,2,WARNING,"Review revenue_per_session drivers for region_device_browser = EMEA + Desktop + Safari; check recent releases, tracking changes, campaign mix, and operational issues."
2026-06-06,revenue_per_session,residual_anomaly,region_device_browser,EMEA + Mobile + Chrome,0.264225,0.33093278571428575,0.06670778571428576,0.33327237018820144,2,1,WARNING,"Review revenue_per_session drivers for region_device_browser = EMEA + Mobile + Chrome; check recent releases, tracking changes, campaign mix, and operational issues."
2026-06-07,conversion_rate,residual_anomaly,browser,Safari,0.049995,0.08959373412698413,0.35638860714285714,1.0,1,9,CRITICAL,"Review conversion_rate drivers for browser = Safari; check recent releases, tracking changes, campaign mix, and operational issues."
2026-06-07,conversion_rate,residual_anomaly,business_segment,Enterprise,0.059207333333333334,0.10558311904761904,0.13912735714285715,0.3903810457304782,1,3,CRITICAL,"Review conversion_rate drivers for business_segment = Enterprise; check recent releases, tracking changes, campaign mix, and operational issues."
2026-06-07,conversion_rate,residual_anomaly,business_segment,Mid-Market,0.04362166666666667,0.08621528571428572,0.1277808571428571,0.3585436082462552,2,3,CRITICAL,"Review conversion_rate drivers for business_segment = Mid-Market; check recent releases, tracking changes, campaign mix, and operational issues."
2026-06-07,conversion_rate,residual_anomaly,business_segment,SMB,0.047156,0.07698279761904762,0.08948039285714285,0.25107534602326653,3,3,CRITICAL,"Review conversion_rate drivers for business_segment = SMB; check recent releases, tracking changes, campaign mix, and operational issues."
2026-06-07,conversion_rate,residual_anomaly,channel,Organic,0.04702,0.08978678571428571,0.12830035714285715,0.36000128671741854,1,3,CRITICAL,"Review conversion_rate drivers for channel = Organic; check recent releases, tracking changes, campaign mix, and operational issues."
2026-06-07,conversion_rate,residual_anomaly,channel,Email,0.049460000000000004,0.08975629761904762,0.12088889285714283,0.3392052676046542,2,3,CRITICAL,"Review conversion_rate drivers for channel = Email; check recent releases, tracking changes, campaign mix, and operational issues."
2026-06-07,conversion_rate,residual_anomaly,channel,Paid Search,0.053505,0.08923811904761907,0.10719935714285714,0.3007934456779272,3,3,CRITICAL,"Review conversion_rate drivers for channel = Paid Search; check recent releases, tracking changes, campaign mix, and operational issues."
2026-06-07,conversion_rate,residual_anomaly,device_type,Mobile,0.049995,0.08959373412698413,0.35638860714285714,1.0,1,9,CRITICAL,"Review conversion_rate drivers for device_type = Mobile; check recent releases, tracking changes, campaign mix, and operational issues."
2026-06-07,conversion_rate,residual_anomaly,full_segment,APAC + Mobile + Safari + Email + Enterprise,0.054545,0.10627964285714285,0.05173464285714285,0.14516357094547974,1,1,CRITICAL,"Review conversion_rate drivers for full_segment = APAC + Mobile + Safari + Email + Enterprise; check recent releases, tracking changes, campaign mix, and operational issues."
2026-06-07,conversion_rate,residual_anomaly,full_segment,APAC + Mobile + Safari + Organic + Enterprise,0.057143,0.10532696428571428,0.04818396428571428,0.13520063021094247,2,1,CRITICAL,"Review conversion_rate drivers for full_segment = APAC + Mobile + Safari + Organic + Enterprise; check recent releases, tracking changes, campaign mix, and operational issues."
2026-06-07,conversion_rate,residual_anomaly,full_segment,APAC + Mobile + Safari + Paid Search + Mid-Market,0.042857,0.08639885714285714,0.04354185714285714,0.12217522185102718,3,1,CRITICAL,"Review conversion_rate drivers for full_segment = APAC + Mobile + Safari + Paid Search + Mid-Market; check recent releases, tracking changes, campaign mix, and operational issues."
2026-06-07,conversion_rate,residual_anomaly,full_segment,APAC + Mobile + Safari + Email + Mid-Market,0.042553,0.08555232142857142,0.042999321428571415,0.12065290687402722,4,1,CRITICAL,"Review conversion_rate drivers for full_segment = APAC + Mobile + Safari + Email + Mid-Market; check recent releases, tracking changes, campaign mix, and operational issues."
2026-06-07,conversion_rate,residual_anomaly,full_segment,APAC + Mobile + Safari + Organic + Mid-Market,0.045455,0.08669467857142857,0.041239678571428566,0.11571547952120081,5,1,CRITICAL,"Review conversion_rate drivers for full_segment = APAC + Mobile + Safari + Organic + Mid-Market; check recent releases, tracking changes, campaign mix, and operational issues."
2026-06-07,conversion_rate,residual_anomaly,full_segment,APAC + Mobile + Safari + Paid Search + Enterprise,0.065934,0.10514275000000002,0.039208750000000014,0.11001684457405599,6,1,CRITICAL,"Review conversion_rate drivers for full_segment = APAC + Mobile + Safari + Paid Search + Enterprise; check recent releases, tracking changes, campaign mix, and operational issues."
2026-06-07,conversion_rate,residual_anomaly,full_segment,APAC + Mobile + Safari + Organic + SMB,0.038462,0.07733871428571429,0.038876714285714285,0.1090851769852752,7,1,CRITICAL,"Review conversion_rate drivers for full_segment = APAC + Mobile + Safari + Organic + SMB; check recent releases, tracking changes, campaign mix, and operational issues."
2026-06-07,conversion_rate,residual_anomaly,full_segment,APAC + Mobile + Safari + Email + SMB,0.051282,0.07743692857142857,0.026154928571428572,0.07338878978514725,8,1,WARNING,"Review conversion_rate drivers for full_segment = APAC + Mobile + Safari + Email + SMB; check recent releases, tracking changes, campaign mix, and operational issues."
2026-06-07,conversion_rate,residual_anomaly,full_segment,APAC + Mobile + Safari + Paid Search + SMB,0.051724,0.07617275,0.024448749999999998,0.06860137925284408,9,1,WARNING,"Review conversion_rate drivers for full_segment = APAC + Mobile + Safari + Paid Search + SMB; check recent releases, tracking changes, campaign mix, and operational issues."
2026-06-07,conversion_rate,residual_anomaly,region,APAC,0.049995,0.08959373412698413,0.35638860714285714,1.0,1,9,CRITICAL,"Review conversion_rate drivers for region = APAC; check recent releases, tracking changes, campaign mix, and operational issues."
2026-06-07,conversion_rate,residual_anomaly,region_device_browser,APAC + Mobile + Safari,0.049995,0.08959373412698413,0.35638860714285714,1.0,1,9,CRITICAL,"Review conversion_rate drivers for region_device_browser = APAC + Mobile + Safari; check recent releases, tracking changes, campaign mix, and operational issues."
2026-06-07,revenue_per_session,residual_anomaly,browser,Safari,0.327886,0.4226493928571429,0.09476339285714291,1.0,1,1,WARNING,"Review revenue_per_session drivers for browser = Safari; check recent releases, tracking changes, campaign mix, and operational issues."
2026-06-07,revenue_per_session,residual_anomaly,business_segment,Mid-Market,0.327886,0.4226493928571429,0.09476339285714291,1.0,1,1,WARNING,"Review revenue_per_session drivers for business_segment = Mid-Market; check recent releases, tracking changes, campaign mix, and operational issues."
2026-06-07,revenue_per_session,residual_anomaly,channel,Organic,0.327886,0.4226493928571429,0.09476339285714291,1.0,1,1,WARNING,"Review revenue_per_session drivers for channel = Organic; check recent releases, tracking changes, campaign mix, and operational issues."
2026-06-07,revenue_per_session,residual_anomaly,device_type,Desktop,0.327886,0.4226493928571429,0.09476339285714291,1.0,1,1,WARNING,"Review revenue_per_session drivers for device_type = Desktop; check recent releases, tracking changes, campaign mix, and operational issues."
2026-06-07,revenue_per_session,residual_anomaly,full_segment,APAC + Desktop + Safari + Organic + Mid-Market,0.327886,0.4226493928571429,0.09476339285714291,1.0,1,1,WARNING,"Review revenue_per_session drivers for full_segment = APAC + Desktop + Safari + Organic + Mid-Market; check recent releases, tracking changes, campaign mix, and operational issues."
2026-06-07,revenue_per_session,residual_anomaly,region,APAC,0.327886,0.4226493928571429,0.09476339285714291,1.0,1,1,WARNING,"Review revenue_per_session drivers for region = APAC; check recent releases, tracking changes, campaign mix, and operational issues."
2026-06-07,revenue_per_session,residual_anomaly,region_device_browser,APAC + Desktop + Safari,0.327886,0.4226493928571429,0.09476339285714291,1.0,1,1,WARNING,"Review revenue_per_session drivers for region_device_browser = APAC + Desktop + Safari; check recent releases, tracking changes, campaign mix, and operational issues."
2026-06-08,conversion_rate,residual_anomaly,browser,Safari,0.053981,0.08823057936507936,0.3082462142857143,1.0,1,9,CRITICAL,"Review conversion_rate drivers for browser = Safari; check recent releases, tracking changes, campaign mix, and operational issues."
2026-06-08,conversion_rate,residual_anomaly,business_segment,Enterprise,0.05667066666666667,0.10405428571428572,0.14215085714285713,0.46116010693677845,1,3,CRITICAL,"Review conversion_rate drivers for business_segment = Enterprise; check recent releases, tracking changes, campaign mix, and operational issues."
2026-06-08,conversion_rate,residual_anomaly,business_segment,Mid-Market,0.056042666666666664,0.08488369047619049,0.08652307142857144,0.2806946765885434,2,3,CRITICAL,"Review conversion_rate drivers for business_segment = Mid-Market; check recent releases, tracking changes, campaign mix, and operational issues."
2026-06-08,conversion_rate,residual_anomaly,business_segment,SMB,0.049229666666666665,0.07575376190476191,0.07957228571428572,0.2581452164746781,3,3,CRITICAL,"Review conversion_rate drivers for business_segment = SMB; check recent releases, tracking changes, campaign mix, and operational issues."
2026-06-08,conversion_rate,residual_anomaly,channel,Email,0.053741333333333335,0.08851992857142858,0.10433578571428571,0.3384819695387291,1,3,CRITICAL,"Review conversion_rate drivers for channel = Email; check recent releases, tracking changes, campaign mix, and operational issues."
2026-06-08,conversion_rate,residual_anomaly,channel,Organic,0.053979,0.08834948809523809,0.10311146428571427,0.3345100750860802,2,3,CRITICAL,"Review conversion_rate drivers for channel = Organic; check recent releases, tracking changes, campaign mix, and operational issues."
2026-06-08,conversion_rate,residual_anomaly,channel,Paid Search,0.05422266666666666,0.08782232142857144,0.1007989642857143,0.3270079553751906,3,3,CRITICAL,"Review conversion_rate drivers for channel = Paid Search; check recent releases, tracking changes, campaign mix, and operational issues."
2026-06-08,conversion_rate,residual_anomaly,device_type,Mobile,0.053981,0.08823057936507936,0.3082462142857143,1.0,1,9,CRITICAL,"Review conversion_rate drivers for device_type = Mobile; check recent releases, tracking changes, campaign mix, and operational issues."
2026-06-08,conversion_rate,residual_anomaly,full_segment,APAC + Mobile + Safari + Email + Enterprise,0.05,0.10479360714285714,0.05479360714285714,0.17775922169823888,1,1,CRITICAL,"Review conversion_rate drivers for full_segment = APAC + Mobile + Safari + Email + Enterprise; check recent releases, tracking changes, campaign mix, and operational issues."
2026-06-08,conversion_rate,residual_anomaly,full_segment,APAC + Mobile + Safari + Organic + Enterprise,0.054795,0.10379635714285715,0.049001357142857145,0.15896823666238977,2,1,CRITICAL,"Review conversion_rate drivers for full_segment = APAC + Mobile + Safari + Organic + Enterprise; check recent releases, tracking changes, campaign mix, and operational issues."
2026-06-08,conversion_rate,residual_anomaly,full_segment,APAC + Mobile + Safari + Paid Search + Enterprise,0.065217,0.10357289285714287,0.03835589285714287,0.12443264857614986,3,1,CRITICAL,"Review conversion_rate drivers for full_segment = APAC + Mobile + Safari + Paid Search + Enterprise; check recent releases, tracking changes, campaign mix, and operational issues."
2026-06-08,conversion_rate,residual_anomaly,full_segment,APAC + Mobile + Safari + Paid Search + Mid-Market,0.053333,0.08507232142857143,0.031739321428571436,0.10296743303764362,4,1,CRITICAL,"Review conversion_rate drivers for full_segment = APAC + Mobile + Safari + Paid Search + Mid-Market; check recent releases, tracking changes, campaign mix, and operational issues."
2026-06-08,conversion_rate,residual_anomaly,full_segment,APAC + Mobile + Safari + Organic + Mid-Market,0.053571,0.08518524999999999,0.03161424999999999,0.1025616813275658,5,1,CRITICAL,"Review conversion_rate drivers for full_segment = APAC + Mobile + Safari + Organic + Mid-Market; check recent releases, tracking changes, campaign mix, and operational issues."
2026-06-08,conversion_rate,residual_anomaly,full_segment,APAC + Mobile + Safari + Paid Search + SMB,0.044118,0.07482175,0.03070375000000001,0.09960787376139717,6,1,CRITICAL,"Review conversion_rate drivers for full_segment = APAC + Mobile + Safari + Paid Search + SMB; check recent releases, tracking changes, campaign mix, and operational issues."
2026-06-08,conversion_rate,residual_anomaly,full_segment,APAC + Mobile + Safari + Email + SMB,0.05,0.07637267857142857,0.026372678571428568,0.08555718561715621,7,1,WARNING,"Review conversion_rate drivers for full_segment = APAC + Mobile + Safari + Email + SMB; check recent releases, tracking changes, campaign mix, and operational issues."
2026-06-08,conversion_rate,residual_anomaly,full_segment,APAC + Mobile + Safari + Email + Mid-Market,0.061224,0.08439350000000001,0.02316950000000001,0.07516556222333402,8,1,WARNING,"Review conversion_rate drivers for full_segment = APAC + Mobile + Safari + Email + Mid-Market; check recent releases, tracking changes, campaign mix, and operational issues."
2026-06-08,conversion_rate,residual_anomaly,full_segment,APAC + Mobile + Safari + Organic + SMB,0.053571,0.07606685714285714,0.022495857142857144,0.07298015709612468,9,1,WARNING,"Review conversion_rate drivers for full_segment = APAC + Mobile + Safari + Organic + SMB; check recent releases, tracking changes, campaign mix, and operational issues."
2026-06-08,conversion_rate,residual_anomaly,region,APAC,0.053981,0.08823057936507936,0.3082462142857143,1.0,1,9,CRITICAL,"Review conversion_rate drivers for region = APAC; check recent releases, tracking changes, campaign mix, and operational issues."
2026-06-08,conversion_rate,residual_anomaly,region_device_browser,APAC + Mobile + Safari,0.053981,0.08823057936507936,0.3082462142857143,1.0,1,9,CRITICAL,"Review conversion_rate drivers for region_device_browser = APAC + Mobile + Safari; check recent releases, tracking changes, campaign mix, and operational issues."
2026-06-08,revenue_per_session,residual_anomaly,browser,Chrome,0.342146,0.4315400357142857,0.08939403571428567,0.5033507677154307,1,1,WARNING,"Review revenue_per_session drivers for browser = Chrome; check recent releases, tracking changes, campaign mix, and operational issues."
2026-06-08,revenue_per_session,residual_anomaly,browser,Firefox,0.41774,0.5059438571428572,0.08820385714285717,0.4966492322845692,2,1,WARNING,"Review revenue_per_session drivers for browser = Firefox; check recent releases, tracking changes, campaign mix, and operational issues."
2026-06-08,revenue_per_session,residual_anomaly,business_segment,SMB,0.342146,0.4315400357142857,0.08939403571428567,0.5033507677154307,1,1,WARNING,"Review revenue_per_session drivers for business_segment = SMB; check recent releases, tracking changes, campaign mix, and operational issues."
2026-06-08,revenue_per_session,residual_anomaly,business_segment,Enterprise,0.41774,0.5059438571428572,0.08820385714285717,0.4966492322845692,2,1,WARNING,"Review revenue_per_session drivers for business_segment = Enterprise; check recent releases, tracking changes, campaign mix, and operational issues."
2026-06-08,revenue_per_session,residual_anomaly,channel,Paid Search,0.342146,0.4315400357142857,0.08939403571428567,0.5033507677154307,1,1,WARNING,"Review revenue_per_session drivers for channel = Paid Search; check recent releases, tracking changes, campaign mix, and operational issues."
2026-06-08,revenue_per_session,residual_anomaly,channel,Email,0.41774,0.5059438571428572,0.08820385714285717,0.4966492322845692,2,1,WARNING,"Review revenue_per_session drivers for channel = Email; check recent releases, tracking changes, campaign mix, and operational issues."
2026-06-08,revenue_per_session,residual_anomaly,device_type,Mobile,0.37994300000000003,0.4687419464285714,0.17759789285714284,1.0,1,2,WARNING,"Review revenue_per_session drivers for device_type = Mobile; check recent releases, tracking changes, campaign mix, and operational issues."
2026-06-08,revenue_per_session,residual_anomaly,full_segment,EMEA + Mobile + Chrome + Paid Search + SMB,0.342146,0.4315400357142857,0.08939403571428567,0.5033507677154307,1,1,WARNING,"Review revenue_per_session drivers for full_segment = EMEA + Mobile + Chrome + Paid Search + SMB; check recent releases, tracking changes, campaign mix, and operational issues."
2026-06-08,revenue_per_session,residual_anomaly,full_segment,EMEA + Mobile + Firefox + Email + Enterprise,0.41774,0.5059438571428572,0.08820385714285717,0.4966492322845692,2,1,WARNING,"Review revenue_per_session drivers for full_segment = EMEA + Mobile + Firefox + Email + Enterprise; check recent releases, tracking changes, campaign mix, and operational issues."
2026-06-08,revenue_per_session,residual_anomaly,region,EMEA,0.37994300000000003,0.4687419464285714,0.17759789285714284,1.0,1,2,WARNING,"Review revenue_per_session drivers for region = EMEA; check recent releases, tracking changes, campaign mix, and operational issues."
2026-06-08,revenue_per_session,residual_anomaly,region_device_browser,EMEA + Mobile + Chrome,0.342146,0.4315400357142857,0.08939403571428567,0.5033507677154307,1,1,WARNING,"Review revenue_per_session drivers for region_device_browser = EMEA + Mobile + Chrome; check recent releases, tracking changes, campaign mix, and operational issues."
2026-06-08,revenue_per_session,residual_anomaly,region_device_browser,EMEA + Mobile + Firefox,0.41774,0.5059438571428572,0.08820385714285717,0.4966492322845692,2,1,WARNING,"Review revenue_per_session drivers for region_device_browser = EMEA + Mobile + Firefox; check recent releases, tracking changes, campaign mix, and operational issues."
2026-06-09,conversion_rate,residual_anomaly,browser,Safari,0.053276555555555556,0.08689511507936509,0.3025670357142857,1.0,1,9,CRITICAL,"Review conversion_rate drivers for browser = Safari; check recent releases, tracking changes, campaign mix, and operational issues."
2026-06-09,conversion_rate,residual_anomaly,business_segment,Mid-Market,0.04669966666666667,0.08367416666666666,0.11092350000000001,0.3666080137849027,1,3,CRITICAL,"Review conversion_rate drivers for business_segment = Mid-Market; check recent releases, tracking changes, campaign mix, and operational issues."
2026-06-09,conversion_rate,residual_anomaly,business_segment,Enterprise,0.065971,0.1022432261904762,0.10881667857142859,0.3596448579222763,2,3,CRITICAL,"Review conversion_rate drivers for business_segment = Enterprise; check recent releases, tracking changes, campaign mix, and operational issues."
2026-06-09,conversion_rate,residual_anomaly,business_segment,SMB,0.047159,0.0747679523809524,0.08282685714285715,0.27374712829282105,3,3,CRITICAL,"Review conversion_rate drivers for business_segment = SMB; check recent releases, tracking changes, campaign mix, and operational issues."
2026-06-09,conversion_rate,residual_anomaly,channel,Paid Search,0.052018666666666664,0.08653558333333333,0.10355075000000002,0.342240686450004,1,3,CRITICAL,"Review conversion_rate drivers for channel = Paid Search; check recent releases, tracking changes, campaign mix, and operational issues."
2026-06-09,conversion_rate,residual_anomaly,channel,Email,0.05330733333333334,0.08706692857142857,0.10127878571428572,0.33473172474057405,2,3,CRITICAL,"Review conversion_rate drivers for channel = Email; check recent releases, tracking changes, campaign mix, and operational issues."
2026-06-09,conversion_rate,residual_anomaly,channel,Organic,0.05450366666666667,0.08708283333333333,0.09773749999999999,0.323027588809422,3,3,CRITICAL,"Review conversion_rate drivers for channel = Organic; check recent releases, tracking changes, campaign mix, and operational issues."
2026-06-09,conversion_rate,residual_anomaly,device_type,Mobile,0.053276555555555556,0.08689511507936509,0.3025670357142857,1.0,1,9,CRITICAL,"Review conversion_rate drivers for device_type = Mobile; check recent releases, tracking changes, campaign mix, and operational issues."
2026-06-09,conversion_rate,residual_anomaly,full_segment,APAC + Mobile + Safari + Paid Search + Enterprise,0.063158,0.10210267857142859,0.03894467857142858,0.12871421527956559,1,1,CRITICAL,"Review conversion_rate drivers for full_segment = APAC + Mobile + Safari + Paid Search + Enterprise; check recent releases, tracking changes, campaign mix, and operational issues."
2026-06-09,conversion_rate,residual_anomaly,full_segment,APAC + Mobile + Safari + Email + Mid-Market,0.044444,0.08317871428571429,0.03873471428571429,0.12802027224899512,2,1,CRITICAL,"Review conversion_rate drivers for full_segment = APAC + Mobile + Safari + Email + Mid-Market; check recent releases, tracking changes, campaign mix, and operational issues."
2026-06-09,conversion_rate,residual_anomaly,full_segment,APAC + Mobile + Safari + Organic + Mid-Market,0.046875,0.08407185714285714,0.03719685714285714,0.12293757333823425,3,1,CRITICAL,"Review conversion_rate drivers for full_segment = APAC + Mobile + Safari + Organic + Mid-Market; check recent releases, tracking changes, campaign mix, and operational issues."
2026-06-09,conversion_rate,residual_anomaly,full_segment,APAC + Mobile + Safari + Organic + Enterprise,0.065789,0.10194378571428572,0.03615478571428572,0.11949347234385015,4,1,CRITICAL,"Review conversion_rate drivers for full_segment = APAC + Mobile + Safari + Organic + Enterprise; check recent releases, tracking changes, campaign mix, and operational issues."
2026-06-09,conversion_rate,residual_anomaly,full_segment,APAC + Mobile + Safari + Paid Search + Mid-Market,0.04878,0.08377192857142857,0.03499192857142857,0.1156501681976733,5,1,CRITICAL,"Review conversion_rate drivers for full_segment = APAC + Mobile + Safari + Paid Search + Mid-Market; check recent releases, tracking changes, campaign mix, and operational issues."
2026-06-09,conversion_rate,residual_anomaly,full_segment,APAC + Mobile + Safari + Email + Enterprise,0.068966,0.10268321428571428,0.03371721428571428,0.11143717029886055,6,1,WARNING,"Review conversion_rate drivers for full_segment = APAC + Mobile + Safari + Email + Enterprise; check recent releases, tracking changes, campaign mix, and operational issues."
2026-06-09,conversion_rate,residual_anomaly,full_segment,APAC + Mobile + Safari + Paid Search + SMB,0.044118,0.07373214285714287,0.029614142857142874,0.09787630297276512,7,1,CRITICAL,"Review conversion_rate drivers for full_segment = APAC + Mobile + Safari + Paid Search + SMB; check recent releases, tracking changes, campaign mix, and operational issues."
2026-06-09,conversion_rate,residual_anomaly,full_segment,APAC + Mobile + Safari + Email + SMB,0.046512,0.07533885714285715,0.028826857142857154,0.09527428219271837,8,1,CRITICAL,"Review conversion_rate drivers for full_segment = APAC + Mobile + Safari + Email + SMB; check recent releases, tracking changes, campaign mix, and operational issues."
2026-06-09,conversion_rate,residual_anomaly,full_segment,APAC + Mobile + Safari + Organic + SMB,0.050847,0.07523285714285713,0.024385857142857126,0.0805965431273376,9,1,WARNING,"Review conversion_rate drivers for full_segment = APAC + Mobile + Safari + Organic + SMB; check recent releases, tracking changes, campaign mix, and operational issues."
2026-06-09,conversion_rate,residual_anomaly,region,APAC,0.053276555555555556,0.08689511507936509,0.3025670357142857,1.0,1,9,CRITICAL,"Review conversion_rate drivers for region = APAC; check recent releases, tracking changes, campaign mix, and operational issues."
2026-06-09,conversion_rate,residual_anomaly,region_device_browser,APAC + Mobile + Safari,0.053276555555555556,0.08689511507936509,0.3025670357142857,1.0,1,9,CRITICAL,"Review conversion_rate drivers for region_device_browser = APAC + Mobile + Safari; check recent releases, tracking changes, campaign mix, and operational issues."
2026-06-09,revenue_per_session,residual_anomaly,browser,Firefox,0.365036,0.41803203571428565,0.05299603571428563,1.0,1,1,WARNING,"Review revenue_per_session drivers for browser = Firefox; check recent releases, tracking changes, campaign mix, and operational issues."
2026-06-09,revenue_per_session,residual_anomaly,business_segment,SMB,0.365036,0.41803203571428565,0.05299603571428563,1.0,1,1,WARNING,"Review revenue_per_session drivers for business_segment = SMB; check recent releases, tracking changes, campaign mix, and operational issues."
2026-06-09,revenue_per_session,residual_anomaly,channel,Paid Search,0.365036,0.41803203571428565,0.05299603571428563,1.0,1,1,WARNING,"Review revenue_per_session drivers for channel = Paid Search; check recent releases, tracking changes, campaign mix, and operational issues."
2026-06-09,revenue_per_session,residual_anomaly,device_type,Mobile,0.365036,0.41803203571428565,0.05299603571428563,1.0,1,1,WARNING,"Review revenue_per_session drivers for device_type = Mobile; check recent releases, tracking changes, campaign mix, and operational issues."
2026-06-09,revenue_per_session,residual_anomaly,full_segment,North America + Mobile + Firefox + Paid Search + SMB,0.365036,0.41803203571428565,0.05299603571428563,1.0,1,1,WARNING,"Review revenue_per_session drivers for full_segment = North America + Mobile + Firefox + Paid Search + SMB; check recent releases, tracking changes, campaign mix, and operational issues."
2026-06-09,revenue_per_session,residual_anomaly,region,North America,0.365036,0.41803203571428565,0.05299603571428563,1.0,1,1,WARNING,"Review revenue_per_session drivers for region = North America; check recent releases, tracking changes, campaign mix, and operational issues."
2026-06-09,revenue_per_session,residual_anomaly,region_device_browser,North America + Mobile + Firefox,0.365036,0.41803203571428565,0.05299603571428563,1.0,1,1,WARNING,"Review revenue_per_session drivers for region_device_browser = North America + Mobile + Firefox; check recent releases, tracking changes, campaign mix, and operational issues."
2026-06-10,conversion_rate,residual_anomaly,browser,Safari,0.052528399999999996,0.08567807142857142,0.33149671428571426,1.0,1,10,CRITICAL,"Review conversion_rate drivers for browser = Safari; check recent releases, tracking changes, campaign mix, and operational issues."
2026-06-10,conversion_rate,residual_anomaly,business_segment,Enterprise,0.056667999999999996,0.10091335714285714,0.1327360714285714,0.4004144406516419,1,3,CRITICAL,"Review conversion_rate drivers for business_segment = Enterprise; check recent releases, tracking changes, campaign mix, and operational issues."
2026-06-10,conversion_rate,residual_anomaly,business_segment,Mid-Market,0.04851066666666667,0.08197141666666667,0.10038225000000002,0.3028152185951424,2,3,CRITICAL,"Review conversion_rate drivers for business_segment = Mid-Market; check recent releases, tracking changes, campaign mix, and operational issues."
2026-06-10,conversion_rate,residual_anomaly,business_segment,SMB,0.052437,0.07703159821428571,0.09837839285714284,0.2967703407532158,3,4,CRITICAL,"Review conversion_rate drivers for business_segment = SMB; check recent releases, tracking changes, campaign mix, and operational issues."
2026-06-10,conversion_rate,residual_anomaly,channel,Organic,0.04579066666666667,0.0856959761904762,0.11971592857142857,0.3611376023119385,1,3,CRITICAL,"Review conversion_rate drivers for channel = Organic; check recent releases, tracking changes, campaign mix, and operational issues."
2026-06-10,conversion_rate,residual_anomaly,channel,Email,0.05619475,0.08605836607142855,0.1194544642857143,0.360348863617265,2,4,CRITICAL,"Review conversion_rate drivers for channel = Email; check recent releases, tracking changes, campaign mix, and operational issues."
2026-06-10,conversion_rate,residual_anomaly,channel,Paid Search,0.054377666666666664,0.08515310714285713,0.09232632142857142,0.27851353407079665,3,3,CRITICAL,"Review conversion_rate drivers for channel = Paid Search; check recent releases, tracking changes, campaign mix, and operational issues."
2026-06-10,conversion_rate,residual_anomaly,device_type,Mobile,0.050428333333333325,0.08552214682539683,0.3158443214285714,0.9527826606339989,1,9,CRITICAL,"Review conversion_rate drivers for device_type = Mobile; check recent releases, tracking changes, campaign mix, and operational issues."
2026-06-10,conversion_rate,residual_anomaly,device_type,Desktop,0.071429,0.08708139285714286,0.015652392857142858,0.047217339366001046,2,1,WARNING,"Review conversion_rate drivers for device_type = Desktop; check recent releases, tracking changes, campaign mix, and operational issues."
2026-06-10,conversion_rate,residual_anomaly,full_segment,APAC + Mobile + Safari + Organic + Enterprise,0.051948,0.10067675,0.048728749999999994,0.14699617794100092,1,1,CRITICAL,"Review conversion_rate drivers for full_segment = APAC + Mobile + Safari + Organic + Enterprise; check recent releases, tracking changes, campaign mix, and operational issues."
2026-06-10,conversion_rate,residual_anomaly,full_segment,APAC + Mobile + Safari + Email + Enterprise,0.055556,0.10138689285714285,0.04583089285714285,0.13825444078954455,2,1,CRITICAL,"Review conversion_rate drivers for full_segment = APAC + Mobile + Safari + Email + Enterprise; check recent releases, tracking changes, campaign mix, and operational issues."
2026-06-10,conversion_rate,residual_anomaly,full_segment,APAC + Mobile + Safari + Paid Search + Enterprise,0.0625,0.10067642857142857,0.03817642857142857,0.1151638219210964,3,1,CRITICAL,"Review conversion_rate drivers for full_segment = APAC + Mobile + Safari + Paid Search + Enterprise; check recent releases, tracking changes, campaign mix, and operational issues."
2026-06-10,conversion_rate,residual_anomaly,full_segment,APAC + Mobile + Safari + Organic + SMB,0.037037,0.07412142857142857,0.037084428571428574,0.11186967162354983,4,1,CRITICAL,"Review conversion_rate drivers for full_segment = APAC + Mobile + Safari + Organic + SMB; check recent releases, tracking changes, campaign mix, and operational issues."
2026-06-10,conversion_rate,residual_anomaly,full_segment,APAC + Mobile + Safari + Email + Mid-Market,0.046512,0.08144375000000001,0.03493175000000001,0.10537585591238358,5,1,CRITICAL,"Review conversion_rate drivers for full_segment = APAC + Mobile + Safari + Email + Mid-Market; check recent releases, tracking changes, campaign mix, and operational issues."
2026-06-10,conversion_rate,residual_anomaly,full_segment,APAC + Mobile + Safari + Organic + Mid-Market,0.048387,0.08228975000000001,0.03390275000000001,0.10227175274738776,6,1,CRITICAL,"Review conversion_rate drivers for full_segment = APAC + Mobile + Safari + Organic + Mid-Market; check recent releases, tracking changes, campaign mix, and operational issues."
2026-06-10,conversion_rate,residual_anomaly,full_segment,APAC + Mobile + Safari + Paid Search + Mid-Market,0.050633,0.08218075,0.03154775,0.09516760993537106,7,1,CRITICAL,"Review conversion_rate drivers for full_segment = APAC + Mobile + Safari + Paid Search + Mid-Market; check recent releases, tracking changes, campaign mix, and operational issues."
2026-06-10,conversion_rate,residual_anomaly,full_segment,APAC + Mobile + Safari + Email + SMB,0.051282,0.07432142857142857,0.023039428571428565,0.06950122754933574,8,1,WARNING,"Review conversion_rate drivers for full_segment = APAC + Mobile + Safari + Email + SMB; check recent releases, tracking changes, campaign mix, and operational issues."
2026-06-10,conversion_rate,residual_anomaly,full_segment,APAC + Mobile + Safari + Paid Search + SMB,0.05,0.07260214285714285,0.02260214285714285,0.06818210221432919,9,1,WARNING,"Review conversion_rate drivers for full_segment = APAC + Mobile + Safari + Paid Search + SMB; check recent releases, tracking changes, campaign mix, and operational issues."
2026-06-10,conversion_rate,residual_anomaly,full_segment,APAC + Desktop + Safari + Email + SMB,0.071429,0.08708139285714286,0.015652392857142858,0.047217339366001046,10,1,WARNING,"Review conversion_rate drivers for full_segment = APAC + Desktop + Safari + Email + SMB; check recent releases, tracking changes, campaign mix, and operational issues."
2026-06-10,conversion_rate,residual_anomaly,region,APAC,0.052528399999999996,0.08567807142857142,0.33149671428571426,1.0,1,10,CRITICAL,"Review conversion_rate drivers for region = APAC; check recent releases, tracking changes, campaign mix, and operational issues."
2026-06-10,conversion_rate,residual_anomaly,region_device_browser,APAC + Mobile + Safari,0.050428333333333325,0.08552214682539683,0.3158443214285714,0.9527826606339989,1,9,CRITICAL,"Review conversion_rate drivers for region_device_browser = APAC + Mobile + Safari; check recent releases, tracking changes, campaign mix, and operational issues."
2026-06-10,conversion_rate,residual_anomaly,region_device_browser,APAC + Desktop + Safari,0.071429,0.08708139285714286,0.015652392857142858,0.047217339366001046,2,1,WARNING,"Review conversion_rate drivers for region_device_browser = APAC + Desktop + Safari; check recent releases, tracking changes, campaign mix, and operational issues."
2026-06-10,revenue_per_session,residual_anomaly,browser,Safari,0.28186466666666665,0.3556757023809524,0.22143310714285713,0.7336147832183139,1,3,WARNING,"Review revenue_per_session drivers for browser = Safari; check recent releases, tracking changes, campaign mix, and operational issues."
2026-06-10,revenue_per_session,residual_anomaly,browser,Chrome,0.353074,0.43347928571428573,0.08040528571428573,0.2663852167816861,2,1,WARNING,"Review revenue_per_session drivers for browser = Chrome; check recent releases, tracking changes, campaign mix, and operational issues."
2026-06-10,revenue_per_session,residual_anomaly,business_segment,SMB,0.2623155,0.3395683392857143,0.1545056785714286,0.5118821270843256,1,2,WARNING,"Review revenue_per_session drivers for business_segment = SMB; check recent releases, tracking changes, campaign mix, and operational issues."
2026-06-10,revenue_per_session,residual_anomaly,business_segment,Mid-Market,0.3370185,0.41068485714285713,0.14733271428571426,0.4881178729156744,2,2,WARNING,"Review revenue_per_session drivers for business_segment = Mid-Market; check recent releases, tracking changes, campaign mix, and operational issues."
2026-06-10,revenue_per_session,residual_anomaly,channel,Email,0.2458125,0.3239843214285714,0.1563436428571428,0.5179713600288706,1,2,WARNING,"Review revenue_per_session drivers for channel = Email; check recent releases, tracking changes, campaign mix, and operational issues."
2026-06-10,revenue_per_session,residual_anomaly,channel,Paid Search,0.353074,0.43347928571428573,0.08040528571428573,0.2663852167816861,2,1,WARNING,"Review revenue_per_session drivers for channel = Paid Search; check recent releases, tracking changes, campaign mix, and operational issues."
2026-06-10,revenue_per_session,residual_anomaly,channel,Organic,0.353969,0.4190584642857143,0.06508946428571433,0.21564342318944338,3,1,WARNING,"Review revenue_per_session drivers for channel = Organic; check recent releases, tracking changes, campaign mix, and operational issues."
2026-06-10,revenue_per_session,residual_anomaly,device_type,Desktop,0.299667,0.3751265982142857,0.30183839285714287,1.0,1,4,WARNING,"Review revenue_per_session drivers for device_type = Desktop; check recent releases, tracking changes, campaign mix, and operational issues."
2026-06-10,revenue_per_session,residual_anomaly,full_segment,North America + Desktop + Safari + Email + Mid-Market,0.320068,0.40231124999999995,0.08224324999999993,0.27247444972623097,1,1,WARNING,"Review revenue_per_session drivers for full_segment = North America + Desktop + Safari + Email + Mid-Market; check recent releases, tracking changes, campaign mix, and operational issues."
2026-06-10,revenue_per_session,residual_anomaly,full_segment,APAC + Desktop + Chrome + Paid Search + SMB,0.353074,0.43347928571428573,0.08040528571428573,0.2663852167816861,2,1,WARNING,"Review revenue_per_session drivers for full_segment = APAC + Desktop + Chrome + Paid Search + SMB; check recent releases, tracking changes, campaign mix, and operational issues."
2026-06-10,revenue_per_session,residual_anomaly,full_segment,APAC + Desktop + Safari + Email + SMB,0.171557,0.24565739285714286,0.07410039285714287,0.2454969103026395,3,1,WARNING,"Review revenue_per_session drivers for full_segment = APAC + Desktop + Safari + Email + SMB; check recent releases, tracking changes, campaign mix, and operational issues."
2026-06-10,revenue_per_session,residual_anomaly,full_segment,EMEA + Desktop + Safari + Organic + Mid-Market,0.353969,0.4190584642857143,0.06508946428571433,0.21564342318944338,4,1,WARNING,"Review revenue_per_session drivers for full_segment = EMEA + Desktop + Safari + Organic + Mid-Market; check recent releases, tracking changes, campaign mix, and operational issues."
2026-06-10,revenue_per_session,residual_anomaly,region,APAC,0.2623155,0.3395683392857143,0.1545056785714286,0.5118821270843256,1,2,WARNING,"Review revenue_per_session drivers for region = APAC; check recent releases, tracking changes, campaign mix, and operational issues."
2026-06-10,revenue_per_session,residual_anomaly,region,North America,0.320068,0.40231124999999995,0.08224324999999993,0.27247444972623097,2,1,WARNING,"Review revenue_per_session drivers for region = North America; check recent releases, tracking changes, campaign mix, and operational issues."
2026-06-10,revenue_per_session,residual_anomaly,region,EMEA,0.353969,0.4190584642857143,0.06508946428571433,0.21564342318944338,3,1,WARNING,"Review revenue_per_session drivers for region = EMEA; check recent releases, tracking changes, campaign mix, and operational issues."
2026-06-10,revenue_per_session,residual_anomaly,region_device_browser,North America + Desktop + Safari,0.320068,0.40231124999999995,0.08224324999999993,0.27247444972623097,1,1,WARNING,"Review revenue_per_session drivers for region_device_browser = North America + Desktop + Safari; check recent releases, tracking changes, campaign mix, and operational issues."
2026-06-10,revenue_per_session,residual_anomaly,region_device_browser,APAC + Desktop + Chrome,0.353074,0.43347928571428573,0.08040528571428573,0.2663852167816861,2,1,WARNING,"Review revenue_per_session drivers for region_device_browser = APAC + Desktop + Chrome; check recent releases, tracking changes, campaign mix, and operational issues."
2026-06-10,revenue_per_session,residual_anomaly,region_device_browser,APAC + Desktop + Safari,0.171557,0.24565739285714286,0.07410039285714287,0.2454969103026395,3,1,WARNING,"Review revenue_per_session drivers for region_device_browser = APAC + Desktop + Safari; check recent releases, tracking changes, campaign mix, and operational issues."
2026-06-10,revenue_per_session,residual_anomaly,region_device_browser,EMEA + Desktop + Safari,0.353969,0.4190584642857143,0.06508946428571433,0.21564342318944338,4,1,WARNING,"Review revenue_per_session drivers for region_device_browser = EMEA + Desktop + Safari; check recent releases, tracking changes, campaign mix, and operational issues."
2026-06-11,conversion_rate,residual_anomaly,browser,Safari,0.05290222222222222,0.0840559007936508,0.2803831071428572,1.0,1,9,CRITICAL,"Review conversion_rate drivers for browser = Safari; check recent releases, tracking changes, campaign mix, and operational issues."
2026-06-11,conversion_rate,residual_anomaly,business_segment,Enterprise,0.058082,0.09915829761904764,0.12322889285714286,0.4395018448609918,1,3,CRITICAL,"Review conversion_rate drivers for business_segment = Enterprise; check recent releases, tracking changes, campaign mix, and operational issues."
2026-06-11,conversion_rate,residual_anomaly,business_segment,Mid-Market,0.049982000000000006,0.08048470238095239,0.09150810714285715,0.32636811851946956,2,3,CRITICAL,"Review conversion_rate drivers for business_segment = Mid-Market; check recent releases, tracking changes, campaign mix, and operational issues."
2026-06-11,conversion_rate,residual_anomaly,business_segment,SMB,0.05064266666666667,0.07252470238095239,0.06564610714285715,0.23413003661953855,3,3,CRITICAL,"Review conversion_rate drivers for business_segment = SMB; check recent releases, tracking changes, campaign mix, and operational issues."
2026-06-11,conversion_rate,residual_anomaly,channel,Paid Search,0.050543000000000005,0.0837465,0.09961049999999999,0.3552656970494579,1,3,CRITICAL,"Review conversion_rate drivers for channel = Paid Search; check recent releases, tracking changes, campaign mix, and operational issues."
2026-06-11,conversion_rate,residual_anomaly,channel,Organic,0.051433,0.08395319047619049,0.09756057142857147,0.3479545270138677,2,3,CRITICAL,"Review conversion_rate drivers for channel = Organic; check recent releases, tracking changes, campaign mix, and operational issues."
2026-06-11,conversion_rate,residual_anomaly,channel,Email,0.05673066666666667,0.0844680119047619,0.08321203571428573,0.29677977593667443,3,3,CRITICAL,"Review conversion_rate drivers for channel = Email; check recent releases, tracking changes, campaign mix, and operational issues."
2026-06-11,conversion_rate,residual_anomaly,device_type,Mobile,0.05290222222222222,0.0840559007936508,0.2803831071428572,1.0,1,9,CRITICAL,"Review conversion_rate drivers for device_type = Mobile; check recent releases, tracking changes, campaign mix, and operational issues."
2026-06-11,conversion_rate,residual_anomaly,full_segment,APAC + Mobile + Safari + Organic + Enterprise,0.054054,0.09839125000000001,0.044337250000000016,0.15813096035564608,1,1,CRITICAL,"Review conversion_rate drivers for full_segment = APAC + Mobile + Safari + Organic + Enterprise; check recent releases, tracking changes, campaign mix, and operational issues."
2026-06-11,conversion_rate,residual_anomaly,full_segment,APAC + Mobile + Safari + Email + Enterprise,0.057692,0.09986964285714285,0.04217764285714285,0.15042861635616672,2,1,CRITICAL,"Review conversion_rate drivers for full_segment = APAC + Mobile + Safari + Email + Enterprise; check recent releases, tracking changes, campaign mix, and operational issues."
2026-06-11,conversion_rate,residual_anomaly,full_segment,APAC + Mobile + Safari + Paid Search + Mid-Market,0.042254,0.08065575,0.03840175,0.13696171067978796,3,1,CRITICAL,"Review conversion_rate drivers for full_segment = APAC + Mobile + Safari + Paid Search + Mid-Market; check recent releases, tracking changes, campaign mix, and operational issues."
2026-06-11,conversion_rate,residual_anomaly,full_segment,APAC + Mobile + Safari + Paid Search + Enterprise,0.0625,0.099214,0.036714,0.130942268149179,4,1,CRITICAL,"Review conversion_rate drivers for full_segment = APAC + Mobile + Safari + Paid Search + Enterprise; check recent releases, tracking changes, campaign mix, and operational issues."
2026-06-11,conversion_rate,residual_anomaly,full_segment,APAC + Mobile + Safari + Organic + SMB,0.042553,0.07279867857142859,0.03024567857142859,0.10787268491185598,5,1,CRITICAL,"Review conversion_rate drivers for full_segment = APAC + Mobile + Safari + Organic + SMB; check recent releases, tracking changes, campaign mix, and operational issues."
2026-06-11,conversion_rate,residual_anomaly,full_segment,APAC + Mobile + Safari + Email + Mid-Market,0.05,0.0801287142857143,0.0301287142857143,0.10745552609331598,6,1,CRITICAL,"Review conversion_rate drivers for full_segment = APAC + Mobile + Safari + Email + Mid-Market; check recent releases, tracking changes, campaign mix, and operational issues."
2026-06-11,conversion_rate,residual_anomaly,full_segment,APAC + Mobile + Safari + Paid Search + SMB,0.046875,0.07136975,0.024494749999999996,0.08736171822049088,7,1,CRITICAL,"Review conversion_rate drivers for full_segment = APAC + Mobile + Safari + Paid Search + SMB; check recent releases, tracking changes, campaign mix, and operational issues."
2026-06-11,conversion_rate,residual_anomaly,full_segment,APAC + Mobile + Safari + Organic + Mid-Market,0.057692,0.08066964285714286,0.022977642857142856,0.08195088174636564,8,1,WARNING,"Review conversion_rate drivers for full_segment = APAC + Mobile + Safari + Organic + Mid-Market; check recent releases, tracking changes, campaign mix, and operational issues."
2026-06-11,conversion_rate,residual_anomaly,full_segment,APAC + Mobile + Safari + Email + SMB,0.0625,0.07340567857142857,0.010905678571428573,0.038895633487191696,9,1,WARNING,"Review conversion_rate drivers for full_segment = APAC + Mobile + Safari + Email + SMB; check recent releases, tracking changes, campaign mix, and operational issues."
2026-06-11,conversion_rate,residual_anomaly,region,APAC,0.05290222222222222,0.0840559007936508,0.2803831071428572,1.0,1,9,CRITICAL,"Review conversion_rate drivers for region = APAC; check recent releases, tracking changes, campaign mix, and operational issues."
2026-06-11,conversion_rate,residual_anomaly,region_device_browser,APAC + Mobile + Safari,0.05290222222222222,0.0840559007936508,0.2803831071428572,1.0,1,9,CRITICAL,"Review conversion_rate drivers for region_device_browser = APAC + Mobile + Safari; check recent releases, tracking changes, campaign mix, and operational issues."
2026-06-11,revenue_per_session,residual_anomaly,browser,Chrome,0.348516,0.47282771428571424,0.12431171428571425,0.6506220926733216,1,1,WARNING,"Review revenue_per_session drivers for browser = Chrome; check recent releases, tracking changes, campaign mix, and operational issues."
2026-06-11,revenue_per_session,residual_anomaly,browser,Safari,0.405973,0.4727272142857143,0.06675421428571432,0.3493779073266784,2,1,WARNING,"Review revenue_per_session drivers for browser = Safari; check recent releases, tracking changes, campaign mix, and operational issues."
2026-06-11,revenue_per_session,residual_anomaly,business_segment,Mid-Market,0.3772445,0.47277746428571427,0.19106592857142857,1.0,1,2,WARNING,"Review revenue_per_session drivers for business_segment = Mid-Market; check recent releases, tracking changes, campaign mix, and operational issues."
2026-06-11,revenue_per_session,residual_anomaly,channel,Organic,0.348516,0.47282771428571424,0.12431171428571425,0.6506220926733216,1,1,WARNING,"Review revenue_per_session drivers for channel = Organic; check recent releases, tracking changes, campaign mix, and operational issues."
2026-06-11,revenue_per_session,residual_anomaly,channel,Paid Search,0.405973,0.4727272142857143,0.06675421428571432,0.3493779073266784,2,1,WARNING,"Review revenue_per_session drivers for channel = Paid Search; check recent releases, tracking changes, campaign mix, and operational issues."
2026-06-11,revenue_per_session,residual_anomaly,device_type,Desktop,0.3772445,0.47277746428571427,0.19106592857142857,1.0,1,2,WARNING,"Review revenue_per_session drivers for device_type = Desktop; check recent releases, tracking changes, campaign mix, and operational issues."
2026-06-11,revenue_per_session,residual_anomaly,full_segment,EMEA + Desktop + Chrome + Organic + Mid-Market,0.348516,0.47282771428571424,0.12431171428571425,0.6506220926733216,1,1,WARNING,"Review revenue_per_session drivers for full_segment = EMEA + Desktop + Chrome + Organic + Mid-Market; check recent releases, tracking changes, campaign mix, and operational issues."
2026-06-11,revenue_per_session,residual_anomaly,full_segment,APAC + Desktop + Safari + Paid Search + Mid-Market,0.405973,0.4727272142857143,0.06675421428571432,0.3493779073266784,2,1,WARNING,"Review revenue_per_session drivers for full_segment = APAC + Desktop + Safari + Paid Search + Mid-Market; check recent releases, tracking changes, campaign mix, and operational issues."
2026-06-11,revenue_per_session,residual_anomaly,region,EMEA,0.348516,0.47282771428571424,0.12431171428571425,0.6506220926733216,1,1,WARNING,"Review revenue_per_session drivers for region = EMEA; check recent releases, tracking changes, campaign mix, and operational issues."
2026-06-11,revenue_per_session,residual_anomaly,region,APAC,0.405973,0.4727272142857143,0.06675421428571432,0.3493779073266784,2,1,WARNING,"Review revenue_per_session drivers for region = APAC; check recent releases, tracking changes, campaign mix, and operational issues."
2026-06-11,revenue_per_session,residual_anomaly,region_device_browser,EMEA + Desktop + Chrome,0.348516,0.47282771428571424,0.12431171428571425,0.6506220926733216,1,1,WARNING,"Review revenue_per_session drivers for region_device_browser = EMEA + Desktop + Chrome; check recent releases, tracking changes, campaign mix, and operational issues."
2026-06-11,revenue_per_session,residual_anomaly,region_device_browser,APAC + Desktop + Safari,0.405973,0.4727272142857143,0.06675421428571432,0.3493779073266784,2,1,WARNING,"Review revenue_per_session drivers for region_device_browser = APAC + Desktop + Safari; check recent releases, tracking changes, campaign mix, and operational issues."
2026-06-12,conversion_rate,residual_anomaly,browser,Safari,0.05355766666666666,0.08254995238095238,0.26093057142857146,1.0,1,9,CRITICAL,"Review conversion_rate drivers for browser = Safari; check recent releases, tracking changes, campaign mix, and operational issues."
2026-06-12,conversion_rate,residual_anomaly,business_segment,Enterprise,0.05912933333333333,0.0973385238095238,0.11462757142857143,0.4393029563419716,1,3,CRITICAL,"Review conversion_rate drivers for business_segment = Enterprise; check recent releases, tracking changes, campaign mix, and operational issues."
2026-06-12,conversion_rate,residual_anomaly,business_segment,Mid-Market,0.05399966666666667,0.07894891666666666,0.07484774999999999,0.28684929324385133,2,3,CRITICAL,"Review conversion_rate drivers for business_segment = Mid-Market; check recent releases, tracking changes, campaign mix, and operational issues."
2026-06-12,conversion_rate,residual_anomaly,business_segment,SMB,0.047543999999999996,0.07136241666666666,0.07145525,0.2738477504141769,3,3,CRITICAL,"Review conversion_rate drivers for business_segment = SMB; check recent releases, tracking changes, campaign mix, and operational issues."
2026-06-12,conversion_rate,residual_anomaly,channel,Paid Search,0.050294666666666675,0.0822520238095238,0.09587207142857143,0.36742368249025187,1,3,CRITICAL,"Review conversion_rate drivers for channel = Paid Search; check recent releases, tracking changes, campaign mix, and operational issues."
2026-06-12,conversion_rate,residual_anomaly,channel,Organic,0.05236466666666667,0.08228077380952381,0.08974832142857142,0.34395479585702593,2,3,CRITICAL,"Review conversion_rate drivers for channel = Organic; check recent releases, tracking changes, campaign mix, and operational issues."
2026-06-12,conversion_rate,residual_anomaly,channel,Email,0.058013666666666665,0.08311705952380953,0.07531017857142858,0.28862152165272204,3,3,CRITICAL,"Review conversion_rate drivers for channel = Email; check recent releases, tracking changes, campaign mix, and operational issues."
2026-06-12,conversion_rate,residual_anomaly,device_type,Mobile,0.05355766666666666,0.08254995238095238,0.26093057142857146,1.0,1,9,CRITICAL,"Review conversion_rate drivers for device_type = Mobile; check recent releases, tracking changes, campaign mix, and operational issues."
2026-06-12,conversion_rate,residual_anomaly,full_segment,APAC + Mobile + Safari + Paid Search + Enterprise,0.050633,0.09776425,0.04713125,0.1806275506237565,1,1,CRITICAL,"Review conversion_rate drivers for full_segment = APAC + Mobile + Safari + Paid Search + Enterprise; check recent releases, tracking changes, campaign mix, and operational issues."
2026-06-12,conversion_rate,residual_anomaly,full_segment,APAC + Mobile + Safari + Organic + Enterprise,0.061538,0.0962895,0.0347515,0.13318293755208005,2,1,CRITICAL,"Review conversion_rate drivers for full_segment = APAC + Mobile + Safari + Organic + Enterprise; check recent releases, tracking changes, campaign mix, and operational issues."
2026-06-12,conversion_rate,residual_anomaly,full_segment,APAC + Mobile + Safari + Email + Enterprise,0.065217,0.09796182142857143,0.032744821428571436,0.12549246816613507,3,1,CRITICAL,"Review conversion_rate drivers for full_segment = APAC + Mobile + Safari + Email + Enterprise; check recent releases, tracking changes, campaign mix, and operational issues."
2026-06-12,conversion_rate,residual_anomaly,full_segment,APAC + Mobile + Safari + Paid Search + Mid-Market,0.047619,0.07887535714285714,0.031256357142857134,0.11978802242961177,4,1,CRITICAL,"Review conversion_rate drivers for full_segment = APAC + Mobile + Safari + Paid Search + Mid-Market; check recent releases, tracking changes, campaign mix, and operational issues."
2026-06-12,conversion_rate,residual_anomaly,full_segment,APAC + Mobile + Safari + Organic + SMB,0.04,0.07101153571428571,0.031011535714285714,0.11884975970619441,5,1,CRITICAL,"Review conversion_rate drivers for full_segment = APAC + Mobile + Safari + Organic + SMB; check recent releases, tracking changes, campaign mix, and operational issues."
2026-06-12,conversion_rate,residual_anomaly,full_segment,APAC + Mobile + Safari + Organic + Mid-Market,0.055556,0.07954128571428572,0.023985285714285716,0.0919220985987515,6,1,WARNING,"Review conversion_rate drivers for full_segment = APAC + Mobile + Safari + Organic + Mid-Market; check recent releases, tracking changes, campaign mix, and operational issues."
2026-06-12,conversion_rate,residual_anomaly,full_segment,APAC + Mobile + Safari + Email + SMB,0.05,0.07295925,0.02295925,0.08798988127109893,7,1,WARNING,"Review conversion_rate drivers for full_segment = APAC + Mobile + Safari + Email + SMB; check recent releases, tracking changes, campaign mix, and operational issues."
2026-06-12,conversion_rate,residual_anomaly,full_segment,APAC + Mobile + Safari + Email + Mid-Market,0.058824,0.07843010714285714,0.01960610714285714,0.07513917221548806,8,1,WARNING,"Review conversion_rate drivers for full_segment = APAC + Mobile + Safari + Email + Mid-Market; check recent releases, tracking changes, campaign mix, and operational issues."
2026-06-12,conversion_rate,residual_anomaly,full_segment,APAC + Mobile + Safari + Paid Search + SMB,0.052632,0.07011646428571429,0.01748446428571429,0.06700810943688361,9,1,WARNING,"Review conversion_rate drivers for full_segment = APAC + Mobile + Safari + Paid Search + SMB; check recent releases, tracking changes, campaign mix, and operational issues."
2026-06-12,conversion_rate,residual_anomaly,region,APAC,0.05355766666666666,0.08254995238095238,0.26093057142857146,1.0,1,9,CRITICAL,"Review conversion_rate drivers for region = APAC; check recent releases, tracking changes, campaign mix, and operational issues."
2026-06-12,conversion_rate,residual_anomaly,region_device_browser,APAC + Mobile + Safari,0.05355766666666666,0.08254995238095238,0.26093057142857146,1.0,1,9,CRITICAL,"Review conversion_rate drivers for region_device_browser = APAC + Mobile + Safari; check recent releases, tracking changes, campaign mix, and operational issues."
2026-06-12,revenue_per_session,residual_anomaly,browser,Firefox,0.29183400000000004,0.39729042857142854,0.21091285714285707,0.5052852704444446,1,2,WARNING,"Review revenue_per_session drivers for browser = Firefox; check recent releases, tracking changes, campaign mix, and operational issues."
2026-06-12,revenue_per_session,residual_anomaly,browser,Safari,0.257284,0.32322487499999997,0.13188174999999994,0.3159499454805684,2,2,WARNING,"Review revenue_per_session drivers for browser = Safari; check recent releases, tracking changes, campaign mix, and operational issues."
2026-06-12,revenue_per_session,residual_anomaly,browser,Chrome,0.416508,0.49112682142857145,0.07461882142857146,0.1787647840749871,3,1,WARNING,"Review revenue_per_session drivers for browser = Chrome; check recent releases, tracking changes, campaign mix, and operational issues."
2026-06-12,revenue_per_session,residual_anomaly,business_segment,Mid-Market,0.29183400000000004,0.39729042857142854,0.21091285714285707,0.5052852704444446,1,2,WARNING,"Review revenue_per_session drivers for business_segment = Mid-Market; check recent releases, tracking changes, campaign mix, and operational issues."
2026-06-12,revenue_per_session,residual_anomaly,business_segment,SMB,0.31035866666666667,0.3791921904761904,0.2065005714285714,0.4947147295555555,2,3,WARNING,"Review revenue_per_session drivers for business_segment = SMB; check recent releases, tracking changes, campaign mix, and operational issues."
2026-06-12,revenue_per_session,residual_anomaly,channel,Paid Search,0.37086900000000006,0.4548011071428571,0.25179632142857133,0.6032300453062295,1,3,WARNING,"Review revenue_per_session drivers for channel = Paid Search; check recent releases, tracking changes, campaign mix, and operational issues."
2026-06-12,revenue_per_session,residual_anomaly,channel,Email,0.20106849999999998,0.28387705357142856,0.16561710714285713,0.39676995469377063,2,2,WARNING,"Review revenue_per_session drivers for channel = Email; check recent releases, tracking changes, campaign mix, and operational issues."
2026-06-12,revenue_per_session,residual_anomaly,device_type,Mobile,0.29183400000000004,0.39729042857142854,0.21091285714285707,0.5052852704444446,1,2,WARNING,"Review revenue_per_session drivers for device_type = Mobile; check recent releases, tracking changes, campaign mix, and operational issues."
2026-06-12,revenue_per_session,residual_anomaly,device_type,Desktop,0.31035866666666667,0.3791921904761904,0.2065005714285714,0.4947147295555555,2,3,WARNING,"Review revenue_per_session drivers for device_type = Desktop; check recent releases, tracking changes, campaign mix, and operational issues."
2026-06-12,revenue_per_session,residual_anomaly,full_segment,APAC + Mobile + Firefox + Paid Search + Mid-Market,0.364356,0.47226474999999996,0.10790874999999994,0.25851767723264424,1,1,WARNING,"Review revenue_per_session drivers for full_segment = APAC + Mobile + Firefox + Paid Search + Mid-Market; check recent releases, tracking changes, campaign mix, and operational issues."
2026-06-12,revenue_per_session,residual_anomaly,full_segment,APAC + Mobile + Firefox + Email + Mid-Market,0.219312,0.32231610714285713,0.10300410714285713,0.24676759321180033,2,1,WARNING,"Review revenue_per_session drivers for full_segment = APAC + Mobile + Firefox + Email + Mid-Market; check recent releases, tracking changes, campaign mix, and operational issues."
2026-06-12,revenue_per_session,residual_anomaly,full_segment,North America + Desktop + Chrome + Paid Search + SMB,0.416508,0.49112682142857145,0.07461882142857146,0.1787647840749871,3,1,WARNING,"Review revenue_per_session drivers for full_segment = North America + Desktop + Chrome + Paid Search + SMB; check recent releases, tracking changes, campaign mix, and operational issues."
2026-06-12,revenue_per_session,residual_anomaly,full_segment,EMEA + Desktop + Safari + Paid Search + SMB,0.331743,0.40101174999999994,0.06926874999999993,0.16594758399859807,4,1,WARNING,"Review revenue_per_session drivers for full_segment = EMEA + Desktop + Safari + Paid Search + SMB; check recent releases, tracking changes, campaign mix, and operational issues."
2026-06-12,revenue_per_session,residual_anomaly,full_segment,APAC + Desktop + Safari + Email + SMB,0.182825,0.245438,0.062613,0.1500023614819703,5,1,WARNING,"Review revenue_per_session drivers for full_segment = APAC + Desktop + Safari + Email + SMB; check recent releases, tracking changes, campaign mix, and operational issues."
2026-06-12,revenue_per_session,residual_anomaly,region,APAC,0.2554976666666667,0.34667295238095236,0.27352585714285704,0.6552876319264148,1,3,WARNING,"Review revenue_per_session drivers for region = APAC; check recent releases, tracking changes, campaign mix, and operational issues."
2026-06-12,revenue_per_session,residual_anomaly,region,North America,0.416508,0.49112682142857145,0.07461882142857146,0.1787647840749871,2,1,WARNING,"Review revenue_per_session drivers for region = North America; check recent releases, tracking changes, campaign mix, and operational issues."
2026-06-12,revenue_per_session,residual_anomaly,region,EMEA,0.331743,0.40101174999999994,0.06926874999999993,0.16594758399859807,3,1,WARNING,"Review revenue_per_session drivers for region = EMEA; check recent releases, tracking changes, campaign mix, and operational issues."
2026-06-12,revenue_per_session,residual_anomaly,region_device_browser,APAC + Mobile + Firefox,0.29183400000000004,0.39729042857142854,0.21091285714285707,0.5052852704444446,1,2,WARNING,"Review revenue_per_session drivers for region_device_browser = APAC + Mobile + Firefox; check recent releases, tracking changes, campaign mix, and operational issues."
2026-06-12,revenue_per_session,residual_anomaly,region_device_browser,North America + Desktop + Chrome,0.416508,0.49112682142857145,0.07461882142857146,0.1787647840749871,2,1,WARNING,"Review revenue_per_session drivers for region_device_browser = North America + Desktop + Chrome; check recent releases, tracking changes, campaign mix, and operational issues."
2026-06-12,revenue_per_session,residual_anomaly,region_device_browser,EMEA + Desktop + Safari,0.331743,0.40101174999999994,0.06926874999999993,0.16594758399859807,3,1,WARNING,"Review revenue_per_session drivers for region_device_browser = EMEA + Desktop + Safari; check recent releases, tracking changes, campaign mix, and operational issues."
2026-06-12,revenue_per_session,residual_anomaly,region_device_browser,APAC + Desktop + Safari,0.182825,0.245438,0.062613,0.1500023614819703,4,1,WARNING,"Review revenue_per_session drivers for region_device_browser = APAC + Desktop + Safari; check recent releases, tracking changes, campaign mix, and operational issues."
2026-06-13,conversion_rate,residual_anomaly,browser,Safari,0.052103333333333335,0.08113166269841271,0.2612549642857143,1.0,1,9,CRITICAL,"Review conversion_rate drivers for browser = Safari; check recent releases, tracking changes, campaign mix, and operational issues."
2026-06-13,conversion_rate,residual_anomaly,business_segment,Enterprise,0.05930933333333333,0.09556792857142858,0.10877578571428573,0.416358732212744,1,3,CRITICAL,"Review conversion_rate drivers for business_segment = Enterprise; check recent releases, tracking changes, campaign mix, and operational issues."
2026-06-13,conversion_rate,residual_anomaly,business_segment,Mid-Market,0.047559333333333335,0.07755786904761906,0.08999560714285715,0.3444742471742505,2,3,CRITICAL,"Review conversion_rate drivers for business_segment = Mid-Market; check recent releases, tracking changes, campaign mix, and operational issues."
2026-06-13,conversion_rate,residual_anomaly,business_segment,SMB,0.04944133333333334,0.07026919047619047,0.06248357142857143,0.2391670206130054,3,3,CRITICAL,"Review conversion_rate drivers for business_segment = SMB; check recent releases, tracking changes, campaign mix, and operational issues."
2026-06-13,conversion_rate,residual_anomaly,channel,Organic,0.05022633333333334,0.08071303571428573,0.09146010714285717,0.350079882282483,1,3,CRITICAL,"Review conversion_rate drivers for channel = Organic; check recent releases, tracking changes, campaign mix, and operational issues."
2026-06-13,conversion_rate,residual_anomaly,channel,Paid Search,0.051153000000000004,0.0809982619047619,0.08953578571428573,0.3427141985955428,2,3,CRITICAL,"Review conversion_rate drivers for channel = Paid Search; check recent releases, tracking changes, campaign mix, and operational issues."
2026-06-13,conversion_rate,residual_anomaly,channel,Email,0.05493066666666666,0.08168369047619048,0.08025907142857142,0.3072059191219742,3,3,CRITICAL,"Review conversion_rate drivers for channel = Email; check recent releases, tracking changes, campaign mix, and operational issues."
2026-06-13,conversion_rate,residual_anomaly,device_type,Mobile,0.052103333333333335,0.08113166269841271,0.2612549642857143,1.0,1,9,CRITICAL,"Review conversion_rate drivers for device_type = Mobile; check recent releases, tracking changes, campaign mix, and operational issues."
2026-06-13,conversion_rate,residual_anomaly,full_segment,APAC + Mobile + Safari + Email + Enterprise,0.056604,0.09632275,0.03971875,0.15203060392974074,1,1,CRITICAL,"Review conversion_rate drivers for full_segment = APAC + Mobile + Safari + Email + Enterprise; check recent releases, tracking changes, campaign mix, and operational issues."
2026-06-13,conversion_rate,residual_anomaly,full_segment,APAC + Mobile + Safari + Paid Search + Enterprise,0.058824,0.095862,0.037038,0.14176955489157483,2,1,CRITICAL,"Review conversion_rate drivers for full_segment = APAC + Mobile + Safari + Paid Search + Enterprise; check recent releases, tracking changes, campaign mix, and operational issues."
2026-06-13,conversion_rate,residual_anomaly,full_segment,APAC + Mobile + Safari + Organic + Mid-Market,0.041667,0.07815614285714287,0.036489142857142866,0.13966870622690836,3,1,CRITICAL,"Review conversion_rate drivers for full_segment = APAC + Mobile + Safari + Organic + Mid-Market; check recent releases, tracking changes, campaign mix, and operational issues."
2026-06-13,conversion_rate,residual_anomaly,full_segment,APAC + Mobile + Safari + Paid Search + Mid-Market,0.045455,0.07755792857142858,0.03210292857142858,0.12287968827386604,4,1,CRITICAL,"Review conversion_rate drivers for full_segment = APAC + Mobile + Safari + Paid Search + Mid-Market; check recent releases, tracking changes, campaign mix, and operational issues."
2026-06-13,conversion_rate,residual_anomaly,full_segment,APAC + Mobile + Safari + Organic + Enterprise,0.0625,0.09451903571428573,0.03201903571428573,0.12255857339142842,5,1,CRITICAL,"Review conversion_rate drivers for full_segment = APAC + Mobile + Safari + Organic + Enterprise; check recent releases, tracking changes, campaign mix, and operational issues."
2026-06-13,conversion_rate,residual_anomaly,full_segment,APAC + Mobile + Safari + Organic + SMB,0.046512,0.06946392857142857,0.022951928571428568,0.08785260266414621,6,1,CRITICAL,"Review conversion_rate drivers for full_segment = APAC + Mobile + Safari + Organic + SMB; check recent releases, tracking changes, campaign mix, and operational issues."
2026-06-13,conversion_rate,residual_anomaly,full_segment,APAC + Mobile + Safari + Email + Mid-Market,0.055556,0.07695953571428571,0.02140353571428571,0.08192585267347617,7,1,WARNING,"Review conversion_rate drivers for full_segment = APAC + Mobile + Safari + Email + Mid-Market; check recent releases, tracking changes, campaign mix, and operational issues."
2026-06-13,conversion_rate,residual_anomaly,full_segment,APAC + Mobile + Safari + Paid Search + SMB,0.04918,0.06957485714285715,0.020394857142857145,0.07806495543010188,8,1,WARNING,"Review conversion_rate drivers for full_segment = APAC + Mobile + Safari + Paid Search + SMB; check recent releases, tracking changes, campaign mix, and operational issues."
2026-06-13,conversion_rate,residual_anomaly,full_segment,APAC + Mobile + Safari + Email + SMB,0.052632,0.07176878571428572,0.019136785714285717,0.07324946251875733,9,1,WARNING,"Review conversion_rate drivers for full_segment = APAC + Mobile + Safari + Email + SMB; check recent releases, tracking changes, campaign mix, and operational issues."
2026-06-13,conversion_rate,residual_anomaly,region,APAC,0.052103333333333335,0.08113166269841271,0.2612549642857143,1.0,1,9,CRITICAL,"Review conversion_rate drivers for region = APAC; check recent releases, tracking changes, campaign mix, and operational issues."
2026-06-13,conversion_rate,residual_anomaly,region_device_browser,APAC + Mobile + Safari,0.052103333333333335,0.08113166269841271,0.2612549642857143,1.0,1,9,CRITICAL,"Review conversion_rate drivers for region_device_browser = APAC + Mobile + Safari; check recent releases, tracking changes, campaign mix, and operational issues."
2026-06-13,revenue_per_session,residual_anomaly,browser,Firefox,0.3221016666666667,0.43293061904761904,0.3324868571428573,0.44934707434048604,1,3,WARNING,"Review revenue_per_session drivers for browser = Firefox; check recent releases, tracking changes, campaign mix, and operational issues."
2026-06-13,revenue_per_session,residual_anomaly,browser,Safari,0.2712016666666666,0.3577244047619048,0.2595682142857144,0.3507994832738783,2,3,WARNING,"Review revenue_per_session drivers for browser = Safari; check recent releases, tracking changes, campaign mix, and operational issues."
2026-06-13,revenue_per_session,residual_anomaly,browser,Chrome,0.3203905,0.39432960714285714,0.14787821428571424,0.19985344238563582,3,2,WARNING,"Review revenue_per_session drivers for browser = Chrome; check recent releases, tracking changes, campaign mix, and operational issues."
2026-06-13,revenue_per_session,residual_anomaly,business_segment,Mid-Market,0.32681649999999995,0.42474022321428573,0.391694892857143,0.5293651473984239,1,4,WARNING,"Review revenue_per_session drivers for business_segment = Mid-Market; check recent releases, tracking changes, campaign mix, and operational issues."
2026-06-13,revenue_per_session,residual_anomaly,business_segment,SMB,0.27835625,0.3654158482142857,0.3482383928571429,0.4706348526015762,2,4,WARNING,"Review revenue_per_session drivers for business_segment = SMB; check recent releases, tracking changes, campaign mix, and operational issues."
2026-06-13,revenue_per_session,residual_anomaly,channel,Paid Search,0.35218175,0.45250563392857146,0.40129553571428583,0.5423401588521591,1,4,WARNING,"Review revenue_per_session drivers for channel = Paid Search; check recent releases, tracking changes, campaign mix, and operational issues."
2026-06-13,revenue_per_session,residual_anomaly,channel,Email,0.2540135,0.3423472142857143,0.17666742857142861,0.23876129373053517,2,2,WARNING,"Review revenue_per_session drivers for channel = Email; check recent releases, tracking changes, campaign mix, and operational issues."
2026-06-13,revenue_per_session,residual_anomaly,channel,Organic,0.2519685,0.3329536607142857,0.16197032142857146,0.21889854741730577,3,2,WARNING,"Review revenue_per_session drivers for channel = Organic; check recent releases, tracking changes, campaign mix, and operational issues."
2026-06-13,revenue_per_session,residual_anomaly,device_type,Mobile,0.2879492,0.37875323571428576,0.45402017857142873,0.6135961002661824,1,5,WARNING,"Review revenue_per_session drivers for device_type = Mobile; check recent releases, tracking changes, campaign mix, and operational issues."
2026-06-13,revenue_per_session,residual_anomaly,device_type,Desktop,0.32698166666666667,0.42228603571428575,0.2859131071428572,0.3864038997338177,2,3,WARNING,"Review revenue_per_session drivers for device_type = Desktop; check recent releases, tracking changes, campaign mix, and operational issues."
2026-06-13,revenue_per_session,residual_anomaly,full_segment,APAC + Mobile + Firefox + Paid Search + Mid-Market,0.347814,0.4686158571428572,0.12080185714285718,0.16326047155216505,1,1,WARNING,"Review revenue_per_session drivers for full_segment = APAC + Mobile + Firefox + Paid Search + Mid-Market; check recent releases, tracking changes, campaign mix, and operational issues."
2026-06-13,revenue_per_session,residual_anomaly,full_segment,APAC + Desktop + Firefox + Paid Search + Mid-Market,0.388791,0.4974586785714286,0.10866767857142862,0.14686145449792484,2,1,WARNING,"Review revenue_per_session drivers for full_segment = APAC + Desktop + Firefox + Paid Search + Mid-Market; check recent releases, tracking changes, campaign mix, and operational issues."
2026-06-13,revenue_per_session,residual_anomaly,full_segment,North America + Desktop + Firefox + Email + SMB,0.2297,0.33271732142857147,0.10301732142857148,0.13922514829039612,3,1,WARNING,"Review revenue_per_session drivers for full_segment = North America + Desktop + Firefox + Email + SMB; check recent releases, tracking changes, campaign mix, and operational issues."
2026-06-13,revenue_per_session,residual_anomaly,full_segment,North America + Mobile + Safari + Paid Search + SMB,0.309668,0.40726589285714293,0.09759789285714293,0.13190093585657248,4,1,WARNING,"Review revenue_per_session drivers for full_segment = North America + Mobile + Safari + Paid Search + SMB; check recent releases, tracking changes, campaign mix, and operational issues."
2026-06-13,revenue_per_session,residual_anomaly,full_segment,APAC + Mobile + Safari + Organic + Mid-Market,0.292334,0.38090925000000003,0.08857525000000005,0.11970707590819486,5,1,WARNING,"Review revenue_per_session drivers for full_segment = APAC + Mobile + Safari + Organic + Mid-Market; check recent releases, tracking changes, campaign mix, and operational issues."
2026-06-13,revenue_per_session,residual_anomaly,full_segment,EMEA + Desktop + Chrome + Paid Search + SMB,0.362454,0.4366821071428571,0.0742281071428571,0.10031729694549675,6,1,WARNING,"Review revenue_per_session drivers for full_segment = EMEA + Desktop + Chrome + Paid Search + SMB; check recent releases, tracking changes, campaign mix, and operational issues."
2026-06-13,revenue_per_session,residual_anomaly,full_segment,EMEA + Mobile + Chrome + Email + Mid-Market,0.278327,0.3519771071428571,0.07365010714285714,0.09953614544013907,7,1,WARNING,"Review revenue_per_session drivers for full_segment = EMEA + Mobile + Chrome + Email + Mid-Market; check recent releases, tracking changes, campaign mix, and operational issues."
2026-06-13,revenue_per_session,residual_anomaly,full_segment,APAC + Mobile + Safari + Organic + SMB,0.211603,0.2849980714285714,0.0733950714285714,0.09919147150911091,8,1,WARNING,"Review revenue_per_session drivers for full_segment = APAC + Mobile + Safari + Organic + SMB; check recent releases, tracking changes, campaign mix, and operational issues."
2026-06-13,revenue_per_session,residual_anomaly,region,APAC,0.31013549999999995,0.4079954642857143,0.39143985714285723,0.5290204734673957,1,4,WARNING,"Review revenue_per_session drivers for region = APAC; check recent releases, tracking changes, campaign mix, and operational issues."
2026-06-13,revenue_per_session,residual_anomaly,region,North America,0.269684,0.36999160714285717,0.2006152142857144,0.2711260841469686,2,2,WARNING,"Review revenue_per_session drivers for region = North America; check recent releases, tracking changes, campaign mix, and operational issues."
2026-06-13,revenue_per_session,residual_anomaly,region,EMEA,0.3203905,0.39432960714285714,0.14787821428571424,0.19985344238563582,3,2,WARNING,"Review revenue_per_session drivers for region = EMEA; check recent releases, tracking changes, campaign mix, and operational issues."
2026-06-13,revenue_per_session,residual_anomaly,region_device_browser,APAC + Mobile + Safari,0.2519685,0.3329536607142857,0.16197032142857146,0.21889854741730577,1,2,WARNING,"Review revenue_per_session drivers for region_device_browser = APAC + Mobile + Safari; check recent releases, tracking changes, campaign mix, and operational issues."
2026-06-13,revenue_per_session,residual_anomaly,region_device_browser,APAC + Mobile + Firefox,0.347814,0.4686158571428572,0.12080185714285718,0.16326047155216505,2,1,WARNING,"Review revenue_per_session drivers for region_device_browser = APAC + Mobile + Firefox; check recent releases, tracking changes, campaign mix, and operational issues."
2026-06-13,revenue_per_session,residual_anomaly,region_device_browser,APAC + Desktop + Firefox,0.388791,0.4974586785714286,0.10866767857142862,0.14686145449792484,3,1,WARNING,"Review revenue_per_session drivers for region_device_browser = APAC + Desktop + Firefox; check recent releases, tracking changes, campaign mix, and operational issues."
2026-06-13,revenue_per_session,residual_anomaly,region_device_browser,North America + Desktop + Firefox,0.2297,0.33271732142857147,0.10301732142857148,0.13922514829039612,4,1,WARNING,"Review revenue_per_session drivers for region_device_browser = North America + Desktop + Firefox; check recent releases, tracking changes, campaign mix, and operational issues."
2026-06-13,revenue_per_session,residual_anomaly,region_device_browser,North America + Mobile + Safari,0.309668,0.40726589285714293,0.09759789285714293,0.13190093585657248,5,1,WARNING,"Review revenue_per_session drivers for region_device_browser = North America + Mobile + Safari; check recent releases, tracking changes, campaign mix, and operational issues."
2026-06-13,revenue_per_session,residual_anomaly,region_device_browser,EMEA + Desktop + Chrome,0.362454,0.4366821071428571,0.0742281071428571,0.10031729694549675,6,1,WARNING,"Review revenue_per_session drivers for region_device_browser = EMEA + Desktop + Chrome; check recent releases, tracking changes, campaign mix, and operational issues."
2026-06-13,revenue_per_session,residual_anomaly,region_device_browser,EMEA + Mobile + Chrome,0.278327,0.3519771071428571,0.07365010714285714,0.09953614544013907,7,1,WARNING,"Review revenue_per_session drivers for region_device_browser = EMEA + Mobile + Chrome; check recent releases, tracking changes, campaign mix, and operational issues."
2026-06-14,conversion_rate,residual_anomaly,browser,Safari,0.05058222222222222,0.07975599603174605,0.2625639642857144,1.0,1,9,CRITICAL,"Review conversion_rate drivers for browser = Safari; check recent releases, tracking changes, campaign mix, and operational issues."
2026-06-14,conversion_rate,residual_anomaly,business_segment,Enterprise,0.05796166666666667,0.09399282142857145,0.10809346428571431,0.4116843093063989,1,3,CRITICAL,"Review conversion_rate drivers for business_segment = Enterprise; check recent releases, tracking changes, campaign mix, and operational issues."
2026-06-14,conversion_rate,residual_anomaly,business_segment,Mid-Market,0.047544,0.07628728571428572,0.08622985714285716,0.3284146679360172,2,3,CRITICAL,"Review conversion_rate drivers for business_segment = Mid-Market; check recent releases, tracking changes, campaign mix, and operational issues."
2026-06-14,conversion_rate,residual_anomaly,business_segment,SMB,0.046241,0.06898788095238095,0.06824064285714286,0.25990102275758376,3,3,CRITICAL,"Review conversion_rate drivers for business_segment = SMB; check recent releases, tracking changes, campaign mix, and operational issues."
2026-06-14,conversion_rate,residual_anomaly,channel,Organic,0.04839366666666667,0.07914340476190478,0.0922492142857143,0.35133996600284195,1,3,CRITICAL,"Review conversion_rate drivers for channel = Organic; check recent releases, tracking changes, campaign mix, and operational issues."
2026-06-14,conversion_rate,residual_anomaly,channel,Paid Search,0.049534333333333326,0.0797614761904762,0.0906814285714286,0.34536890398543696,2,3,CRITICAL,"Review conversion_rate drivers for channel = Paid Search; check recent releases, tracking changes, campaign mix, and operational issues."
2026-06-14,conversion_rate,residual_anomaly,channel,Email,0.05381866666666666,0.08036310714285715,0.07963332142857144,0.30329113001172087,3,3,CRITICAL,"Review conversion_rate drivers for channel = Email; check recent releases, tracking changes, campaign mix, and operational issues."
2026-06-14,conversion_rate,residual_anomaly,device_type,Mobile,0.05058222222222222,0.07975599603174605,0.2625639642857144,1.0,1,9,CRITICAL,"Review conversion_rate drivers for device_type = Mobile; check recent releases, tracking changes, campaign mix, and operational issues."
2026-06-14,conversion_rate,residual_anomaly,full_segment,APAC + Mobile + Safari + Organic + Enterprise,0.053333,0.09272703571428573,0.03939403571428573,0.15003595722457289,1,1,CRITICAL,"Review conversion_rate drivers for full_segment = APAC + Mobile + Safari + Organic + Enterprise; check recent releases, tracking changes, campaign mix, and operational issues."
2026-06-14,conversion_rate,residual_anomaly,full_segment,APAC + Mobile + Safari + Paid Search + Mid-Market,0.04,0.07612010714285715,0.03612010714285715,0.13756688676269493,2,1,CRITICAL,"Review conversion_rate drivers for full_segment = APAC + Mobile + Safari + Paid Search + Mid-Market; check recent releases, tracking changes, campaign mix, and operational issues."
2026-06-14,conversion_rate,residual_anomaly,full_segment,APAC + Mobile + Safari + Email + Enterprise,0.058824,0.09477289285714285,0.03594889285714285,0.13691480076079415,3,1,CRITICAL,"Review conversion_rate drivers for full_segment = APAC + Mobile + Safari + Email + Enterprise; check recent releases, tracking changes, campaign mix, and operational issues."
2026-06-14,conversion_rate,residual_anomaly,full_segment,APAC + Mobile + Safari + Paid Search + Enterprise,0.061728,0.09447853571428573,0.03275053571428573,0.12473355132103187,4,1,CRITICAL,"Review conversion_rate drivers for full_segment = APAC + Mobile + Safari + Paid Search + Enterprise; check recent releases, tracking changes, campaign mix, and operational issues."
2026-06-14,conversion_rate,residual_anomaly,full_segment,APAC + Mobile + Safari + Organic + SMB,0.039216,0.06808557142857143,0.028869571428571425,0.10995252721411689,5,1,CRITICAL,"Review conversion_rate drivers for full_segment = APAC + Mobile + Safari + Organic + SMB; check recent releases, tracking changes, campaign mix, and operational issues."
2026-06-14,conversion_rate,residual_anomaly,full_segment,APAC + Mobile + Safari + Email + Mid-Market,0.05,0.07612414285714286,0.02612414285714286,0.09949629960917004,6,1,CRITICAL,"Review conversion_rate drivers for full_segment = APAC + Mobile + Safari + Email + Mid-Market; check recent releases, tracking changes, campaign mix, and operational issues."
2026-06-14,conversion_rate,residual_anomaly,full_segment,APAC + Mobile + Safari + Organic + Mid-Market,0.052632,0.07661760714285715,0.02398560714285715,0.09135148156415218,7,1,CRITICAL,"Review conversion_rate drivers for full_segment = APAC + Mobile + Safari + Organic + Mid-Market; check recent releases, tracking changes, campaign mix, and operational issues."
2026-06-14,conversion_rate,residual_anomaly,full_segment,APAC + Mobile + Safari + Paid Search + SMB,0.046875,0.06868578571428571,0.021810785714285713,0.08306846590171017,8,1,CRITICAL,"Review conversion_rate drivers for full_segment = APAC + Mobile + Safari + Paid Search + SMB; check recent releases, tracking changes, campaign mix, and operational issues."
2026-06-14,conversion_rate,residual_anomaly,full_segment,APAC + Mobile + Safari + Email + SMB,0.052632,0.07019228571428572,0.017560285714285723,0.0668800296417567,9,1,WARNING,"Review conversion_rate drivers for full_segment = APAC + Mobile + Safari + Email + SMB; check recent releases, tracking changes, campaign mix, and operational issues."
2026-06-14,conversion_rate,residual_anomaly,region,APAC,0.05058222222222222,0.07975599603174605,0.2625639642857144,1.0,1,9,CRITICAL,"Review conversion_rate drivers for region = APAC; check recent releases, tracking changes, campaign mix, and operational issues."
2026-06-14,conversion_rate,residual_anomaly,region_device_browser,APAC + Mobile + Safari,0.05058222222222222,0.07975599603174605,0.2625639642857144,1.0,1,9,CRITICAL,"Review conversion_rate drivers for region_device_browser = APAC + Mobile + Safari; check recent releases, tracking changes, campaign mix, and operational issues."
2026-06-14,revenue_per_session,residual_anomaly,browser,Firefox,0.31018,0.39065692857142853,0.08047692857142852,0.5156660738849643,1,1,WARNING,"Review revenue_per_session drivers for browser = Firefox; check recent releases, tracking changes, campaign mix, and operational issues."
2026-06-14,revenue_per_session,residual_anomaly,browser,Chrome,0.337394,0.41298110714285713,0.0755871071428571,0.4843339261150357,2,1,WARNING,"Review revenue_per_session drivers for browser = Chrome; check recent releases, tracking changes, campaign mix, and operational issues."
2026-06-14,revenue_per_session,residual_anomaly,business_segment,SMB,0.32378700000000005,0.4018190178571428,0.15606403571428562,1.0,1,2,WARNING,"Review revenue_per_session drivers for business_segment = SMB; check recent releases, tracking changes, campaign mix, and operational issues."
2026-06-14,revenue_per_session,residual_anomaly,channel,Organic,0.32378700000000005,0.4018190178571428,0.15606403571428562,1.0,1,2,WARNING,"Review revenue_per_session drivers for channel = Organic; check recent releases, tracking changes, campaign mix, and operational issues."
2026-06-14,revenue_per_session,residual_anomaly,device_type,Desktop,0.32378700000000005,0.4018190178571428,0.15606403571428562,1.0,1,2,WARNING,"Review revenue_per_session drivers for device_type = Desktop; check recent releases, tracking changes, campaign mix, and operational issues."
2026-06-14,revenue_per_session,residual_anomaly,full_segment,North America + Desktop + Firefox + Organic + SMB,0.31018,0.39065692857142853,0.08047692857142852,0.5156660738849643,1,1,WARNING,"Review revenue_per_session drivers for full_segment = North America + Desktop + Firefox + Organic + SMB; check recent releases, tracking changes, campaign mix, and operational issues."
2026-06-14,revenue_per_session,residual_anomaly,full_segment,North America + Desktop + Chrome + Organic + SMB,0.337394,0.41298110714285713,0.0755871071428571,0.4843339261150357,2,1,WARNING,"Review revenue_per_session drivers for full_segment = North America + Desktop + Chrome + Organic + SMB; check recent releases, tracking changes, campaign mix, and operational issues."
2026-06-14,revenue_per_session,residual_anomaly,region,North America,0.32378700000000005,0.4018190178571428,0.15606403571428562,1.0,1,2,WARNING,"Review revenue_per_session drivers for region = North America; check recent releases, tracking changes, campaign mix, and operational issues."
2026-06-14,revenue_per_session,residual_anomaly,region_device_browser,North America + Desktop + Firefox,0.31018,0.39065692857142853,0.08047692857142852,0.5156660738849643,1,1,WARNING,"Review revenue_per_session drivers for region_device_browser = North America + Desktop + Firefox; check recent releases, tracking changes, campaign mix, and operational issues."
2026-06-14,revenue_per_session,residual_anomaly,region_device_browser,North America + Desktop + Chrome,0.337394,0.41298110714285713,0.0755871071428571,0.4843339261150357,2,1,WARNING,"Review revenue_per_session drivers for region_device_browser = North America + Desktop + Chrome; check recent releases, tracking changes, campaign mix, and operational issues."
2026-06-15,revenue_per_session,residual_anomaly,browser,Safari,0.388666,0.49640124999999996,0.10773524999999995,0.5582666233366298,1,1,WARNING,"Review revenue_per_session drivers for browser = Safari; check recent releases, tracking changes, campaign mix, and operational issues."
2026-06-15,revenue_per_session,residual_anomaly,browser,Chrome,0.373903,0.4591494642857143,0.08524646428571431,0.4417333766633702,2,1,WARNING,"Review revenue_per_session drivers for browser = Chrome; check recent releases, tracking changes, campaign mix, and operational issues."
2026-06-15,revenue_per_session,residual_anomaly,business_segment,Enterprise,0.388666,0.49640124999999996,0.10773524999999995,0.5582666233366298,1,1,WARNING,"Review revenue_per_session drivers for business_segment = Enterprise; check recent releases, tracking changes, campaign mix, and operational issues."
2026-06-15,revenue_per_session,residual_anomaly,business_segment,Mid-Market,0.373903,0.4591494642857143,0.08524646428571431,0.4417333766633702,2,1,WARNING,"Review revenue_per_session drivers for business_segment = Mid-Market; check recent releases, tracking changes, campaign mix, and operational issues."
2026-06-15,revenue_per_session,residual_anomaly,channel,Email,0.388666,0.49640124999999996,0.10773524999999995,0.5582666233366298,1,1,WARNING,"Review revenue_per_session drivers for channel = Email; check recent releases, tracking changes, campaign mix, and operational issues."
2026-06-15,revenue_per_session,residual_anomaly,channel,Organic,0.373903,0.4591494642857143,0.08524646428571431,0.4417333766633702,2,1,WARNING,"Review revenue_per_session drivers for channel = Organic; check recent releases, tracking changes, campaign mix, and operational issues."
2026-06-15,revenue_per_session,residual_anomaly,device_type,Mobile,0.388666,0.49640124999999996,0.10773524999999995,0.5582666233366298,1,1,WARNING,"Review revenue_per_session drivers for device_type = Mobile; check recent releases, tracking changes, campaign mix, and operational issues."
2026-06-15,revenue_per_session,residual_anomaly,device_type,Desktop,0.373903,0.4591494642857143,0.08524646428571431,0.4417333766633702,2,1,WARNING,"Review revenue_per_session drivers for device_type = Desktop; check recent releases, tracking changes, campaign mix, and operational issues."
2026-06-15,revenue_per_session,residual_anomaly,full_segment,EMEA + Mobile + Safari + Email + Enterprise,0.388666,0.49640124999999996,0.10773524999999995,0.5582666233366298,1,1,WARNING,"Review revenue_per_session drivers for full_segment = EMEA + Mobile + Safari + Email + Enterprise; check recent releases, tracking changes, campaign mix, and operational issues."
2026-06-15,revenue_per_session,residual_anomaly,full_segment,APAC + Desktop + Chrome + Organic + Mid-Market,0.373903,0.4591494642857143,0.08524646428571431,0.4417333766633702,2,1,WARNING,"Review revenue_per_session drivers for full_segment = APAC + Desktop + Chrome + Organic + Mid-Market; check recent releases, tracking changes, campaign mix, and operational issues."
2026-06-15,revenue_per_session,residual_anomaly,region,EMEA,0.388666,0.49640124999999996,0.10773524999999995,0.5582666233366298,1,1,WARNING,"Review revenue_per_session drivers for region = EMEA; check recent releases, tracking changes, campaign mix, and operational issues."
2026-06-15,revenue_per_session,residual_anomaly,region,APAC,0.373903,0.4591494642857143,0.08524646428571431,0.4417333766633702,2,1,WARNING,"Review revenue_per_session drivers for region = APAC; check recent releases, tracking changes, campaign mix, and operational issues."
2026-06-15,revenue_per_session,residual_anomaly,region_device_browser,EMEA + Mobile + Safari,0.388666,0.49640124999999996,0.10773524999999995,0.5582666233366298,1,1,WARNING,"Review revenue_per_session drivers for region_device_browser = EMEA + Mobile + Safari; check recent releases, tracking changes, campaign mix, and operational issues."
2026-06-15,revenue_per_session,residual_anomaly,region_device_browser,APAC + Desktop + Chrome,0.373903,0.4591494642857143,0.08524646428571431,0.4417333766633702,2,1,WARNING,"Review revenue_per_session drivers for region_device_browser = APAC + Desktop + Chrome; check recent releases, tracking changes, campaign mix, and operational issues."
2026-06-16,revenue_per_session,residual_anomaly,browser,Chrome,0.31964,0.4287202857142857,0.10908028571428574,0.5287387920459491,1,1,WARNING,"Review revenue_per_session drivers for browser = Chrome; check recent releases, tracking changes, campaign mix, and operational issues."
2026-06-16,revenue_per_session,residual_anomaly,browser,Safari,0.393329,0.49055150000000003,0.09722250000000004,0.47126120795405096,2,1,WARNING,"Review revenue_per_session drivers for browser = Safari; check recent releases, tracking changes, campaign mix, and operational issues."
2026-06-16,revenue_per_session,residual_anomaly,business_segment,SMB,0.31964,0.4287202857142857,0.10908028571428574,0.5287387920459491,1,1,WARNING,"Review revenue_per_session drivers for business_segment = SMB; check recent releases, tracking changes, campaign mix, and operational issues."
2026-06-16,revenue_per_session,residual_anomaly,business_segment,Enterprise,0.393329,0.49055150000000003,0.09722250000000004,0.47126120795405096,2,1,WARNING,"Review revenue_per_session drivers for business_segment = Enterprise; check recent releases, tracking changes, campaign mix, and operational issues."
2026-06-16,revenue_per_session,residual_anomaly,channel,Paid Search,0.31964,0.4287202857142857,0.10908028571428574,0.5287387920459491,1,1,WARNING,"Review revenue_per_session drivers for channel = Paid Search; check recent releases, tracking changes, campaign mix, and operational issues."
2026-06-16,revenue_per_session,residual_anomaly,channel,Email,0.393329,0.49055150000000003,0.09722250000000004,0.47126120795405096,2,1,WARNING,"Review revenue_per_session drivers for channel = Email; check recent releases, tracking changes, campaign mix, and operational issues."
2026-06-16,revenue_per_session,residual_anomaly,device_type,Mobile,0.3564845,0.4596358928571429,0.20630278571428579,1.0,1,2,WARNING,"Review revenue_per_session drivers for device_type = Mobile; check recent releases, tracking changes, campaign mix, and operational issues."
2026-06-16,revenue_per_session,residual_anomaly,full_segment,EMEA + Mobile + Chrome + Paid Search + SMB,0.31964,0.4287202857142857,0.10908028571428574,0.5287387920459491,1,1,WARNING,"Review revenue_per_session drivers for full_segment = EMEA + Mobile + Chrome + Paid Search + SMB; check recent releases, tracking changes, campaign mix, and operational issues."
2026-06-16,revenue_per_session,residual_anomaly,full_segment,EMEA + Mobile + Safari + Email + Enterprise,0.393329,0.49055150000000003,0.09722250000000004,0.47126120795405096,2,1,WARNING,"Review revenue_per_session drivers for full_segment = EMEA + Mobile + Safari + Email + Enterprise; check recent releases, tracking changes, campaign mix, and operational issues."
2026-06-16,revenue_per_session,residual_anomaly,region,EMEA,0.3564845,0.4596358928571429,0.20630278571428579,1.0,1,2,WARNING,"Review revenue_per_session drivers for region = EMEA; check recent releases, tracking changes, campaign mix, and operational issues."
2026-06-16,revenue_per_session,residual_anomaly,region_device_browser,EMEA + Mobile + Chrome,0.31964,0.4287202857142857,0.10908028571428574,0.5287387920459491,1,1,WARNING,"Review revenue_per_session drivers for region_device_browser = EMEA + Mobile + Chrome; check recent releases, tracking changes, campaign mix, and operational issues."
2026-06-16,revenue_per_session,residual_anomaly,region_device_browser,EMEA + Mobile + Safari,0.393329,0.49055150000000003,0.09722250000000004,0.47126120795405096,2,1,WARNING,"Review revenue_per_session drivers for region_device_browser = EMEA + Mobile + Safari; check recent releases, tracking changes, campaign mix, and operational issues."
2026-06-17,revenue_per_session,residual_anomaly,browser,Safari,0.195285,0.26649903571428574,0.07121403571428575,0.5488797885731856,1,1,WARNING,"Review revenue_per_session drivers for browser = Safari; check recent releases, tracking changes, campaign mix, and operational issues."
2026-06-17,revenue_per_session,residual_anomaly,browser,Chrome,0.246053,0.3045832857142857,0.05853028571428573,0.45112021142681435,2,1,WARNING,"Review revenue_per_session drivers for browser = Chrome; check recent releases, tracking changes, campaign mix, and operational issues."
2026-06-17,revenue_per_session,residual_anomaly,business_segment,SMB,0.220669,0.2855411607142857,0.12974432142857148,1.0,1,2,WARNING,"Review revenue_per_session drivers for business_segment = SMB; check recent releases, tracking changes, campaign mix, and operational issues."
2026-06-17,revenue_per_session,residual_anomaly,channel,Email,0.220669,0.2855411607142857,0.12974432142857148,1.0,1,2,WARNING,"Review revenue_per_session drivers for channel = Email; check recent releases, tracking changes, campaign mix, and operational issues."
2026-06-17,revenue_per_session,residual_anomaly,device_type,Mobile,0.195285,0.26649903571428574,0.07121403571428575,0.5488797885731856,1,1,WARNING,"Review revenue_per_session drivers for device_type = Mobile; check recent releases, tracking changes, campaign mix, and operational issues."
2026-06-17,revenue_per_session,residual_anomaly,device_type,Desktop,0.246053,0.3045832857142857,0.05853028571428573,0.45112021142681435,2,1,WARNING,"Review revenue_per_session drivers for device_type = Desktop; check recent releases, tracking changes, campaign mix, and operational issues."
2026-06-17,revenue_per_session,residual_anomaly,full_segment,North America + Mobile + Safari + Email + SMB,0.195285,0.26649903571428574,0.07121403571428575,0.5488797885731856,1,1,WARNING,"Review revenue_per_session drivers for full_segment = North America + Mobile + Safari + Email + SMB; check recent releases, tracking changes, campaign mix, and operational issues."
2026-06-17,revenue_per_session,residual_anomaly,full_segment,EMEA + Desktop + Chrome + Email + SMB,0.246053,0.3045832857142857,0.05853028571428573,0.45112021142681435,2,1,WARNING,"Review revenue_per_session drivers for full_segment = EMEA + Desktop + Chrome + Email + SMB; check recent releases, tracking changes, campaign mix, and operational issues."
2026-06-17,revenue_per_session,residual_anomaly,region,North America,0.195285,0.26649903571428574,0.07121403571428575,0.5488797885731856,1,1,WARNING,"Review revenue_per_session drivers for region = North America; check recent releases, tracking changes, campaign mix, and operational issues."
2026-06-17,revenue_per_session,residual_anomaly,region,EMEA,0.246053,0.3045832857142857,0.05853028571428573,0.45112021142681435,2,1,WARNING,"Review revenue_per_session drivers for region = EMEA; check recent releases, tracking changes, campaign mix, and operational issues."
2026-06-17,revenue_per_session,residual_anomaly,region_device_browser,North America + Mobile + Safari,0.195285,0.26649903571428574,0.07121403571428575,0.5488797885731856,1,1,WARNING,"Review revenue_per_session drivers for region_device_browser = North America + Mobile + Safari; check recent releases, tracking changes, campaign mix, and operational issues."
2026-06-17,revenue_per_session,residual_anomaly,region_device_browser,EMEA + Desktop + Chrome,0.246053,0.3045832857142857,0.05853028571428573,0.45112021142681435,2,1,WARNING,"Review revenue_per_session drivers for region_device_browser = EMEA + Desktop + Chrome; check recent releases, tracking changes, campaign mix, and operational issues."
2026-06-18,revenue_per_session,residual_anomaly,browser,Chrome,0.46689949999999997,0.7347180491071428,2.142548392857143,0.3596821508043947,1,8,CRITICAL,"Review revenue_per_session drivers for browser = Chrome; check recent releases, tracking changes, campaign mix, and operational issues."
2026-06-18,revenue_per_session,residual_anomaly,browser,Firefox,0.436041,0.7116381224489796,1.9291798571428571,0.3238627246968903,2,7,CRITICAL,"Review revenue_per_session drivers for browser = Firefox; check recent releases, tracking changes, campaign mix, and operational issues."
2026-06-18,revenue_per_session,residual_anomaly,browser,Safari,0.4661887142857143,0.7354821989795918,1.8850543928571426,0.3164551244987152,3,7,CRITICAL,"Review revenue_per_session drivers for browser = Safari; check recent releases, tracking changes, campaign mix, and operational issues."
2026-06-18,revenue_per_session,residual_anomaly,business_segment,Enterprise,0.4823957894736843,0.7851482744360903,5.752297214285713,0.9656718331301496,1,19,CRITICAL,"Review revenue_per_session drivers for business_segment = Enterprise; check recent releases, tracking changes, campaign mix, and operational issues."
2026-06-18,revenue_per_session,residual_anomaly,business_segment,SMB,0.29509466666666667,0.3632564761904762,0.20448542857142854,0.03432816686985042,2,3,WARNING,"Review revenue_per_session drivers for business_segment = SMB; check recent releases, tracking changes, campaign mix, and operational issues."
2026-06-18,revenue_per_session,residual_anomaly,channel,Paid Search,0.47831568421052634,0.7780407687969925,5.694776607142856,0.9560155118252535,1,19,CRITICAL,"Review revenue_per_session drivers for channel = Paid Search; check recent releases, tracking changes, campaign mix, and operational issues."
2026-06-18,revenue_per_session,residual_anomaly,channel,Organic,0.3766435,0.47826514285714283,0.20324328571428563,0.034119641071341994,2,2,WARNING,"Review revenue_per_session drivers for channel = Organic; check recent releases, tracking changes, campaign mix, and operational issues."
2026-06-18,revenue_per_session,residual_anomaly,channel,Email,0.209519,0.26828175,0.058762749999999975,0.009864847103404585,3,1,WARNING,"Review revenue_per_session drivers for channel = Email; check recent releases, tracking changes, campaign mix, and operational issues."
2026-06-18,revenue_per_session,residual_anomaly,device_type,Desktop,0.4588243636363636,0.7489698246753246,3.191600071428571,0.5357926019435444,1,11,CRITICAL,"Review revenue_per_session drivers for device_type = Desktop; check recent releases, tracking changes, campaign mix, and operational issues."
2026-06-18,revenue_per_session,residual_anomaly,device_type,Mobile,0.4548850909090909,0.7062653246753247,2.7651825714285714,0.4642073980564557,2,11,CRITICAL,"Review revenue_per_session drivers for device_type = Mobile; check recent releases, tracking changes, campaign mix, and operational issues."
2026-06-18,revenue_per_session,residual_anomaly,full_segment,North America + Desktop + Chrome + Paid Search + Enterprise,0.54357,0.9630342857142857,0.41946428571428573,0.07041792706961887,1,1,WARNING,"Review revenue_per_session drivers for full_segment = North America + Desktop + Chrome + Paid Search + Enterprise; check recent releases, tracking changes, campaign mix, and operational issues."
2026-06-18,revenue_per_session,residual_anomaly,full_segment,EMEA + Desktop + Chrome + Paid Search + Enterprise,0.455392,0.8617494642857143,0.4063574642857143,0.06821760817023986,2,1,CRITICAL,"Review revenue_per_session drivers for full_segment = EMEA + Desktop + Chrome + Paid Search + Enterprise; check recent releases, tracking changes, campaign mix, and operational issues."
2026-06-18,revenue_per_session,residual_anomaly,full_segment,EMEA + Desktop + Firefox + Paid Search + Enterprise,0.468906,0.8142473214285715,0.3453413214285715,0.0579744708064302,3,1,CRITICAL,"Review revenue_per_session drivers for full_segment = EMEA + Desktop + Firefox + Paid Search + Enterprise; check recent releases, tracking changes, campaign mix, and operational issues."
2026-06-18,revenue_per_session,residual_anomaly,full_segment,North America + Desktop + Firefox + Paid Search + Enterprise,0.553662,0.89480175,0.34113974999999996,0.05726912839585733,4,1,WARNING,"Review revenue_per_session drivers for full_segment = North America + Desktop + Firefox + Paid Search + Enterprise; check recent releases, tracking changes, campaign mix, and operational issues."
2026-06-18,revenue_per_session,residual_anomaly,full_segment,North America + Desktop + Safari + Paid Search + Enterprise,0.519428,0.8587213571428572,0.33929335714285724,0.05695916360985716,5,1,WARNING,"Review revenue_per_session drivers for full_segment = North America + Desktop + Safari + Paid Search + Enterprise; check recent releases, tracking changes, campaign mix, and operational issues."
2026-06-18,revenue_per_session,residual_anomaly,full_segment,North America + Mobile + Chrome + Paid Search + Enterprise,0.531578,0.8691917857142857,0.3376137857142857,0.056677204114392685,6,1,WARNING,"Review revenue_per_session drivers for full_segment = North America + Mobile + Chrome + Paid Search + Enterprise; check recent releases, tracking changes, campaign mix, and operational issues."
2026-06-18,revenue_per_session,residual_anomaly,full_segment,APAC + Desktop + Safari + Paid Search + Enterprise,0.430247,0.7638074642857143,0.33356046428571434,0.05599674929984078,7,1,CRITICAL,"Review revenue_per_session drivers for full_segment = APAC + Desktop + Safari + Paid Search + Enterprise; check recent releases, tracking changes, campaign mix, and operational issues."
2026-06-18,revenue_per_session,residual_anomaly,full_segment,EMEA + Mobile + Firefox + Paid Search + Enterprise,0.424297,0.7403309285714286,0.3160339285714286,0.05305446707047288,8,1,CRITICAL,"Review revenue_per_session drivers for full_segment = EMEA + Mobile + Firefox + Paid Search + Enterprise; check recent releases, tracking changes, campaign mix, and operational issues."
2026-06-18,revenue_per_session,residual_anomaly,full_segment,APAC + Desktop + Chrome + Paid Search + Enterprise,0.522505,0.8226977857142856,0.30019278571428565,0.050395121613888476,9,1,WARNING,"Review revenue_per_session drivers for full_segment = APAC + Desktop + Chrome + Paid Search + Enterprise; check recent releases, tracking changes, campaign mix, and operational issues."
2026-06-18,revenue_per_session,residual_anomaly,full_segment,North America + Mobile + Firefox + Paid Search + Enterprise,0.491635,0.7879809642857143,0.2963459642857143,0.049749333164114486,10,1,WARNING,"Review revenue_per_session drivers for full_segment = North America + Mobile + Firefox + Paid Search + Enterprise; check recent releases, tracking changes, campaign mix, and operational issues."
2026-06-18,revenue_per_session,residual_anomaly,full_segment,EMEA + Desktop + Safari + Paid Search + Enterprise,0.485111,0.7742831071428571,0.28917210714285707,0.04854501573758231,11,1,WARNING,"Review revenue_per_session drivers for full_segment = EMEA + Desktop + Safari + Paid Search + Enterprise; check recent releases, tracking changes, campaign mix, and operational issues."
2026-06-18,revenue_per_session,residual_anomaly,full_segment,APAC + Desktop + Firefox + Paid Search + Enterprise,0.489622,0.7769589285714285,0.28733692857142845,0.04823693355942373,12,1,WARNING,"Review revenue_per_session drivers for full_segment = APAC + Desktop + Firefox + Paid Search + Enterprise; check recent releases, tracking changes, campaign mix, and operational issues."
2026-06-18,revenue_per_session,residual_anomaly,full_segment,EMEA + Mobile + Chrome + Paid Search + Enterprise,0.490275,0.7772047142857142,0.28692971428571423,0.048168572111620615,13,1,WARNING,"Review revenue_per_session drivers for full_segment = EMEA + Mobile + Chrome + Paid Search + Enterprise; check recent releases, tracking changes, campaign mix, and operational issues."
2026-06-18,revenue_per_session,residual_anomaly,full_segment,APAC + Mobile + Firefox + Paid Search + Enterprise,0.414646,0.6988652142857144,0.28421921428571434,0.047713544597187116,14,1,CRITICAL,"Review revenue_per_session drivers for full_segment = APAC + Mobile + Firefox + Paid Search + Enterprise; check recent releases, tracking changes, campaign mix, and operational issues."
2026-06-18,revenue_per_session,residual_anomaly,full_segment,APAC + Mobile + Safari + Paid Search + Enterprise,0.401553,0.680303107142857,0.27875010714285703,0.04679541354041347,15,1,CRITICAL,"Review revenue_per_session drivers for full_segment = APAC + Mobile + Safari + Paid Search + Enterprise; check recent releases, tracking changes, campaign mix, and operational issues."
2026-06-18,revenue_per_session,residual_anomaly,full_segment,North America + Mobile + Safari + Paid Search + Enterprise,0.510911,0.7790187499999999,0.26810774999999987,0.04500881869871339,16,1,WARNING,"Review revenue_per_session drivers for full_segment = North America + Mobile + Safari + Paid Search + Enterprise; check recent releases, tracking changes, campaign mix, and operational issues."
2026-06-18,revenue_per_session,residual_anomaly,full_segment,EMEA + Mobile + Safari + Paid Search + Enterprise,0.469443,0.7171141428571428,0.2476711428571428,0.041578005730010754,17,1,WARNING,"Review revenue_per_session drivers for full_segment = EMEA + Mobile + Safari + Paid Search + Enterprise; check recent releases, tracking changes, campaign mix, and operational issues."
2026-06-18,revenue_per_session,residual_anomaly,full_segment,APAC + Mobile + Chrome + Paid Search + Enterprise,0.516111,0.7623786785714286,0.24626767857142862,0.0413423979581883,18,1,WARNING,"Review revenue_per_session drivers for full_segment = APAC + Mobile + Chrome + Paid Search + Enterprise; check recent releases, tracking changes, campaign mix, and operational issues."
2026-06-18,revenue_per_session,residual_anomaly,full_segment,EMEA + Mobile + Safari + Organic + Enterprise,0.446628,0.5751274642857143,0.12849946428571424,0.021571957882297366,19,1,WARNING,"Review revenue_per_session drivers for full_segment = EMEA + Mobile + Safari + Organic + Enterprise; check recent releases, tracking changes, campaign mix, and operational issues."
2026-06-18,revenue_per_session,residual_anomaly,full_segment,North America + Mobile + Chrome + Organic + SMB,0.306659,0.3814028214285714,0.07474382142857139,0.01254768318904463,20,1,WARNING,"Review revenue_per_session drivers for full_segment = North America + Mobile + Chrome + Organic + SMB; check recent releases, tracking changes, campaign mix, and operational issues."
2026-06-18,revenue_per_session,residual_anomaly,full_segment,APAC + Desktop + Chrome + Paid Search + SMB,0.369106,0.44008485714285717,0.07097885714285718,0.011915636577401205,21,1,WARNING,"Review revenue_per_session drivers for full_segment = APAC + Desktop + Chrome + Paid Search + SMB; check recent releases, tracking changes, campaign mix, and operational issues."
2026-06-18,revenue_per_session,residual_anomaly,full_segment,APAC + Desktop + Firefox + Email + SMB,0.209519,0.26828175,0.058762749999999975,0.009864847103404585,22,1,WARNING,"Review revenue_per_session drivers for full_segment = APAC + Desktop + Firefox + Email + SMB; check recent releases, tracking changes, campaign mix, and operational issues."
2026-06-18,revenue_per_session,residual_anomaly,region,North America,0.4939204285714286,0.7905931020408162,2.076708714285714,0.3486292582415985,1,7,WARNING,"Review revenue_per_session drivers for region = North America; check recent releases, tracking changes, campaign mix, and operational issues."
2026-06-18,revenue_per_session,residual_anomaly,region,EMEA,0.46286457142857146,0.7514367346938775,2.020005142857143,0.339110097508654,2,7,CRITICAL,"Review revenue_per_session drivers for region = EMEA; check recent releases, tracking changes, campaign mix, and operational issues."
2026-06-18,revenue_per_session,residual_anomaly,region,APAC,0.41916362500000004,0.6516722232142858,1.8600687857142857,0.3122606442497477,3,8,CRITICAL,"Review revenue_per_session drivers for region = APAC; check recent releases, tracking changes, campaign mix, and operational issues."
2026-06-18,revenue_per_session,residual_anomaly,region_device_browser,North America + Desktop + Chrome,0.54357,0.9630342857142857,0.41946428571428573,0.07041792706961887,1,1,WARNING,"Review revenue_per_session drivers for region_device_browser = North America + Desktop + Chrome; check recent releases, tracking changes, campaign mix, and operational issues."
2026-06-18,revenue_per_session,residual_anomaly,region_device_browser,North America + Mobile + Chrome,0.4191185,0.6252973035714285,0.4123576071428571,0.06922488730343732,2,2,WARNING,"Review revenue_per_session drivers for region_device_browser = North America + Mobile + Chrome; check recent releases, tracking changes, campaign mix, and operational issues."
2026-06-18,revenue_per_session,residual_anomaly,region_device_browser,EMEA + Desktop + Chrome,0.455392,0.8617494642857143,0.4063574642857143,0.06821760817023986,3,1,CRITICAL,"Review revenue_per_session drivers for region_device_browser = EMEA + Desktop + Chrome; check recent releases, tracking changes, campaign mix, and operational issues."
2026-06-18,revenue_per_session,residual_anomaly,region_device_browser,EMEA + Mobile + Safari,0.45803550000000004,0.6461208035714285,0.37617060714285705,0.06314996361230811,4,2,WARNING,"Review revenue_per_session drivers for region_device_browser = EMEA + Mobile + Safari; check recent releases, tracking changes, campaign mix, and operational issues."
2026-06-18,revenue_per_session,residual_anomaly,region_device_browser,APAC + Desktop + Chrome,0.44580549999999997,0.6313913214285714,0.3711716428571428,0.062310758191289686,5,2,WARNING,"Review revenue_per_session drivers for region_device_browser = APAC + Desktop + Chrome; check recent releases, tracking changes, campaign mix, and operational issues."
2026-06-18,revenue_per_session,residual_anomaly,region_device_browser,APAC + Desktop + Firefox,0.3495705,0.5226203392857143,0.3460996785714284,0.05810178066282832,6,2,WARNING,"Review revenue_per_session drivers for region_device_browser = APAC + Desktop + Firefox; check recent releases, tracking changes, campaign mix, and operational issues."
2026-06-18,revenue_per_session,residual_anomaly,region_device_browser,EMEA + Desktop + Firefox,0.468906,0.8142473214285715,0.3453413214285715,0.0579744708064302,7,1,CRITICAL,"Review revenue_per_session drivers for region_device_browser = EMEA + Desktop + Firefox; check recent releases, tracking changes, campaign mix, and operational issues."
2026-06-18,revenue_per_session,residual_anomaly,region_device_browser,North America + Desktop + Firefox,0.553662,0.89480175,0.34113974999999996,0.05726912839585733,8,1,WARNING,"Review revenue_per_session drivers for region_device_browser = North America + Desktop + Firefox; check recent releases, tracking changes, campaign mix, and operational issues."
2026-06-18,revenue_per_session,residual_anomaly,region_device_browser,North America + Desktop + Safari,0.519428,0.8587213571428572,0.33929335714285724,0.05695916360985716,9,1,WARNING,"Review revenue_per_session drivers for region_device_browser = North America + Desktop + Safari; check recent releases, tracking changes, campaign mix, and operational issues."
2026-06-18,revenue_per_session,residual_anomaly,region_device_browser,APAC + Desktop + Safari,0.430247,0.7638074642857143,0.33356046428571434,0.05599674929984078,10,1,CRITICAL,"Review revenue_per_session drivers for region_device_browser = APAC + Desktop + Safari; check recent releases, tracking changes, campaign mix, and operational issues."
2026-06-18,revenue_per_session,residual_anomaly,region_device_browser,EMEA + Mobile + Firefox,0.424297,0.7403309285714286,0.3160339285714286,0.05305446707047288,11,1,CRITICAL,"Review revenue_per_session drivers for region_device_browser = EMEA + Mobile + Firefox; check recent releases, tracking changes, campaign mix, and operational issues."
2026-06-18,revenue_per_session,residual_anomaly,region_device_browser,North America + Mobile + Firefox,0.491635,0.7879809642857143,0.2963459642857143,0.049749333164114486,12,1,WARNING,"Review revenue_per_session drivers for region_device_browser = North America + Mobile + Firefox; check recent releases, tracking changes, campaign mix, and operational issues."
2026-06-18,revenue_per_session,residual_anomaly,region_device_browser,EMEA + Desktop + Safari,0.485111,0.7742831071428571,0.28917210714285707,0.04854501573758231,13,1,WARNING,"Review revenue_per_session drivers for region_device_browser = EMEA + Desktop + Safari; check recent releases, tracking changes, campaign mix, and operational issues."
2026-06-18,revenue_per_session,residual_anomaly,region_device_browser,EMEA + Mobile + Chrome,0.490275,0.7772047142857142,0.28692971428571423,0.048168572111620615,14,1,WARNING,"Review revenue_per_session drivers for region_device_browser = EMEA + Mobile + Chrome; check recent releases, tracking changes, campaign mix, and operational issues."
2026-06-18,revenue_per_session,residual_anomaly,region_device_browser,APAC + Mobile + Firefox,0.414646,0.6988652142857144,0.28421921428571434,0.047713544597187116,15,1,CRITICAL,"Review revenue_per_session drivers for region_device_browser = APAC + Mobile + Firefox; check recent releases, tracking changes, campaign mix, and operational issues."
2026-06-18,revenue_per_session,residual_anomaly,region_device_browser,APAC + Mobile + Safari,0.401553,0.680303107142857,0.27875010714285703,0.04679541354041347,16,1,CRITICAL,"Review revenue_per_session drivers for region_device_browser = APAC + Mobile + Safari; check recent releases, tracking changes, campaign mix, and operational issues."
2026-06-18,revenue_per_session,residual_anomaly,region_device_browser,North America + Mobile + Safari,0.510911,0.7790187499999999,0.26810774999999987,0.04500881869871339,17,1,WARNING,"Review revenue_per_session drivers for region_device_browser = North America + Mobile + Safari; check recent releases, tracking changes, campaign mix, and operational issues."
2026-06-18,revenue_per_session,residual_anomaly,region_device_browser,APAC + Mobile + Chrome,0.516111,0.7623786785714286,0.24626767857142862,0.0413423979581883,18,1,WARNING,"Review revenue_per_session drivers for region_device_browser = APAC + Mobile + Chrome; check recent releases, tracking changes, campaign mix, and operational issues."
2026-06-19,revenue_per_session,residual_anomaly,browser,Firefox,0.4278743333333333,0.664315857142857,2.127973714285714,0.3595774309509445,1,9,CRITICAL,"Review revenue_per_session drivers for browser = Firefox; check recent releases, tracking changes, campaign mix, and operational issues."
2026-06-19,revenue_per_session,residual_anomaly,browser,Chrome,0.47888375000000005,0.7276275401785715,1.9899503214285714,0.33625472885104407,2,8,WARNING,"Review revenue_per_session drivers for browser = Chrome; check recent releases, tracking changes, campaign mix, and operational issues."
2026-06-19,revenue_per_session,residual_anomaly,browser,Safari,0.44516685714285714,0.7023183724489795,1.8000606071428575,0.3041678401980115,3,7,CRITICAL,"Review revenue_per_session drivers for browser = Safari; check recent releases, tracking changes, campaign mix, and operational issues."
2026-06-19,revenue_per_session,residual_anomaly,business_segment,Enterprise,0.48653144444444446,0.7860004206349207,5.390441571428571,0.9108576477863453,1,18,CRITICAL,"Review revenue_per_session drivers for business_segment = Enterprise; check recent releases, tracking changes, campaign mix, and operational issues."
2026-06-19,revenue_per_session,residual_anomaly,business_segment,Mid-Market,0.329637,0.4260736785714286,0.2893100357142857,0.04888658101934678,2,3,WARNING,"Review revenue_per_session drivers for business_segment = Mid-Market; check recent releases, tracking changes, campaign mix, and operational issues."
2026-06-19,revenue_per_session,residual_anomaly,business_segment,SMB,0.3505433333333334,0.4299543452380952,0.23823303571428567,0.040255771194308,3,3,WARNING,"Review revenue_per_session drivers for business_segment = SMB; check recent releases, tracking changes, campaign mix, and operational issues."
2026-06-19,revenue_per_session,residual_anomaly,channel,Paid Search,0.46710457142857154,0.7351366955782312,5.628674607142857,0.9511134189806533,1,21,CRITICAL,"Review revenue_per_session drivers for channel = Paid Search; check recent releases, tracking changes, campaign mix, and operational issues."
2026-06-19,revenue_per_session,residual_anomaly,channel,Organic,0.3345985,0.4400965714285714,0.21099614285714285,0.03565337789644484,2,2,WARNING,"Review revenue_per_session drivers for channel = Organic; check recent releases, tracking changes, campaign mix, and operational issues."
2026-06-19,revenue_per_session,residual_anomaly,channel,Email,0.319714,0.39802789285714285,0.07831389285714285,0.01323320312290194,3,1,WARNING,"Review revenue_per_session drivers for channel = Email; check recent releases, tracking changes, campaign mix, and operational issues."
2026-06-19,revenue_per_session,residual_anomaly,device_type,Desktop,0.4457945,0.6829462551020409,3.320124571428571,0.5610228433823121,1,14,CRITICAL,"Review revenue_per_session drivers for device_type = Desktop; check recent releases, tracking changes, campaign mix, and operational issues."
2026-06-19,revenue_per_session,residual_anomaly,device_type,Mobile,0.4556984,0.715484407142857,2.5978600714285713,0.4389771566176879,2,10,CRITICAL,"Review revenue_per_session drivers for device_type = Mobile; check recent releases, tracking changes, campaign mix, and operational issues."
2026-06-19,revenue_per_session,residual_anomaly,full_segment,EMEA + Desktop + Firefox + Paid Search + Enterprise,0.431979,0.7994738928571429,0.3674948928571429,0.06209798014611273,1,1,CRITICAL,"Review revenue_per_session drivers for full_segment = EMEA + Desktop + Firefox + Paid Search + Enterprise; check recent releases, tracking changes, campaign mix, and operational issues."
2026-06-19,revenue_per_session,residual_anomaly,full_segment,North America + Desktop + Chrome + Paid Search + Enterprise,0.594668,0.9522629285714286,0.3575949285714286,0.06042511938638378,2,1,WARNING,"Review revenue_per_session drivers for full_segment = North America + Desktop + Chrome + Paid Search + Enterprise; check recent releases, tracking changes, campaign mix, and operational issues."
2026-06-19,revenue_per_session,residual_anomaly,full_segment,North America + Desktop + Firefox + Paid Search + Enterprise,0.527875,0.8816525714285713,0.35377757142857136,0.059780075951290604,3,1,WARNING,"Review revenue_per_session drivers for full_segment = North America + Desktop + Firefox + Paid Search + Enterprise; check recent releases, tracking changes, campaign mix, and operational issues."
2026-06-19,revenue_per_session,residual_anomaly,full_segment,North America + Mobile + Safari + Paid Search + Enterprise,0.431361,0.7697600714285714,0.3383990714285714,0.057181471708786964,4,1,CRITICAL,"Review revenue_per_session drivers for full_segment = North America + Mobile + Safari + Paid Search + Enterprise; check recent releases, tracking changes, campaign mix, and operational issues."
2026-06-19,revenue_per_session,residual_anomaly,full_segment,APAC + Desktop + Safari + Paid Search + Enterprise,0.415793,0.7489495714285715,0.3331565714285715,0.056295612701645494,5,1,CRITICAL,"Review revenue_per_session drivers for full_segment = APAC + Desktop + Safari + Paid Search + Enterprise; check recent releases, tracking changes, campaign mix, and operational issues."
2026-06-19,revenue_per_session,residual_anomaly,full_segment,North America + Mobile + Chrome + Paid Search + Enterprise,0.540366,0.853426857142857,0.31306085714285703,0.05289991036403137,6,1,WARNING,"Review revenue_per_session drivers for full_segment = North America + Mobile + Chrome + Paid Search + Enterprise; check recent releases, tracking changes, campaign mix, and operational issues."
2026-06-19,revenue_per_session,residual_anomaly,full_segment,EMEA + Desktop + Chrome + Paid Search + Enterprise,0.536634,0.8469744285714286,0.3103404285714285,0.052440222018149636,7,1,WARNING,"Review revenue_per_session drivers for full_segment = EMEA + Desktop + Chrome + Paid Search + Enterprise; check recent releases, tracking changes, campaign mix, and operational issues."
2026-06-19,revenue_per_session,residual_anomaly,full_segment,EMEA + Mobile + Chrome + Paid Search + Enterprise,0.467268,0.7706392142857144,0.30337121428571434,0.05126258897137824,8,1,WARNING,"Review revenue_per_session drivers for full_segment = EMEA + Mobile + Chrome + Paid Search + Enterprise; check recent releases, tracking changes, campaign mix, and operational issues."
2026-06-19,revenue_per_session,residual_anomaly,full_segment,APAC + Desktop + Chrome + Paid Search + Enterprise,0.523128,0.8140283928571429,0.29090039285714286,0.04915531391387645,9,1,WARNING,"Review revenue_per_session drivers for full_segment = APAC + Desktop + Chrome + Paid Search + Enterprise; check recent releases, tracking changes, campaign mix, and operational issues."
2026-06-19,revenue_per_session,residual_anomaly,full_segment,APAC + Mobile + Firefox + Paid Search + Enterprise,0.403678,0.689037,0.28535900000000003,0.048218949054628105,10,1,CRITICAL,"Review revenue_per_session drivers for full_segment = APAC + Mobile + Firefox + Paid Search + Enterprise; check recent releases, tracking changes, campaign mix, and operational issues."
2026-06-19,revenue_per_session,residual_anomaly,full_segment,North America + Desktop + Safari + Paid Search + Enterprise,0.561734,0.8463432857142857,0.2846092857142858,0.04809226500068769,11,1,WARNING,"Review revenue_per_session drivers for full_segment = North America + Desktop + Safari + Paid Search + Enterprise; check recent releases, tracking changes, campaign mix, and operational issues."
2026-06-19,revenue_per_session,residual_anomaly,full_segment,APAC + Mobile + Chrome + Paid Search + Enterprise,0.472025,0.7543478928571429,0.2823228928571429,0.04770591846633118,12,1,WARNING,"Review revenue_per_session drivers for full_segment = APAC + Mobile + Chrome + Paid Search + Enterprise; check recent releases, tracking changes, campaign mix, and operational issues."
2026-06-19,revenue_per_session,residual_anomaly,full_segment,EMEA + Mobile + Safari + Paid Search + Enterprise,0.429962,0.7086147857142857,0.2786527857142857,0.047085756812602166,13,1,WARNING,"Review revenue_per_session drivers for full_segment = EMEA + Mobile + Safari + Paid Search + Enterprise; check recent releases, tracking changes, campaign mix, and operational issues."
2026-06-19,revenue_per_session,residual_anomaly,full_segment,EMEA + Desktop + Safari + Paid Search + Enterprise,0.489906,0.7668096071428572,0.27690360714285717,0.04679018683785752,14,1,WARNING,"Review revenue_per_session drivers for full_segment = EMEA + Desktop + Safari + Paid Search + Enterprise; check recent releases, tracking changes, campaign mix, and operational issues."
2026-06-19,revenue_per_session,residual_anomaly,full_segment,EMEA + Mobile + Firefox + Paid Search + Enterprise,0.454047,0.7284621071428571,0.2744151071428571,0.046369688957214376,15,1,WARNING,"Review revenue_per_session drivers for full_segment = EMEA + Mobile + Firefox + Paid Search + Enterprise; check recent releases, tracking changes, campaign mix, and operational issues."
2026-06-19,revenue_per_session,residual_anomaly,full_segment,APAC + Desktop + Firefox + Paid Search + Enterprise,0.496132,0.7679815357142857,0.2718495357142857,0.045936167820645024,16,1,WARNING,"Review revenue_per_session drivers for full_segment = APAC + Desktop + Firefox + Paid Search + Enterprise; check recent releases, tracking changes, campaign mix, and operational issues."
2026-06-19,revenue_per_session,residual_anomaly,full_segment,North America + Mobile + Firefox + Paid Search + Enterprise,0.507559,0.7792709999999999,0.27171199999999995,0.045912927524735886,17,1,WARNING,"Review revenue_per_session drivers for full_segment = North America + Mobile + Firefox + Paid Search + Enterprise; check recent releases, tracking changes, campaign mix, and operational issues."
2026-06-19,revenue_per_session,residual_anomaly,full_segment,APAC + Mobile + Safari + Paid Search + Enterprise,0.473451,0.6699724285714286,0.19652142857142857,0.03320749214998808,18,1,WARNING,"Review revenue_per_session drivers for full_segment = APAC + Mobile + Safari + Paid Search + Enterprise; check recent releases, tracking changes, campaign mix, and operational issues."
2026-06-19,revenue_per_session,residual_anomaly,full_segment,EMEA + Desktop + Firefox + Organic + Mid-Market,0.327347,0.4519970357142857,0.12465003571428568,0.02106291976690665,19,1,WARNING,"Review revenue_per_session drivers for full_segment = EMEA + Desktop + Firefox + Organic + Mid-Market; check recent releases, tracking changes, campaign mix, and operational issues."
2026-06-19,revenue_per_session,residual_anomaly,full_segment,North America + Desktop + Firefox + Paid Search + SMB,0.360402,0.45277146428571424,0.09236946428571424,0.015608263599872947,20,1,WARNING,"Review revenue_per_session drivers for full_segment = North America + Desktop + Firefox + Paid Search + SMB; check recent releases, tracking changes, campaign mix, and operational issues."
2026-06-19,revenue_per_session,residual_anomaly,full_segment,APAC + Desktop + Safari + Paid Search + SMB,0.313961,0.40577885714285716,0.09181785714285717,0.01551505498644357,21,1,WARNING,"Review revenue_per_session drivers for full_segment = APAC + Desktop + Safari + Paid Search + SMB; check recent releases, tracking changes, campaign mix, and operational issues."
2026-06-19,revenue_per_session,residual_anomaly,full_segment,APAC + Desktop + Firefox + Organic + Mid-Market,0.34185,0.42819610714285716,0.08634610714285718,0.014590458129538193,22,1,WARNING,"Review revenue_per_session drivers for full_segment = APAC + Desktop + Firefox + Organic + Mid-Market; check recent releases, tracking changes, campaign mix, and operational issues."
2026-06-19,revenue_per_session,residual_anomaly,full_segment,EMEA + Desktop + Chrome + Email + Mid-Market,0.319714,0.39802789285714285,0.07831389285714285,0.01323320312290194,23,1,WARNING,"Review revenue_per_session drivers for full_segment = EMEA + Desktop + Chrome + Email + Mid-Market; check recent releases, tracking changes, campaign mix, and operational issues."
2026-06-19,revenue_per_session,residual_anomaly,full_segment,North America + Mobile + Chrome + Paid Search + SMB,0.377267,0.43131271428571427,0.05404571428571425,0.009132452607991483,24,1,WARNING,"Review revenue_per_session drivers for full_segment = North America + Mobile + Chrome + Paid Search + SMB; check recent releases, tracking changes, campaign mix, and operational issues."
2026-06-19,revenue_per_session,residual_anomaly,region,North America,0.487654,0.7458501116071428,2.0655688928571427,0.34903248614378074,1,8,CRITICAL,"Review revenue_per_session drivers for region = North America; check recent releases, tracking changes, campaign mix, and operational issues."
2026-06-19,revenue_per_session,residual_anomaly,region,EMEA,0.43210712500000004,0.6838748705357143,2.0141419642857143,0.3403425466331233,2,8,CRITICAL,"Review revenue_per_session drivers for region = EMEA; check recent releases, tracking changes, campaign mix, and operational issues."
2026-06-19,revenue_per_session,residual_anomaly,region,APAC,0.43000225000000003,0.6597864732142857,1.838273785714286,0.31062496722309607,3,8,CRITICAL,"Review revenue_per_session drivers for region = APAC; check recent releases, tracking changes, campaign mix, and operational issues."
2026-06-19,revenue_per_session,residual_anomaly,region_device_browser,EMEA + Desktop + Firefox,0.379663,0.6257354642857142,0.49214492857142855,0.08316089991301938,1,2,CRITICAL,"Review revenue_per_session drivers for region_device_browser = EMEA + Desktop + Firefox; check recent releases, tracking changes, campaign mix, and operational issues."
2026-06-19,revenue_per_session,residual_anomaly,region_device_browser,North America + Desktop + Firefox,0.4441385,0.6672120178571428,0.4461470357142856,0.07538833955116354,2,2,WARNING,"Review revenue_per_session drivers for region_device_browser = North America + Desktop + Firefox; check recent releases, tracking changes, campaign mix, and operational issues."
2026-06-19,revenue_per_session,residual_anomaly,region_device_browser,APAC + Desktop + Safari,0.364877,0.5773642142857144,0.4249744285714287,0.07181066768808907,3,2,CRITICAL,"Review revenue_per_session drivers for region_device_browser = APAC + Desktop + Safari; check recent releases, tracking changes, campaign mix, and operational issues."
2026-06-19,revenue_per_session,residual_anomaly,region_device_browser,EMEA + Desktop + Chrome,0.42817400000000005,0.6225011607142857,0.38865432142857137,0.06567342514105158,4,2,WARNING,"Review revenue_per_session drivers for region_device_browser = EMEA + Desktop + Chrome; check recent releases, tracking changes, campaign mix, and operational issues."
2026-06-19,revenue_per_session,residual_anomaly,region_device_browser,North America + Mobile + Chrome,0.4588165,0.6423697857142856,0.3671065714285713,0.06203236297202285,5,2,WARNING,"Review revenue_per_session drivers for region_device_browser = North America + Mobile + Chrome; check recent releases, tracking changes, campaign mix, and operational issues."
2026-06-19,revenue_per_session,residual_anomaly,region_device_browser,APAC + Desktop + Firefox,0.418991,0.5980888214285714,0.3581956428571429,0.060526625950183224,6,2,WARNING,"Review revenue_per_session drivers for region_device_browser = APAC + Desktop + Firefox; check recent releases, tracking changes, campaign mix, and operational issues."
2026-06-19,revenue_per_session,residual_anomaly,region_device_browser,North America + Desktop + Chrome,0.594668,0.9522629285714286,0.3575949285714286,0.06042511938638378,7,1,WARNING,"Review revenue_per_session drivers for region_device_browser = North America + Desktop + Chrome; check recent releases, tracking changes, campaign mix, and operational issues."
2026-06-19,revenue_per_session,residual_anomaly,region_device_browser,North America + Mobile + Safari,0.431361,0.7697600714285714,0.3383990714285714,0.057181471708786964,8,1,CRITICAL,"Review revenue_per_session drivers for region_device_browser = North America + Mobile + Safari; check recent releases, tracking changes, campaign mix, and operational issues."
2026-06-19,revenue_per_session,residual_anomaly,region_device_browser,EMEA + Mobile + Chrome,0.467268,0.7706392142857144,0.30337121428571434,0.05126258897137824,9,1,WARNING,"Review revenue_per_session drivers for region_device_browser = EMEA + Mobile + Chrome; check recent releases, tracking changes, campaign mix, and operational issues."
2026-06-19,revenue_per_session,residual_anomaly,region_device_browser,APAC + Desktop + Chrome,0.523128,0.8140283928571429,0.29090039285714286,0.04915531391387645,10,1,WARNING,"Review revenue_per_session drivers for region_device_browser = APAC + Desktop + Chrome; check recent releases, tracking changes, campaign mix, and operational issues."
2026-06-19,revenue_per_session,residual_anomaly,region_device_browser,APAC + Mobile + Firefox,0.403678,0.689037,0.28535900000000003,0.048218949054628105,11,1,CRITICAL,"Review revenue_per_session drivers for region_device_browser = APAC + Mobile + Firefox; check recent releases, tracking changes, campaign mix, and operational issues."
2026-06-19,revenue_per_session,residual_anomaly,region_device_browser,North America + Desktop + Safari,0.561734,0.8463432857142857,0.2846092857142858,0.04809226500068769,12,1,WARNING,"Review revenue_per_session drivers for region_device_browser = North America + Desktop + Safari; check recent releases, tracking changes, campaign mix, and operational issues."
2026-06-19,revenue_per_session,residual_anomaly,region_device_browser,APAC + Mobile + Chrome,0.472025,0.7543478928571429,0.2823228928571429,0.04770591846633118,13,1,WARNING,"Review revenue_per_session drivers for region_device_browser = APAC + Mobile + Chrome; check recent releases, tracking changes, campaign mix, and operational issues."
2026-06-19,revenue_per_session,residual_anomaly,region_device_browser,EMEA + Mobile + Safari,0.429962,0.7086147857142857,0.2786527857142857,0.047085756812602166,14,1,WARNING,"Review revenue_per_session drivers for region_device_browser = EMEA + Mobile + Safari; check recent releases, tracking changes, campaign mix, and operational issues."
2026-06-19,revenue_per_session,residual_anomaly,region_device_browser,EMEA + Desktop + Safari,0.489906,0.7668096071428572,0.27690360714285717,0.04679018683785752,15,1,WARNING,"Review revenue_per_session drivers for region_device_browser = EMEA + Desktop + Safari; check recent releases, tracking changes, campaign mix, and operational issues."
2026-06-19,revenue_per_session,residual_anomaly,region_device_browser,EMEA + Mobile + Firefox,0.454047,0.7284621071428571,0.2744151071428571,0.046369688957214376,16,1,WARNING,"Review revenue_per_session drivers for region_device_browser = EMEA + Mobile + Firefox; check recent releases, tracking changes, campaign mix, and operational issues."
2026-06-19,revenue_per_session,residual_anomaly,region_device_browser,North America + Mobile + Firefox,0.507559,0.7792709999999999,0.27171199999999995,0.045912927524735886,17,1,WARNING,"Review revenue_per_session drivers for region_device_browser = North America + Mobile + Firefox; check recent releases, tracking changes, campaign mix, and operational issues."
2026-06-19,revenue_per_session,residual_anomaly,region_device_browser,APAC + Mobile + Safari,0.473451,0.6699724285714286,0.19652142857142857,0.03320749214998808,18,1,WARNING,"Review revenue_per_session drivers for region_device_browser = APAC + Mobile + Safari; check recent releases, tracking changes, campaign mix, and operational issues."
2026-06-20,revenue_per_session,residual_anomaly,browser,Chrome,0.5048613333333334,0.820594886904762,1.8944013214285715,0.35956965311577166,1,6,WARNING,"Review revenue_per_session drivers for browser = Chrome; check recent releases, tracking changes, campaign mix, and operational issues."
2026-06-20,revenue_per_session,residual_anomaly,browser,Safari,0.42618928571428577,0.6737915000000001,1.7332155000000002,0.328975539163958,2,7,CRITICAL,"Review revenue_per_session drivers for browser = Safari; check recent releases, tracking changes, campaign mix, and operational issues."
2026-06-20,revenue_per_session,residual_anomaly,browser,Firefox,0.4907885,0.7642730178571427,1.6409071071428571,0.3114548077202702,3,6,WARNING,"Review revenue_per_session drivers for browser = Firefox; check recent releases, tracking changes, campaign mix, and operational issues."
2026-06-20,revenue_per_session,residual_anomaly,business_segment,Enterprise,0.4864057777777777,0.7755669365079366,5.204900857142858,0.9879239285440955,1,18,CRITICAL,"Review revenue_per_session drivers for business_segment = Enterprise; check recent releases, tracking changes, campaign mix, and operational issues."
2026-06-20,revenue_per_session,residual_anomaly,business_segment,SMB,0.20192,0.2655430714285714,0.06362307142857143,0.012076071455904528,2,1,WARNING,"Review revenue_per_session drivers for business_segment = SMB; check recent releases, tracking changes, campaign mix, and operational issues."
2026-06-20,revenue_per_session,residual_anomaly,channel,Paid Search,0.4864057777777777,0.7755669365079366,5.204900857142858,0.9879239285440955,1,18,CRITICAL,"Review revenue_per_session drivers for channel = Paid Search; check recent releases, tracking changes, campaign mix, and operational issues."
2026-06-20,revenue_per_session,residual_anomaly,channel,Email,0.20192,0.2655430714285714,0.06362307142857143,0.012076071455904528,2,1,WARNING,"Review revenue_per_session drivers for channel = Email; check recent releases, tracking changes, campaign mix, and operational issues."
2026-06-20,revenue_per_session,residual_anomaly,device_type,Desktop,0.5098486666666666,0.8132077420634921,2.7302316785714287,0.5182156739889262,1,9,WARNING,"Review revenue_per_session drivers for device_type = Desktop; check recent releases, tracking changes, campaign mix, and operational issues."
2026-06-20,revenue_per_session,residual_anomaly,device_type,Mobile,0.4368586,0.6906878250000001,2.5382922500000005,0.48178432601107374,2,10,CRITICAL,"Review revenue_per_session drivers for device_type = Mobile; check recent releases, tracking changes, campaign mix, and operational issues."
2026-06-20,revenue_per_session,residual_anomaly,full_segment,North America + Desktop + Chrome + Paid Search + Enterprise,0.57919,0.9395045357142857,0.36031453571428573,0.06839003496981093,1,1,WARNING,"Review revenue_per_session drivers for full_segment = North America + Desktop + Chrome + Paid Search + Enterprise; check recent releases, tracking changes, campaign mix, and operational issues."
2026-06-20,revenue_per_session,residual_anomaly,full_segment,North America + Mobile + Chrome + Paid Search + Enterprise,0.486673,0.84372075,0.35704775,0.06776997786110733,2,1,WARNING,"Review revenue_per_session drivers for full_segment = North America + Mobile + Chrome + Paid Search + Enterprise; check recent releases, tracking changes, campaign mix, and operational issues."
2026-06-20,revenue_per_session,residual_anomaly,full_segment,North America + Mobile + Safari + Paid Search + Enterprise,0.422365,0.7578647142857143,0.33549971428571435,0.06368002097632794,3,1,CRITICAL,"Review revenue_per_session drivers for full_segment = North America + Mobile + Safari + Paid Search + Enterprise; check recent releases, tracking changes, campaign mix, and operational issues."
2026-06-20,revenue_per_session,residual_anomaly,full_segment,APAC + Desktop + Chrome + Paid Search + Enterprise,0.471231,0.7985993928571429,0.32736839285714286,0.06213664344994432,4,1,WARNING,"Review revenue_per_session drivers for full_segment = APAC + Desktop + Chrome + Paid Search + Enterprise; check recent releases, tracking changes, campaign mix, and operational issues."
2026-06-20,revenue_per_session,residual_anomaly,full_segment,North America + Desktop + Firefox + Paid Search + Enterprise,0.547067,0.8701519642857143,0.3230849642857143,0.061323620935573774,5,1,WARNING,"Review revenue_per_session drivers for full_segment = North America + Desktop + Firefox + Paid Search + Enterprise; check recent releases, tracking changes, campaign mix, and operational issues."
2026-06-20,revenue_per_session,residual_anomaly,full_segment,EMEA + Desktop + Chrome + Paid Search + Enterprise,0.514907,0.83525875,0.32035175000000005,0.06080483914341147,6,1,WARNING,"Review revenue_per_session drivers for full_segment = EMEA + Desktop + Chrome + Paid Search + Enterprise; check recent releases, tracking changes, campaign mix, and operational issues."
2026-06-20,revenue_per_session,residual_anomaly,full_segment,North America + Mobile + Firefox + Paid Search + Enterprise,0.467646,0.7706249285714285,0.3029789285714285,0.057507364999969134,7,1,WARNING,"Review revenue_per_session drivers for full_segment = North America + Mobile + Firefox + Paid Search + Enterprise; check recent releases, tracking changes, campaign mix, and operational issues."
2026-06-20,revenue_per_session,residual_anomaly,full_segment,EMEA + Desktop + Safari + Paid Search + Enterprise,0.45651,0.7590226785714285,0.30251267857142844,0.057418867727047664,8,1,WARNING,"Review revenue_per_session drivers for full_segment = EMEA + Desktop + Safari + Paid Search + Enterprise; check recent releases, tracking changes, campaign mix, and operational issues."
2026-06-20,revenue_per_session,residual_anomaly,full_segment,EMEA + Desktop + Firefox + Paid Search + Enterprise,0.490998,0.7882547857142858,0.29725678571428577,0.056421265186298114,9,1,WARNING,"Review revenue_per_session drivers for full_segment = EMEA + Desktop + Firefox + Paid Search + Enterprise; check recent releases, tracking changes, campaign mix, and operational issues."
2026-06-20,revenue_per_session,residual_anomaly,full_segment,EMEA + Mobile + Chrome + Paid Search + Enterprise,0.46721,0.7581887857142858,0.2909787857142858,0.055229660083025434,10,1,WARNING,"Review revenue_per_session drivers for full_segment = EMEA + Mobile + Chrome + Paid Search + Enterprise; check recent releases, tracking changes, campaign mix, and operational issues."
2026-06-20,revenue_per_session,residual_anomaly,full_segment,APAC + Desktop + Safari + Paid Search + Enterprise,0.462233,0.737268,0.27503500000000003,0.05220342618327564,11,1,WARNING,"Review revenue_per_session drivers for full_segment = APAC + Desktop + Safari + Paid Search + Enterprise; check recent releases, tracking changes, campaign mix, and operational issues."
2026-06-20,revenue_per_session,residual_anomaly,full_segment,EMEA + Mobile + Firefox + Paid Search + Enterprise,0.452924,0.7212184285714286,0.2682944285714286,0.050924022023788575,12,1,WARNING,"Review revenue_per_session drivers for full_segment = EMEA + Mobile + Firefox + Paid Search + Enterprise; check recent releases, tracking changes, campaign mix, and operational issues."
2026-06-20,revenue_per_session,residual_anomaly,full_segment,North America + Desktop + Safari + Paid Search + Enterprise,0.564862,0.8330009642857144,0.2681389642857144,0.0508945138944108,13,1,WARNING,"Review revenue_per_session drivers for full_segment = North America + Desktop + Safari + Paid Search + Enterprise; check recent releases, tracking changes, campaign mix, and operational issues."
2026-06-20,revenue_per_session,residual_anomaly,full_segment,APAC + Desktop + Firefox + Paid Search + Enterprise,0.50164,0.757808607142857,0.25616860714285705,0.048622462499153474,14,1,WARNING,"Review revenue_per_session drivers for full_segment = APAC + Desktop + Firefox + Paid Search + Enterprise; check recent releases, tracking changes, campaign mix, and operational issues."
2026-06-20,revenue_per_session,residual_anomaly,full_segment,EMEA + Mobile + Safari + Paid Search + Enterprise,0.450528,0.7007243571428571,0.2501963571428571,0.04748889072820408,15,1,WARNING,"Review revenue_per_session drivers for full_segment = EMEA + Mobile + Safari + Paid Search + Enterprise; check recent releases, tracking changes, campaign mix, and operational issues."
2026-06-20,revenue_per_session,residual_anomaly,full_segment,APAC + Mobile + Chrome + Paid Search + Enterprise,0.509957,0.7482971071428572,0.23834010714285725,0.04523849760847221,16,1,WARNING,"Review revenue_per_session drivers for full_segment = APAC + Mobile + Chrome + Paid Search + Enterprise; check recent releases, tracking changes, campaign mix, and operational issues."
2026-06-20,revenue_per_session,residual_anomaly,full_segment,APAC + Mobile + Safari + Paid Search + Enterprise,0.424907,0.6631167142857144,0.2382097142857144,0.045213748198787325,17,1,WARNING,"Review revenue_per_session drivers for full_segment = APAC + Mobile + Safari + Paid Search + Enterprise; check recent releases, tracking changes, campaign mix, and operational issues."
2026-06-20,revenue_per_session,residual_anomaly,full_segment,APAC + Mobile + Firefox + Paid Search + Enterprise,0.484456,0.6775793928571429,0.19312339285714286,0.036656072075487114,18,1,WARNING,"Review revenue_per_session drivers for full_segment = APAC + Mobile + Firefox + Paid Search + Enterprise; check recent releases, tracking changes, campaign mix, and operational issues."
2026-06-20,revenue_per_session,residual_anomaly,full_segment,North America + Mobile + Safari + Email + SMB,0.20192,0.2655430714285714,0.06362307142857143,0.012076071455904528,19,1,WARNING,"Review revenue_per_session drivers for full_segment = North America + Mobile + Safari + Email + SMB; check recent releases, tracking changes, campaign mix, and operational issues."
2026-06-20,revenue_per_session,residual_anomaly,region,North America,0.46710328571428567,0.754344418367347,2.010687928571429,0.38164160509310446,1,7,CRITICAL,"Review revenue_per_session drivers for region = North America; check recent releases, tracking changes, campaign mix, and operational issues."
2026-06-20,revenue_per_session,residual_anomaly,region,EMEA,0.4721795,0.760444630952381,1.7295907857142858,0.32828754489177536,2,6,WARNING,"Review revenue_per_session drivers for region = EMEA; check recent releases, tracking changes, campaign mix, and operational issues."
2026-06-20,revenue_per_session,residual_anomaly,region,APAC,0.4757373333333333,0.7304448690476191,1.5282452142857146,0.2900708500151201,3,6,WARNING,"Review revenue_per_session drivers for region = APAC; check recent releases, tracking changes, campaign mix, and operational issues."
2026-06-20,revenue_per_session,residual_anomaly,region_device_browser,North America + Mobile + Safari,0.3121425,0.5117038928571429,0.3991227857142858,0.07575609243223247,1,2,CRITICAL,"Review revenue_per_session drivers for region_device_browser = North America + Mobile + Safari; check recent releases, tracking changes, campaign mix, and operational issues."
2026-06-20,revenue_per_session,residual_anomaly,region_device_browser,North America + Desktop + Chrome,0.57919,0.9395045357142857,0.36031453571428573,0.06839003496981093,2,1,WARNING,"Review revenue_per_session drivers for region_device_browser = North America + Desktop + Chrome; check recent releases, tracking changes, campaign mix, and operational issues."
2026-06-20,revenue_per_session,residual_anomaly,region_device_browser,North America + Mobile + Chrome,0.486673,0.84372075,0.35704775,0.06776997786110733,3,1,WARNING,"Review revenue_per_session drivers for region_device_browser = North America + Mobile + Chrome; check recent releases, tracking changes, campaign mix, and operational issues."
2026-06-20,revenue_per_session,residual_anomaly,region_device_browser,APAC + Desktop + Chrome,0.471231,0.7985993928571429,0.32736839285714286,0.06213664344994432,4,1,WARNING,"Review revenue_per_session drivers for region_device_browser = APAC + Desktop + Chrome; check recent releases, tracking changes, campaign mix, and operational issues."
2026-06-20,revenue_per_session,residual_anomaly,region_device_browser,North America + Desktop + Firefox,0.547067,0.8701519642857143,0.3230849642857143,0.061323620935573774,5,1,WARNING,"Review revenue_per_session drivers for region_device_browser = North America + Desktop + Firefox; check recent releases, tracking changes, campaign mix, and operational issues."
2026-06-20,revenue_per_session,residual_anomaly,region_device_browser,EMEA + Desktop + Chrome,0.514907,0.83525875,0.32035175000000005,0.06080483914341147,6,1,WARNING,"Review revenue_per_session drivers for region_device_browser = EMEA + Desktop + Chrome; check recent releases, tracking changes, campaign mix, and operational issues."
2026-06-20,revenue_per_session,residual_anomaly,region_device_browser,North America + Mobile + Firefox,0.467646,0.7706249285714285,0.3029789285714285,0.057507364999969134,7,1,WARNING,"Review revenue_per_session drivers for region_device_browser = North America + Mobile + Firefox; check recent releases, tracking changes, campaign mix, and operational issues."
2026-06-20,revenue_per_session,residual_anomaly,region_device_browser,EMEA + Desktop + Safari,0.45651,0.7590226785714285,0.30251267857142844,0.057418867727047664,8,1,WARNING,"Review revenue_per_session drivers for region_device_browser = EMEA + Desktop + Safari; check recent releases, tracking changes, campaign mix, and operational issues."
2026-06-20,revenue_per_session,residual_anomaly,region_device_browser,EMEA + Desktop + Firefox,0.490998,0.7882547857142858,0.29725678571428577,0.056421265186298114,9,1,WARNING,"Review revenue_per_session drivers for region_device_browser = EMEA + Desktop + Firefox; check recent releases, tracking changes, campaign mix, and operational issues."
2026-06-20,revenue_per_session,residual_anomaly,region_device_browser,EMEA + Mobile + Chrome,0.46721,0.7581887857142858,0.2909787857142858,0.055229660083025434,10,1,WARNING,"Review revenue_per_session drivers for region_device_browser = EMEA + Mobile + Chrome; check recent releases, tracking changes, campaign mix, and operational issues."
2026-06-20,revenue_per_session,residual_anomaly,region_device_browser,APAC + Desktop + Safari,0.462233,0.737268,0.27503500000000003,0.05220342618327564,11,1,WARNING,"Review revenue_per_session drivers for region_device_browser = APAC + Desktop + Safari; check recent releases, tracking changes, campaign mix, and operational issues."
2026-06-20,revenue_per_session,residual_anomaly,region_device_browser,EMEA + Mobile + Firefox,0.452924,0.7212184285714286,0.2682944285714286,0.050924022023788575,12,1,WARNING,"Review revenue_per_session drivers for region_device_browser = EMEA + Mobile + Firefox; check recent releases, tracking changes, campaign mix, and operational issues."
2026-06-20,revenue_per_session,residual_anomaly,region_device_browser,North America + Desktop + Safari,0.564862,0.8330009642857144,0.2681389642857144,0.0508945138944108,13,1,WARNING,"Review revenue_per_session drivers for region_device_browser = North America + Desktop + Safari; check recent releases, tracking changes, campaign mix, and operational issues."
2026-06-20,revenue_per_session,residual_anomaly,region_device_browser,APAC + Desktop + Firefox,0.50164,0.757808607142857,0.25616860714285705,0.048622462499153474,14,1,WARNING,"Review revenue_per_session drivers for region_device_browser = APAC + Desktop + Firefox; check recent releases, tracking changes, campaign mix, and operational issues."
2026-06-20,revenue_per_session,residual_anomaly,region_device_browser,EMEA + Mobile + Safari,0.450528,0.7007243571428571,0.2501963571428571,0.04748889072820408,15,1,WARNING,"Review revenue_per_session drivers for region_device_browser = EMEA + Mobile + Safari; check recent releases, tracking changes, campaign mix, and operational issues."
2026-06-20,revenue_per_session,residual_anomaly,region_device_browser,APAC + Mobile + Chrome,0.509957,0.7482971071428572,0.23834010714285725,0.04523849760847221,16,1,WARNING,"Review revenue_per_session drivers for region_device_browser = APAC + Mobile + Chrome; check recent releases, tracking changes, campaign mix, and operational issues."
2026-06-20,revenue_per_session,residual_anomaly,region_device_browser,APAC + Mobile + Safari,0.424907,0.6631167142857144,0.2382097142857144,0.045213748198787325,17,1,WARNING,"Review revenue_per_session drivers for region_device_browser = APAC + Mobile + Safari; check recent releases, tracking changes, campaign mix, and operational issues."
2026-06-20,revenue_per_session,residual_anomaly,region_device_browser,APAC + Mobile + Firefox,0.484456,0.6775793928571429,0.19312339285714286,0.036656072075487114,18,1,WARNING,"Review revenue_per_session drivers for region_device_browser = APAC + Mobile + Firefox; check recent releases, tracking changes, campaign mix, and operational issues."
2026-06-21,revenue_per_session,residual_anomaly,browser,Safari,0.44715871428571424,0.6893530867346939,1.6953606071428573,0.3446533266184035,1,7,WARNING,"Review revenue_per_session drivers for browser = Safari; check recent releases, tracking changes, campaign mix, and operational issues."
2026-06-21,revenue_per_session,residual_anomaly,browser,Chrome,0.5347183333333333,0.8099803988095239,1.651572392857143,0.33575153094339094,2,6,WARNING,"Review revenue_per_session drivers for browser = Chrome; check recent releases, tracking changes, campaign mix, and operational issues."
2026-06-21,revenue_per_session,residual_anomaly,browser,Firefox,0.49202250000000003,0.7540389345238095,1.572098607142857,0.31959514243820564,3,6,WARNING,"Review revenue_per_session drivers for browser = Firefox; check recent releases, tracking changes, campaign mix, and operational issues."
2026-06-21,revenue_per_session,residual_anomaly,business_segment,Enterprise,0.49565677777777783,0.7648391567460318,4.8452828214285715,0.9850074584584502,1,18,WARNING,"Review revenue_per_session drivers for business_segment = Enterprise; check recent releases, tracking changes, campaign mix, and operational issues."
2026-06-21,revenue_per_session,residual_anomaly,business_segment,SMB,0.368734,0.4424827857142857,0.07374878571428567,0.01499254154154978,2,1,WARNING,"Review revenue_per_session drivers for business_segment = SMB; check recent releases, tracking changes, campaign mix, and operational issues."
2026-06-21,revenue_per_session,residual_anomaly,channel,Paid Search,0.4889766315789474,0.7478730319548873,4.919031607142857,1.0,1,19,WARNING,"Review revenue_per_session drivers for channel = Paid Search; check recent releases, tracking changes, campaign mix, and operational issues."
2026-06-21,revenue_per_session,residual_anomaly,device_type,Desktop,0.5037098,0.7663527535714285,2.626429535714286,0.5339322341211397,1,10,WARNING,"Review revenue_per_session drivers for device_type = Desktop; check recent releases, tracking changes, campaign mix, and operational issues."
2026-06-21,revenue_per_session,residual_anomaly,device_type,Mobile,0.47260644444444444,0.7273400079365079,2.2926020714285715,0.4660677658788604,2,9,WARNING,"Review revenue_per_session drivers for device_type = Mobile; check recent releases, tracking changes, campaign mix, and operational issues."
2026-06-21,revenue_per_session,residual_anomaly,full_segment,North America + Desktop + Safari + Paid Search + Enterprise,0.492613,0.8235533928571429,0.3309403928571429,0.06727754958447288,1,1,WARNING,"Review revenue_per_session drivers for full_segment = North America + Desktop + Safari + Paid Search + Enterprise; check recent releases, tracking changes, campaign mix, and operational issues."
2026-06-21,revenue_per_session,residual_anomaly,full_segment,APAC + Desktop + Chrome + Paid Search + Enterprise,0.469431,0.7864360714285714,0.3170050714285714,0.06444460957889614,2,1,WARNING,"Review revenue_per_session drivers for full_segment = APAC + Desktop + Chrome + Paid Search + Enterprise; check recent releases, tracking changes, campaign mix, and operational issues."
2026-06-21,revenue_per_session,residual_anomaly,full_segment,North America + Desktop + Chrome + Paid Search + Enterprise,0.619153,0.9270427142857144,0.30788971428571443,0.06259152997484954,3,1,WARNING,"Review revenue_per_session drivers for full_segment = North America + Desktop + Chrome + Paid Search + Enterprise; check recent releases, tracking changes, campaign mix, and operational issues."
2026-06-21,revenue_per_session,residual_anomaly,full_segment,EMEA + Mobile + Chrome + Paid Search + Enterprise,0.449248,0.7483411428571428,0.29909314285714284,0.06080325697091148,4,1,WARNING,"Review revenue_per_session drivers for full_segment = EMEA + Mobile + Chrome + Paid Search + Enterprise; check recent releases, tracking changes, campaign mix, and operational issues."
2026-06-21,revenue_per_session,residual_anomaly,full_segment,North America + Mobile + Firefox + Paid Search + Enterprise,0.471982,0.7596597500000001,0.28767775000000007,0.058482598400519975,5,1,WARNING,"Review revenue_per_session drivers for full_segment = North America + Mobile + Firefox + Paid Search + Enterprise; check recent releases, tracking changes, campaign mix, and operational issues."
2026-06-21,revenue_per_session,residual_anomaly,full_segment,APAC + Desktop + Firefox + Paid Search + Enterprise,0.464046,0.750298392857143,0.28625239285714293,0.05819283463059677,6,1,WARNING,"Review revenue_per_session drivers for full_segment = APAC + Desktop + Firefox + Paid Search + Enterprise; check recent releases, tracking changes, campaign mix, and operational issues."
2026-06-21,revenue_per_session,residual_anomaly,full_segment,North America + Mobile + Safari + Paid Search + Enterprise,0.4602,0.7426255714285714,0.28242557142857144,0.05741487227251502,7,1,WARNING,"Review revenue_per_session drivers for full_segment = North America + Mobile + Safari + Paid Search + Enterprise; check recent releases, tracking changes, campaign mix, and operational issues."
2026-06-21,revenue_per_session,residual_anomaly,full_segment,APAC + Desktop + Safari + Paid Search + Enterprise,0.443075,0.7236216428571429,0.2805466428571429,0.057032901038847776,8,1,WARNING,"Review revenue_per_session drivers for full_segment = APAC + Desktop + Safari + Paid Search + Enterprise; check recent releases, tracking changes, campaign mix, and operational issues."
2026-06-21,revenue_per_session,residual_anomaly,full_segment,EMEA + Desktop + Firefox + Paid Search + Enterprise,0.496569,0.7745325714285715,0.2779635714285715,0.05650778316304056,9,1,WARNING,"Review revenue_per_session drivers for full_segment = EMEA + Desktop + Firefox + Paid Search + Enterprise; check recent releases, tracking changes, campaign mix, and operational issues."
2026-06-21,revenue_per_session,residual_anomaly,full_segment,North America + Desktop + Firefox + Paid Search + Enterprise,0.596697,0.8598653928571428,0.2631683928571428,0.05350004103958178,10,1,WARNING,"Review revenue_per_session drivers for full_segment = North America + Desktop + Firefox + Paid Search + Enterprise; check recent releases, tracking changes, campaign mix, and operational issues."
2026-06-21,revenue_per_session,residual_anomaly,full_segment,EMEA + Mobile + Safari + Paid Search + Enterprise,0.430145,0.6909403214285714,0.2607953214285714,0.053017614493445046,11,1,WARNING,"Review revenue_per_session drivers for full_segment = EMEA + Mobile + Safari + Paid Search + Enterprise; check recent releases, tracking changes, campaign mix, and operational issues."
2026-06-21,revenue_per_session,residual_anomaly,full_segment,EMEA + Desktop + Safari + Paid Search + Enterprise,0.488919,0.7493788214285715,0.2604598214285715,0.05294941001199533,12,1,WARNING,"Review revenue_per_session drivers for full_segment = EMEA + Desktop + Safari + Paid Search + Enterprise; check recent releases, tracking changes, campaign mix, and operational issues."
2026-06-21,revenue_per_session,residual_anomaly,full_segment,North America + Mobile + Chrome + Paid Search + Enterprise,0.583299,0.8336938214285715,0.2503948214285715,0.0509032755685035,13,1,WARNING,"Review revenue_per_session drivers for full_segment = North America + Mobile + Chrome + Paid Search + Enterprise; check recent releases, tracking changes, campaign mix, and operational issues."
2026-06-21,revenue_per_session,residual_anomaly,full_segment,APAC + Mobile + Chrome + Paid Search + Enterprise,0.489318,0.7380528928571428,0.24873489285714284,0.05056582529292115,14,1,WARNING,"Review revenue_per_session drivers for full_segment = APAC + Mobile + Chrome + Paid Search + Enterprise; check recent releases, tracking changes, campaign mix, and operational issues."
2026-06-21,revenue_per_session,residual_anomaly,full_segment,EMEA + Mobile + Firefox + Paid Search + Enterprise,0.474035,0.7086902857142857,0.23465528571428573,0.04770355314927151,15,1,WARNING,"Review revenue_per_session drivers for full_segment = EMEA + Mobile + Firefox + Paid Search + Enterprise; check recent releases, tracking changes, campaign mix, and operational issues."
2026-06-21,revenue_per_session,residual_anomaly,full_segment,EMEA + Desktop + Chrome + Paid Search + Enterprise,0.597861,0.82631575,0.22845475000000004,0.046443033557309145,16,1,WARNING,"Review revenue_per_session drivers for full_segment = EMEA + Desktop + Chrome + Paid Search + Enterprise; check recent releases, tracking changes, campaign mix, and operational issues."
2026-06-21,revenue_per_session,residual_anomaly,full_segment,APAC + Mobile + Firefox + Paid Search + Enterprise,0.448806,0.6711872142857143,0.22238121428571428,0.045208332055195095,17,1,WARNING,"Review revenue_per_session drivers for full_segment = APAC + Mobile + Firefox + Paid Search + Enterprise; check recent releases, tracking changes, campaign mix, and operational issues."
2026-06-21,revenue_per_session,residual_anomaly,full_segment,APAC + Mobile + Safari + Paid Search + Enterprise,0.446425,0.6528690714285714,0.2064440714285714,0.04196843767557762,18,1,WARNING,"Review revenue_per_session drivers for full_segment = APAC + Mobile + Safari + Paid Search + Enterprise; check recent releases, tracking changes, campaign mix, and operational issues."
2026-06-21,revenue_per_session,residual_anomaly,full_segment,North America + Desktop + Safari + Paid Search + SMB,0.368734,0.4424827857142857,0.07374878571428567,0.01499254154154978,19,1,WARNING,"Review revenue_per_session drivers for full_segment = North America + Desktop + Safari + Paid Search + SMB; check recent releases, tracking changes, campaign mix, and operational issues."
2026-06-21,revenue_per_session,residual_anomaly,region,North America,0.5132397142857144,0.7698462040816327,1.7962454285714289,0.3651624083819925,1,7,WARNING,"Review revenue_per_session drivers for region = North America; check recent releases, tracking changes, campaign mix, and operational issues."
2026-06-21,revenue_per_session,residual_anomaly,region,EMEA,0.4894628333333333,0.7496998154761906,1.5614218928571428,0.31742465134597303,2,6,WARNING,"Review revenue_per_session drivers for region = EMEA; check recent releases, tracking changes, campaign mix, and operational issues."
2026-06-21,revenue_per_session,residual_anomaly,region,APAC,0.4601835,0.7204108809523809,1.5613642857142858,0.31741294027203454,3,6,WARNING,"Review revenue_per_session drivers for region = APAC; check recent releases, tracking changes, campaign mix, and operational issues."
2026-06-21,revenue_per_session,residual_anomaly,region_device_browser,North America + Desktop + Safari,0.43067350000000004,0.6330180892857142,0.40468917857142855,0.08227009112602265,1,2,WARNING,"Review revenue_per_session drivers for region_device_browser = North America + Desktop + Safari; check recent releases, tracking changes, campaign mix, and operational issues."
2026-06-21,revenue_per_session,residual_anomaly,region_device_browser,APAC + Desktop + Chrome,0.469431,0.7864360714285714,0.3170050714285714,0.06444460957889614,2,1,WARNING,"Review revenue_per_session drivers for region_device_browser = APAC + Desktop + Chrome; check recent releases, tracking changes, campaign mix, and operational issues."
2026-06-21,revenue_per_session,residual_anomaly,region_device_browser,North America + Desktop + Chrome,0.619153,0.9270427142857144,0.30788971428571443,0.06259152997484954,3,1,WARNING,"Review revenue_per_session drivers for region_device_browser = North America + Desktop + Chrome; check recent releases, tracking changes, campaign mix, and operational issues."
2026-06-21,revenue_per_session,residual_anomaly,region_device_browser,EMEA + Mobile + Chrome,0.449248,0.7483411428571428,0.29909314285714284,0.06080325697091148,4,1,WARNING,"Review revenue_per_session drivers for region_device_browser = EMEA + Mobile + Chrome; check recent releases, tracking changes, campaign mix, and operational issues."
2026-06-21,revenue_per_session,residual_anomaly,region_device_browser,North America + Mobile + Firefox,0.471982,0.7596597500000001,0.28767775000000007,0.058482598400519975,5,1,WARNING,"Review revenue_per_session drivers for region_device_browser = North America + Mobile + Firefox; check recent releases, tracking changes, campaign mix, and operational issues."
2026-06-21,revenue_per_session,residual_anomaly,region_device_browser,APAC + Desktop + Firefox,0.464046,0.750298392857143,0.28625239285714293,0.05819283463059677,6,1,WARNING,"Review revenue_per_session drivers for region_device_browser = APAC + Desktop + Firefox; check recent releases, tracking changes, campaign mix, and operational issues."
2026-06-21,revenue_per_session,residual_anomaly,region_device_browser,North America + Mobile + Safari,0.4602,0.7426255714285714,0.28242557142857144,0.05741487227251502,7,1,WARNING,"Review revenue_per_session drivers for region_device_browser = North America + Mobile + Safari; check recent releases, tracking changes, campaign mix, and operational issues."
2026-06-21,revenue_per_session,residual_anomaly,region_device_browser,APAC + Desktop + Safari,0.443075,0.7236216428571429,0.2805466428571429,0.057032901038847776,8,1,WARNING,"Review revenue_per_session drivers for region_device_browser = APAC + Desktop + Safari; check recent releases, tracking changes, campaign mix, and operational issues."
2026-06-21,revenue_per_session,residual_anomaly,region_device_browser,EMEA + Desktop + Firefox,0.496569,0.7745325714285715,0.2779635714285715,0.05650778316304056,9,1,WARNING,"Review revenue_per_session drivers for region_device_browser = EMEA + Desktop + Firefox; check recent releases, tracking changes, campaign mix, and operational issues."
2026-06-21,revenue_per_session,residual_anomaly,region_device_browser,North America + Desktop + Firefox,0.596697,0.8598653928571428,0.2631683928571428,0.05350004103958178,10,1,WARNING,"Review revenue_per_session drivers for region_device_browser = North America + Desktop + Firefox; check recent releases, tracking changes, campaign mix, and operational issues."
2026-06-21,revenue_per_session,residual_anomaly,region_device_browser,EMEA + Mobile + Safari,0.430145,0.6909403214285714,0.2607953214285714,0.053017614493445046,11,1,WARNING,"Review revenue_per_session drivers for region_device_browser = EMEA + Mobile + Safari; check recent releases, tracking changes, campaign mix, and operational issues."
2026-06-21,revenue_per_session,residual_anomaly,region_device_browser,EMEA + Desktop + Safari,0.488919,0.7493788214285715,0.2604598214285715,0.05294941001199533,12,1,WARNING,"Review revenue_per_session drivers for region_device_browser = EMEA + Desktop + Safari; check recent releases, tracking changes, campaign mix, and operational issues."
2026-06-21,revenue_per_session,residual_anomaly,region_device_browser,North America + Mobile + Chrome,0.583299,0.8336938214285715,0.2503948214285715,0.0509032755685035,13,1,WARNING,"Review revenue_per_session drivers for region_device_browser = North America + Mobile + Chrome; check recent releases, tracking changes, campaign mix, and operational issues."
2026-06-21,revenue_per_session,residual_anomaly,region_device_browser,APAC + Mobile + Chrome,0.489318,0.7380528928571428,0.24873489285714284,0.05056582529292115,14,1,WARNING,"Review revenue_per_session drivers for region_device_browser = APAC + Mobile + Chrome; check recent releases, tracking changes, campaign mix, and operational issues."
2026-06-21,revenue_per_session,residual_anomaly,region_device_browser,EMEA + Mobile + Firefox,0.474035,0.7086902857142857,0.23465528571428573,0.04770355314927151,15,1,WARNING,"Review revenue_per_session drivers for region_device_browser = EMEA + Mobile + Firefox; check recent releases, tracking changes, campaign mix, and operational issues."
2026-06-21,revenue_per_session,residual_anomaly,region_device_browser,EMEA + Desktop + Chrome,0.597861,0.82631575,0.22845475000000004,0.046443033557309145,16,1,WARNING,"Review revenue_per_session drivers for region_device_browser = EMEA + Desktop + Chrome; check recent releases, tracking changes, campaign mix, and operational issues."
2026-06-21,revenue_per_session,residual_anomaly,region_device_browser,APAC + Mobile + Firefox,0.448806,0.6711872142857143,0.22238121428571428,0.045208332055195095,17,1,WARNING,"Review revenue_per_session drivers for region_device_browser = APAC + Mobile + Firefox; check recent releases, tracking changes, campaign mix, and operational issues."
2026-06-21,revenue_per_session,residual_anomaly,region_device_browser,APAC + Mobile + Safari,0.446425,0.6528690714285714,0.2064440714285714,0.04196843767557762,18,1,WARNING,"Review revenue_per_session drivers for region_device_browser = APAC + Mobile + Safari; check recent releases, tracking changes, campaign mix, and operational issues."
2026-06-22,revenue_per_session,residual_anomaly,browser,Chrome,0.5074945,0.7984434761904762,1.745693857142857,0.37207027293097333,1,6,CRITICAL,"Review revenue_per_session drivers for browser = Chrome; check recent releases, tracking changes, campaign mix, and operational issues."
2026-06-22,revenue_per_session,residual_anomaly,browser,Firefox,0.49507816666666665,0.745206761904762,1.5007715714285714,0.3198685072435234,2,6,CRITICAL,"Review revenue_per_session drivers for browser = Firefox; check recent releases, tracking changes, campaign mix, and operational issues."
2026-06-22,revenue_per_session,residual_anomaly,browser,Safari,0.4591641428571428,0.6656460969387755,1.4453736785714286,0.3080612198255033,3,7,CRITICAL,"Review revenue_per_session drivers for browser = Safari; check recent releases, tracking changes, campaign mix, and operational issues."
2026-06-22,revenue_per_session,residual_anomaly,business_segment,Enterprise,0.4978678888888889,0.7542608611111111,4.6150735,0.9836384826099452,1,18,CRITICAL,"Review revenue_per_session drivers for business_segment = Enterprise; check recent releases, tracking changes, campaign mix, and operational issues."
2026-06-22,revenue_per_session,residual_anomaly,business_segment,SMB,0.267963,0.3447286071428572,0.07676560714285718,0.01636151739005483,2,1,WARNING,"Review revenue_per_session drivers for business_segment = SMB; check recent releases, tracking changes, campaign mix, and operational issues."
2026-06-22,revenue_per_session,residual_anomaly,channel,Paid Search,0.4978678888888889,0.7542608611111111,4.6150735,0.9836384826099452,1,18,CRITICAL,"Review revenue_per_session drivers for channel = Paid Search; check recent releases, tracking changes, campaign mix, and operational issues."
2026-06-22,revenue_per_session,residual_anomaly,channel,Organic,0.267963,0.3447286071428572,0.07676560714285718,0.01636151739005483,2,1,WARNING,"Review revenue_per_session drivers for channel = Organic; check recent releases, tracking changes, campaign mix, and operational issues."
2026-06-22,revenue_per_session,residual_anomaly,device_type,Mobile,0.4351464,0.6797186642857143,2.445722642857143,0.5212716350681706,1,10,CRITICAL,"Review revenue_per_session drivers for device_type = Mobile; check recent releases, tracking changes, campaign mix, and operational issues."
2026-06-22,revenue_per_session,residual_anomaly,device_type,Desktop,0.5420134444444443,0.7915819404761906,2.2461164642857145,0.47872836493182946,2,9,CRITICAL,"Review revenue_per_session drivers for device_type = Desktop; check recent releases, tracking changes, campaign mix, and operational issues."
2026-06-22,revenue_per_session,residual_anomaly,full_segment,North America + Mobile + Chrome + Paid Search + Enterprise,0.480057,0.8242526785714286,0.3441956785714286,0.07336050335729223,1,1,CRITICAL,"Review revenue_per_session drivers for full_segment = North America + Mobile + Chrome + Paid Search + Enterprise; check recent releases, tracking changes, campaign mix, and operational issues."
2026-06-22,revenue_per_session,residual_anomaly,full_segment,EMEA + Desktop + Chrome + Paid Search + Enterprise,0.489705,0.8170808571428572,0.32737585714285716,0.06977559325179332,2,1,CRITICAL,"Review revenue_per_session drivers for full_segment = EMEA + Desktop + Chrome + Paid Search + Enterprise; check recent releases, tracking changes, campaign mix, and operational issues."
2026-06-22,revenue_per_session,residual_anomaly,full_segment,North America + Desktop + Firefox + Paid Search + Enterprise,0.554715,0.8524624285714287,0.2977474285714288,0.06346070736273501,3,1,WARNING,"Review revenue_per_session drivers for full_segment = North America + Desktop + Firefox + Paid Search + Enterprise; check recent releases, tracking changes, campaign mix, and operational issues."
2026-06-22,revenue_per_session,residual_anomaly,full_segment,North America + Mobile + Firefox + Paid Search + Enterprise,0.466412,0.7507475000000001,0.28433550000000013,0.06060214204002173,4,1,CRITICAL,"Review revenue_per_session drivers for full_segment = North America + Mobile + Firefox + Paid Search + Enterprise; check recent releases, tracking changes, campaign mix, and operational issues."
2026-06-22,revenue_per_session,residual_anomaly,full_segment,North America + Desktop + Chrome + Paid Search + Enterprise,0.630556,0.9135416071428571,0.28298560714285714,0.06031443122421649,5,1,WARNING,"Review revenue_per_session drivers for full_segment = North America + Desktop + Chrome + Paid Search + Enterprise; check recent releases, tracking changes, campaign mix, and operational issues."
2026-06-22,revenue_per_session,residual_anomaly,full_segment,EMEA + Mobile + Chrome + Paid Search + Enterprise,0.454049,0.7355595714285714,0.28151057142857144,0.06000004795560864,6,1,CRITICAL,"Review revenue_per_session drivers for full_segment = EMEA + Mobile + Chrome + Paid Search + Enterprise; check recent releases, tracking changes, campaign mix, and operational issues."
2026-06-22,revenue_per_session,residual_anomaly,full_segment,APAC + Mobile + Chrome + Paid Search + Enterprise,0.462745,0.7269903571428571,0.2642453571428571,0.056320208581016745,7,1,WARNING,"Review revenue_per_session drivers for full_segment = APAC + Mobile + Chrome + Paid Search + Enterprise; check recent releases, tracking changes, campaign mix, and operational issues."
2026-06-22,revenue_per_session,residual_anomaly,full_segment,North America + Mobile + Safari + Paid Search + Enterprise,0.486519,0.7321843928571429,0.2456653928571429,0.05236014859996836,8,1,WARNING,"Review revenue_per_session drivers for full_segment = North America + Mobile + Safari + Paid Search + Enterprise; check recent releases, tracking changes, campaign mix, and operational issues."
2026-06-22,revenue_per_session,residual_anomaly,full_segment,APAC + Desktop + Chrome + Paid Search + Enterprise,0.527855,0.7732357857142856,0.24538078571428568,0.0522994885610459,9,1,WARNING,"Review revenue_per_session drivers for full_segment = APAC + Desktop + Chrome + Paid Search + Enterprise; check recent releases, tracking changes, campaign mix, and operational issues."
2026-06-22,revenue_per_session,residual_anomaly,full_segment,APAC + Mobile + Safari + Paid Search + Enterprise,0.400889,0.6429926428571429,0.24210364285714286,0.0516010113152781,10,1,CRITICAL,"Review revenue_per_session drivers for full_segment = APAC + Mobile + Safari + Paid Search + Enterprise; check recent releases, tracking changes, campaign mix, and operational issues."
2026-06-22,revenue_per_session,residual_anomaly,full_segment,APAC + Mobile + Firefox + Paid Search + Enterprise,0.424914,0.6643543214285714,0.2394403214285714,0.05103336153706708,11,1,WARNING,"Review revenue_per_session drivers for full_segment = APAC + Mobile + Firefox + Paid Search + Enterprise; check recent releases, tracking changes, campaign mix, and operational issues."
2026-06-22,revenue_per_session,residual_anomaly,full_segment,EMEA + Mobile + Safari + Paid Search + Enterprise,0.438154,0.6774490357142857,0.23929503571428573,0.05100239591549141,12,1,WARNING,"Review revenue_per_session drivers for full_segment = EMEA + Mobile + Safari + Paid Search + Enterprise; check recent releases, tracking changes, campaign mix, and operational issues."
2026-06-22,revenue_per_session,residual_anomaly,full_segment,EMEA + Desktop + Firefox + Paid Search + Enterprise,0.53272,0.7646539285714286,0.23193392857142858,0.04943347870099218,13,1,WARNING,"Review revenue_per_session drivers for full_segment = EMEA + Desktop + Firefox + Paid Search + Enterprise; check recent releases, tracking changes, campaign mix, and operational issues."
2026-06-22,revenue_per_session,residual_anomaly,full_segment,EMEA + Mobile + Firefox + Paid Search + Enterprise,0.469762,0.6979275357142856,0.22816553571428555,0.04863029837637149,14,1,WARNING,"Review revenue_per_session drivers for full_segment = EMEA + Mobile + Firefox + Paid Search + Enterprise; check recent releases, tracking changes, campaign mix, and operational issues."
2026-06-22,revenue_per_session,residual_anomaly,full_segment,APAC + Desktop + Safari + Paid Search + Enterprise,0.489264,0.7143770357142857,0.2251130357142857,0.047979700619224894,15,1,WARNING,"Review revenue_per_session drivers for full_segment = APAC + Desktop + Safari + Paid Search + Enterprise; check recent releases, tracking changes, campaign mix, and operational issues."
2026-06-22,revenue_per_session,residual_anomaly,full_segment,EMEA + Desktop + Safari + Paid Search + Enterprise,0.51581,0.7393599285714286,0.22354992857142864,0.04764654615523711,16,1,WARNING,"Review revenue_per_session drivers for full_segment = EMEA + Desktop + Safari + Paid Search + Enterprise; check recent releases, tracking changes, campaign mix, and operational issues."
2026-06-22,revenue_per_session,residual_anomaly,full_segment,APAC + Desktop + Firefox + Paid Search + Enterprise,0.521946,0.7410948571428572,0.21914885714285715,0.046708519226335975,17,1,WARNING,"Review revenue_per_session drivers for full_segment = APAC + Desktop + Firefox + Paid Search + Enterprise; check recent releases, tracking changes, campaign mix, and operational issues."
2026-06-22,revenue_per_session,residual_anomaly,full_segment,North America + Desktop + Safari + Paid Search + Enterprise,0.61555,0.8084310357142857,0.1928810357142856,0.04110989983024854,18,1,WARNING,"Review revenue_per_session drivers for full_segment = North America + Desktop + Safari + Paid Search + Enterprise; check recent releases, tracking changes, campaign mix, and operational issues."
2026-06-22,revenue_per_session,residual_anomaly,full_segment,North America + Mobile + Safari + Organic + SMB,0.267963,0.3447286071428572,0.07676560714285718,0.01636151739005483,19,1,WARNING,"Review revenue_per_session drivers for full_segment = North America + Mobile + Safari + Organic + SMB; check recent releases, tracking changes, campaign mix, and operational issues."
2026-06-22,revenue_per_session,residual_anomaly,region,North America,0.5002531428571428,0.7466211785714286,1.7245762500000004,0.3675693498045372,1,7,CRITICAL,"Review revenue_per_session drivers for region = North America; check recent releases, tracking changes, campaign mix, and operational issues."
2026-06-22,revenue_per_session,residual_anomaly,region,EMEA,0.48336666666666667,0.7386718095238095,1.5318308571428572,0.32648836035549417,2,6,CRITICAL,"Review revenue_per_session drivers for region = EMEA; check recent releases, tracking changes, campaign mix, and operational issues."
2026-06-22,revenue_per_session,residual_anomaly,region,APAC,0.4712688333333333,0.7105075,1.4354319999999998,0.3059422898399687,3,6,CRITICAL,"Review revenue_per_session drivers for region = APAC; check recent releases, tracking changes, campaign mix, and operational issues."
2026-06-22,revenue_per_session,residual_anomaly,region_device_browser,North America + Mobile + Chrome,0.480057,0.8242526785714286,0.3441956785714286,0.07336050335729223,1,1,CRITICAL,"Review revenue_per_session drivers for region_device_browser = North America + Mobile + Chrome; check recent releases, tracking changes, campaign mix, and operational issues."
2026-06-22,revenue_per_session,residual_anomaly,region_device_browser,EMEA + Desktop + Chrome,0.489705,0.8170808571428572,0.32737585714285716,0.06977559325179332,2,1,CRITICAL,"Review revenue_per_session drivers for region_device_browser = EMEA + Desktop + Chrome; check recent releases, tracking changes, campaign mix, and operational issues."
2026-06-22,revenue_per_session,residual_anomaly,region_device_browser,North America + Mobile + Safari,0.377241,0.5384565,0.3224310000000001,0.06872166599002319,3,2,WARNING,"Review revenue_per_session drivers for region_device_browser = North America + Mobile + Safari; check recent releases, tracking changes, campaign mix, and operational issues."
2026-06-22,revenue_per_session,residual_anomaly,region_device_browser,North America + Desktop + Firefox,0.554715,0.8524624285714287,0.2977474285714288,0.06346070736273501,4,1,WARNING,"Review revenue_per_session drivers for region_device_browser = North America + Desktop + Firefox; check recent releases, tracking changes, campaign mix, and operational issues."
2026-06-22,revenue_per_session,residual_anomaly,region_device_browser,North America + Mobile + Firefox,0.466412,0.7507475000000001,0.28433550000000013,0.06060214204002173,5,1,CRITICAL,"Review revenue_per_session drivers for region_device_browser = North America + Mobile + Firefox; check recent releases, tracking changes, campaign mix, and operational issues."
2026-06-22,revenue_per_session,residual_anomaly,region_device_browser,North America + Desktop + Chrome,0.630556,0.9135416071428571,0.28298560714285714,0.06031443122421649,6,1,WARNING,"Review revenue_per_session drivers for region_device_browser = North America + Desktop + Chrome; check recent releases, tracking changes, campaign mix, and operational issues."
2026-06-22,revenue_per_session,residual_anomaly,region_device_browser,EMEA + Mobile + Chrome,0.454049,0.7355595714285714,0.28151057142857144,0.06000004795560864,7,1,CRITICAL,"Review revenue_per_session drivers for region_device_browser = EMEA + Mobile + Chrome; check recent releases, tracking changes, campaign mix, and operational issues."
2026-06-22,revenue_per_session,residual_anomaly,region_device_browser,APAC + Mobile + Chrome,0.462745,0.7269903571428571,0.2642453571428571,0.056320208581016745,8,1,WARNING,"Review revenue_per_session drivers for region_device_browser = APAC + Mobile + Chrome; check recent releases, tracking changes, campaign mix, and operational issues."
2026-06-22,revenue_per_session,residual_anomaly,region_device_browser,APAC + Desktop + Chrome,0.527855,0.7732357857142856,0.24538078571428568,0.0522994885610459,9,1,WARNING,"Review revenue_per_session drivers for region_device_browser = APAC + Desktop + Chrome; check recent releases, tracking changes, campaign mix, and operational issues."
2026-06-22,revenue_per_session,residual_anomaly,region_device_browser,APAC + Mobile + Safari,0.400889,0.6429926428571429,0.24210364285714286,0.0516010113152781,10,1,CRITICAL,"Review revenue_per_session drivers for region_device_browser = APAC + Mobile + Safari; check recent releases, tracking changes, campaign mix, and operational issues."
2026-06-22,revenue_per_session,residual_anomaly,region_device_browser,APAC + Mobile + Firefox,0.424914,0.6643543214285714,0.2394403214285714,0.05103336153706708,11,1,WARNING,"Review revenue_per_session drivers for region_device_browser = APAC + Mobile + Firefox; check recent releases, tracking changes, campaign mix, and operational issues."
2026-06-22,revenue_per_session,residual_anomaly,region_device_browser,EMEA + Mobile + Safari,0.438154,0.6774490357142857,0.23929503571428573,0.05100239591549141,12,1,WARNING,"Review revenue_per_session drivers for region_device_browser = EMEA + Mobile + Safari; check recent releases, tracking changes, campaign mix, and operational issues."
2026-06-22,revenue_per_session,residual_anomaly,region_device_browser,EMEA + Desktop + Firefox,0.53272,0.7646539285714286,0.23193392857142858,0.04943347870099218,13,1,WARNING,"Review revenue_per_session drivers for region_device_browser = EMEA + Desktop + Firefox; check recent releases, tracking changes, campaign mix, and operational issues."
2026-06-22,revenue_per_session,residual_anomaly,region_device_browser,EMEA + Mobile + Firefox,0.469762,0.6979275357142856,0.22816553571428555,0.04863029837637149,14,1,WARNING,"Review revenue_per_session drivers for region_device_browser = EMEA + Mobile + Firefox; check recent releases, tracking changes, campaign mix, and operational issues."
2026-06-22,revenue_per_session,residual_anomaly,region_device_browser,APAC + Desktop + Safari,0.489264,0.7143770357142857,0.2251130357142857,0.047979700619224894,15,1,WARNING,"Review revenue_per_session drivers for region_device_browser = APAC + Desktop + Safari; check recent releases, tracking changes, campaign mix, and operational issues."
2026-06-22,revenue_per_session,residual_anomaly,region_device_browser,EMEA + Desktop + Safari,0.51581,0.7393599285714286,0.22354992857142864,0.04764654615523711,16,1,WARNING,"Review revenue_per_session drivers for region_device_browser = EMEA + Desktop + Safari; check recent releases, tracking changes, campaign mix, and operational issues."
2026-06-22,revenue_per_session,residual_anomaly,region_device_browser,APAC + Desktop + Firefox,0.521946,0.7410948571428572,0.21914885714285715,0.046708519226335975,17,1,WARNING,"Review revenue_per_session drivers for region_device_browser = APAC + Desktop + Firefox; check recent releases, tracking changes, campaign mix, and operational issues."
2026-06-22,revenue_per_session,residual_anomaly,region_device_browser,North America + Desktop + Safari,0.61555,0.8084310357142857,0.1928810357142856,0.04110989983024854,18,1,WARNING,"Review revenue_per_session drivers for region_device_browser = North America + Desktop + Safari; check recent releases, tracking changes, campaign mix, and operational issues."
2026-06-23,revenue_per_session,residual_anomaly,browser,Chrome,0.5135837142857144,0.7483784030612245,1.6435628214285714,0.3781981745802159,1,7,CRITICAL,"Review revenue_per_session drivers for browser = Chrome; check recent releases, tracking changes, campaign mix, and operational issues."
2026-06-23,revenue_per_session,residual_anomaly,browser,Safari,0.4752255714285714,0.6776548826530613,1.4170051785714284,0.32606528020670333,2,7,WARNING,"Review revenue_per_session drivers for browser = Safari; check recent releases, tracking changes, campaign mix, and operational issues."
2026-06-23,revenue_per_session,residual_anomaly,browser,Firefox,0.5205203333333334,0.7347209047619048,1.2852034285714287,0.2957365452130807,3,6,WARNING,"Review revenue_per_session drivers for browser = Firefox; check recent releases, tracking changes, campaign mix, and operational issues."
2026-06-23,revenue_per_session,residual_anomaly,business_segment,Enterprise,0.5022393500000001,0.7195279214285715,4.345771428571429,1.0,1,20,CRITICAL,"Review revenue_per_session drivers for business_segment = Enterprise; check recent releases, tracking changes, campaign mix, and operational issues."
2026-06-23,revenue_per_session,residual_anomaly,channel,Paid Search,0.5143419444444444,0.7429952261904762,4.115759071428572,0.9470721456654088,1,18,CRITICAL,"Review revenue_per_session drivers for channel = Paid Search; check recent releases, tracking changes, campaign mix, and operational issues."
2026-06-23,revenue_per_session,residual_anomaly,channel,Email,0.393316,0.5083221785714286,0.23001235714285723,0.052927854334591275,2,2,WARNING,"Review revenue_per_session drivers for channel = Email; check recent releases, tracking changes, campaign mix, and operational issues."
2026-06-23,revenue_per_session,residual_anomaly,device_type,Desktop,0.5369328888888888,0.7802265357142857,2.1896428214285715,0.503855956857898,1,9,WARNING,"Review revenue_per_session drivers for device_type = Desktop; check recent releases, tracking changes, campaign mix, and operational issues."
2026-06-23,revenue_per_session,residual_anomaly,device_type,Mobile,0.47385372727272723,0.6698654188311687,2.156128607142857,0.496144043142102,2,11,CRITICAL,"Review revenue_per_session drivers for device_type = Mobile; check recent releases, tracking changes, campaign mix, and operational issues."
2026-06-23,revenue_per_session,residual_anomaly,full_segment,North America + Desktop + Chrome + Paid Search + Enterprise,0.574238,0.90153,0.327292,0.07531275065416627,1,1,WARNING,"Review revenue_per_session drivers for full_segment = North America + Desktop + Chrome + Paid Search + Enterprise; check recent releases, tracking changes, campaign mix, and operational issues."
2026-06-23,revenue_per_session,residual_anomaly,full_segment,North America + Mobile + Chrome + Paid Search + Enterprise,0.520879,0.8087994642857143,0.2879204642857143,0.06625301606816478,2,1,WARNING,"Review revenue_per_session drivers for full_segment = North America + Mobile + Chrome + Paid Search + Enterprise; check recent releases, tracking changes, campaign mix, and operational issues."
2026-06-23,revenue_per_session,residual_anomaly,full_segment,APAC + Mobile + Chrome + Paid Search + Enterprise,0.431982,0.7155911785714286,0.28360917857142864,0.06526095153252423,3,1,CRITICAL,"Review revenue_per_session drivers for full_segment = APAC + Mobile + Chrome + Paid Search + Enterprise; check recent releases, tracking changes, campaign mix, and operational issues."
2026-06-23,revenue_per_session,residual_anomaly,full_segment,North America + Desktop + Safari + Paid Search + Enterprise,0.540208,0.7992761785714285,0.2590681785714285,0.05961385287504435,4,1,WARNING,"Review revenue_per_session drivers for full_segment = North America + Desktop + Safari + Paid Search + Enterprise; check recent releases, tracking changes, campaign mix, and operational issues."
2026-06-23,revenue_per_session,residual_anomaly,full_segment,EMEA + Desktop + Firefox + Paid Search + Enterprise,0.500917,0.7547142857142858,0.25379728571428584,0.05840097434616247,5,1,WARNING,"Review revenue_per_session drivers for full_segment = EMEA + Desktop + Firefox + Paid Search + Enterprise; check recent releases, tracking changes, campaign mix, and operational issues."
2026-06-23,revenue_per_session,residual_anomaly,full_segment,APAC + Desktop + Safari + Paid Search + Enterprise,0.450713,0.7044094642857142,0.2536964642857142,0.058377774453984795,6,1,WARNING,"Review revenue_per_session drivers for full_segment = APAC + Desktop + Safari + Paid Search + Enterprise; check recent releases, tracking changes, campaign mix, and operational issues."
2026-06-23,revenue_per_session,residual_anomaly,full_segment,North America + Desktop + Firefox + Paid Search + Enterprise,0.586329,0.837675,0.25134599999999996,0.057836912072162086,7,1,WARNING,"Review revenue_per_session drivers for full_segment = North America + Desktop + Firefox + Paid Search + Enterprise; check recent releases, tracking changes, campaign mix, and operational issues."
2026-06-23,revenue_per_session,residual_anomaly,full_segment,North America + Mobile + Firefox + Paid Search + Enterprise,0.493058,0.7390999285714285,0.24604192857142848,0.05661639886392024,8,1,WARNING,"Review revenue_per_session drivers for full_segment = North America + Mobile + Firefox + Paid Search + Enterprise; check recent releases, tracking changes, campaign mix, and operational issues."
2026-06-23,revenue_per_session,residual_anomaly,full_segment,EMEA + Desktop + Safari + Paid Search + Enterprise,0.494515,0.7281344285714286,0.23361942857142864,0.05375787300627212,9,1,WARNING,"Review revenue_per_session drivers for full_segment = EMEA + Desktop + Safari + Paid Search + Enterprise; check recent releases, tracking changes, campaign mix, and operational issues."
2026-06-23,revenue_per_session,residual_anomaly,full_segment,EMEA + Mobile + Chrome + Paid Search + Enterprise,0.49698,0.7236364285714286,0.22665642857142865,0.05215562583003512,10,1,WARNING,"Review revenue_per_session drivers for full_segment = EMEA + Mobile + Chrome + Paid Search + Enterprise; check recent releases, tracking changes, campaign mix, and operational issues."
2026-06-23,revenue_per_session,residual_anomaly,full_segment,EMEA + Mobile + Safari + Paid Search + Enterprise,0.448335,0.66721125,0.21887625000000005,0.05036533872006943,11,1,WARNING,"Review revenue_per_session drivers for full_segment = EMEA + Mobile + Safari + Paid Search + Enterprise; check recent releases, tracking changes, campaign mix, and operational issues."
2026-06-23,revenue_per_session,residual_anomaly,full_segment,APAC + Desktop + Firefox + Paid Search + Enterprise,0.516725,0.7314137857142857,0.21468878571428573,0.04940176657769128,12,1,WARNING,"Review revenue_per_session drivers for full_segment = APAC + Desktop + Firefox + Paid Search + Enterprise; check recent releases, tracking changes, campaign mix, and operational issues."
2026-06-23,revenue_per_session,residual_anomaly,full_segment,EMEA + Desktop + Chrome + Paid Search + Enterprise,0.592351,0.8007338214285714,0.20838282142857145,0.04795070906365465,13,1,WARNING,"Review revenue_per_session drivers for full_segment = EMEA + Desktop + Chrome + Paid Search + Enterprise; check recent releases, tracking changes, campaign mix, and operational issues."
2026-06-23,revenue_per_session,residual_anomaly,full_segment,APAC + Desktop + Chrome + Paid Search + Enterprise,0.5764,0.7641518571428572,0.18775185714285714,0.043203343808759904,14,1,WARNING,"Review revenue_per_session drivers for full_segment = APAC + Desktop + Chrome + Paid Search + Enterprise; check recent releases, tracking changes, campaign mix, and operational issues."
2026-06-23,revenue_per_session,residual_anomaly,full_segment,APAC + Mobile + Safari + Paid Search + Enterprise,0.449047,0.6329441428571428,0.18389714285714287,0.04231634035055423,15,1,WARNING,"Review revenue_per_session drivers for full_segment = APAC + Mobile + Safari + Paid Search + Enterprise; check recent releases, tracking changes, campaign mix, and operational issues."
2026-06-23,revenue_per_session,residual_anomaly,full_segment,APAC + Mobile + Firefox + Paid Search + Enterprise,0.493594,0.6567196428571428,0.16312564285714282,0.037536636599124255,16,1,WARNING,"Review revenue_per_session drivers for full_segment = APAC + Mobile + Firefox + Paid Search + Enterprise; check recent releases, tracking changes, campaign mix, and operational issues."
2026-06-23,revenue_per_session,residual_anomaly,full_segment,North America + Mobile + Safari + Paid Search + Enterprise,0.559385,0.7191704285714284,0.1597854285714284,0.036768024089098066,17,1,WARNING,"Review revenue_per_session drivers for full_segment = North America + Mobile + Safari + Paid Search + Enterprise; check recent releases, tracking changes, campaign mix, and operational issues."
2026-06-23,revenue_per_session,residual_anomaly,full_segment,EMEA + Mobile + Firefox + Paid Search + Enterprise,0.532499,0.6887027857142858,0.15620378571428584,0.03594385675402035,18,1,WARNING,"Review revenue_per_session drivers for full_segment = EMEA + Mobile + Firefox + Paid Search + Enterprise; check recent releases, tracking changes, campaign mix, and operational issues."
2026-06-23,revenue_per_session,residual_anomaly,full_segment,APAC + Mobile + Chrome + Email + Enterprise,0.402256,0.5242060714285715,0.12195007142857145,0.028061777622910945,19,1,WARNING,"Review revenue_per_session drivers for full_segment = APAC + Mobile + Chrome + Email + Enterprise; check recent releases, tracking changes, campaign mix, and operational issues."
2026-06-23,revenue_per_session,residual_anomaly,full_segment,EMEA + Mobile + Safari + Email + Enterprise,0.384376,0.4924382857142858,0.10806228571428578,0.02486607671168033,20,1,WARNING,"Review revenue_per_session drivers for full_segment = EMEA + Mobile + Safari + Email + Enterprise; check recent releases, tracking changes, campaign mix, and operational issues."
2026-06-23,revenue_per_session,residual_anomaly,region,North America,0.5456828333333333,0.8009251666666666,1.5314539999999996,0.3524009546225558,1,6,WARNING,"Review revenue_per_session drivers for region = North America; check recent releases, tracking changes, campaign mix, and operational issues."
2026-06-23,revenue_per_session,residual_anomaly,region,APAC,0.47438814285714287,0.6756337346938776,1.4087191428571426,0.3241585909455496,2,7,CRITICAL,"Review revenue_per_session drivers for region = APAC; check recent releases, tracking changes, campaign mix, and operational issues."
2026-06-23,revenue_per_session,residual_anomaly,region,EMEA,0.4928532857142857,0.6936530408163266,1.4055982857142864,0.3234404544318945,3,7,WARNING,"Review revenue_per_session drivers for region = EMEA; check recent releases, tracking changes, campaign mix, and operational issues."
2026-06-23,revenue_per_session,residual_anomaly,region_device_browser,APAC + Mobile + Chrome,0.417119,0.619898625,0.4055592500000001,0.09332272915543519,1,2,CRITICAL,"Review revenue_per_session drivers for region_device_browser = APAC + Mobile + Chrome; check recent releases, tracking changes, campaign mix, and operational issues."
2026-06-23,revenue_per_session,residual_anomaly,region_device_browser,North America + Desktop + Chrome,0.574238,0.90153,0.327292,0.07531275065416627,2,1,WARNING,"Review revenue_per_session drivers for region_device_browser = North America + Desktop + Chrome; check recent releases, tracking changes, campaign mix, and operational issues."
2026-06-23,revenue_per_session,residual_anomaly,region_device_browser,EMEA + Mobile + Safari,0.4163555,0.5798247678571429,0.3269385357142858,0.07523141543174977,3,2,WARNING,"Review revenue_per_session drivers for region_device_browser = EMEA + Mobile + Safari; check recent releases, tracking changes, campaign mix, and operational issues."
2026-06-23,revenue_per_session,residual_anomaly,region_device_browser,North America + Mobile + Chrome,0.520879,0.8087994642857143,0.2879204642857143,0.06625301606816478,4,1,WARNING,"Review revenue_per_session drivers for region_device_browser = North America + Mobile + Chrome; check recent releases, tracking changes, campaign mix, and operational issues."
2026-06-23,revenue_per_session,residual_anomaly,region_device_browser,North America + Desktop + Safari,0.540208,0.7992761785714285,0.2590681785714285,0.05961385287504435,5,1,WARNING,"Review revenue_per_session drivers for region_device_browser = North America + Desktop + Safari; check recent releases, tracking changes, campaign mix, and operational issues."
2026-06-23,revenue_per_session,residual_anomaly,region_device_browser,EMEA + Desktop + Firefox,0.500917,0.7547142857142858,0.25379728571428584,0.05840097434616247,6,1,WARNING,"Review revenue_per_session drivers for region_device_browser = EMEA + Desktop + Firefox; check recent releases, tracking changes, campaign mix, and operational issues."
2026-06-23,revenue_per_session,residual_anomaly,region_device_browser,APAC + Desktop + Safari,0.450713,0.7044094642857142,0.2536964642857142,0.058377774453984795,7,1,WARNING,"Review revenue_per_session drivers for region_device_browser = APAC + Desktop + Safari; check recent releases, tracking changes, campaign mix, and operational issues."
2026-06-23,revenue_per_session,residual_anomaly,region_device_browser,North America + Desktop + Firefox,0.586329,0.837675,0.25134599999999996,0.057836912072162086,8,1,WARNING,"Review revenue_per_session drivers for region_device_browser = North America + Desktop + Firefox; check recent releases, tracking changes, campaign mix, and operational issues."
2026-06-23,revenue_per_session,residual_anomaly,region_device_browser,North America + Mobile + Firefox,0.493058,0.7390999285714285,0.24604192857142848,0.05661639886392024,9,1,WARNING,"Review revenue_per_session drivers for region_device_browser = North America + Mobile + Firefox; check recent releases, tracking changes, campaign mix, and operational issues."
2026-06-23,revenue_per_session,residual_anomaly,region_device_browser,EMEA + Desktop + Safari,0.494515,0.7281344285714286,0.23361942857142864,0.05375787300627212,10,1,WARNING,"Review revenue_per_session drivers for region_device_browser = EMEA + Desktop + Safari; check recent releases, tracking changes, campaign mix, and operational issues."
2026-06-23,revenue_per_session,residual_anomaly,region_device_browser,EMEA + Mobile + Chrome,0.49698,0.7236364285714286,0.22665642857142865,0.05215562583003512,11,1,WARNING,"Review revenue_per_session drivers for region_device_browser = EMEA + Mobile + Chrome; check recent releases, tracking changes, campaign mix, and operational issues."
2026-06-23,revenue_per_session,residual_anomaly,region_device_browser,APAC + Desktop + Firefox,0.516725,0.7314137857142857,0.21468878571428573,0.04940176657769128,12,1,WARNING,"Review revenue_per_session drivers for region_device_browser = APAC + Desktop + Firefox; check recent releases, tracking changes, campaign mix, and operational issues."
2026-06-23,revenue_per_session,residual_anomaly,region_device_browser,EMEA + Desktop + Chrome,0.592351,0.8007338214285714,0.20838282142857145,0.04795070906365465,13,1,WARNING,"Review revenue_per_session drivers for region_device_browser = EMEA + Desktop + Chrome; check recent releases, tracking changes, campaign mix, and operational issues."
2026-06-23,revenue_per_session,residual_anomaly,region_device_browser,APAC + Desktop + Chrome,0.5764,0.7641518571428572,0.18775185714285714,0.043203343808759904,14,1,WARNING,"Review revenue_per_session drivers for region_device_browser = APAC + Desktop + Chrome; check recent releases, tracking changes, campaign mix, and operational issues."
2026-06-23,revenue_per_session,residual_anomaly,region_device_browser,APAC + Mobile + Safari,0.449047,0.6329441428571428,0.18389714285714287,0.04231634035055423,15,1,WARNING,"Review revenue_per_session drivers for region_device_browser = APAC + Mobile + Safari; check recent releases, tracking changes, campaign mix, and operational issues."
2026-06-23,revenue_per_session,residual_anomaly,region_device_browser,APAC + Mobile + Firefox,0.493594,0.6567196428571428,0.16312564285714282,0.037536636599124255,16,1,WARNING,"Review revenue_per_session drivers for region_device_browser = APAC + Mobile + Firefox; check recent releases, tracking changes, campaign mix, and operational issues."
2026-06-23,revenue_per_session,residual_anomaly,region_device_browser,North America + Mobile + Safari,0.559385,0.7191704285714284,0.1597854285714284,0.036768024089098066,17,1,WARNING,"Review revenue_per_session drivers for region_device_browser = North America + Mobile + Safari; check recent releases, tracking changes, campaign mix, and operational issues."
2026-06-23,revenue_per_session,residual_anomaly,region_device_browser,EMEA + Mobile + Firefox,0.532499,0.6887027857142858,0.15620378571428584,0.03594385675402035,18,1,WARNING,"Review revenue_per_session drivers for region_device_browser = EMEA + Mobile + Firefox; check recent releases, tracking changes, campaign mix, and operational issues."
2026-06-24,revenue_per_session,residual_anomaly,browser,Firefox,0.45785200000000004,0.6666889642857143,1.4618587500000002,0.35678601735064924,1,7,CRITICAL,"Review revenue_per_session drivers for browser = Firefox; check recent releases, tracking changes, campaign mix, and operational issues."
2026-06-24,revenue_per_session,residual_anomaly,browser,Safari,0.4587202857142857,0.6597965612244897,1.4075339285714283,0.34352732414189335,2,7,WARNING,"Review revenue_per_session drivers for browser = Safari; check recent releases, tracking changes, campaign mix, and operational issues."
2026-06-24,revenue_per_session,residual_anomaly,browser,Chrome,0.5695993333333332,0.7742502738095238,1.2279056428571424,0.29968665850745735,3,6,WARNING,"Review revenue_per_session drivers for browser = Chrome; check recent releases, tracking changes, campaign mix, and operational issues."
2026-06-24,revenue_per_session,residual_anomaly,business_segment,Enterprise,0.5121892777777779,0.731910740079365,3.954986321428571,0.9652668688399576,1,18,CRITICAL,"Review revenue_per_session drivers for business_segment = Enterprise; check recent releases, tracking changes, campaign mix, and operational issues."
2026-06-24,revenue_per_session,residual_anomaly,business_segment,Mid-Market,0.360479,0.43448667857142853,0.07400767857142854,0.018062555558713844,2,1,WARNING,"Review revenue_per_session drivers for business_segment = Mid-Market; check recent releases, tracking changes, campaign mix, and operational issues."
2026-06-24,revenue_per_session,residual_anomaly,business_segment,SMB,0.253716,0.3220203214285714,0.0683043214285714,0.01667057560132851,3,1,WARNING,"Review revenue_per_session drivers for business_segment = SMB; check recent releases, tracking changes, campaign mix, and operational issues."
2026-06-24,revenue_per_session,residual_anomaly,channel,Paid Search,0.5121892777777779,0.731910740079365,3.954986321428571,0.9652668688399576,1,18,CRITICAL,"Review revenue_per_session drivers for channel = Paid Search; check recent releases, tracking changes, campaign mix, and operational issues."
2026-06-24,revenue_per_session,residual_anomaly,channel,Organic,0.3070975,0.37825349999999996,0.14231199999999994,0.034733131160042355,2,2,WARNING,"Review revenue_per_session drivers for channel = Organic; check recent releases, tracking changes, campaign mix, and operational issues."
2026-06-24,revenue_per_session,residual_anomaly,device_type,Desktop,0.5271341111111111,0.7690938888888889,2.177638,0.5314814370755266,1,9,CRITICAL,"Review revenue_per_session drivers for device_type = Desktop; check recent releases, tracking changes, campaign mix, and operational issues."
2026-06-24,revenue_per_session,residual_anomaly,device_type,Mobile,0.4626722727272727,0.6371868474025972,1.919660321428571,0.46851856292447336,2,11,WARNING,"Review revenue_per_session drivers for device_type = Mobile; check recent releases, tracking changes, campaign mix, and operational issues."
2026-06-24,revenue_per_session,residual_anomaly,full_segment,EMEA + Desktop + Firefox + Paid Search + Enterprise,0.441018,0.7431001428571429,0.30208214285714285,0.07372715364104081,1,1,CRITICAL,"Review revenue_per_session drivers for full_segment = EMEA + Desktop + Firefox + Paid Search + Enterprise; check recent releases, tracking changes, campaign mix, and operational issues."
2026-06-24,revenue_per_session,residual_anomaly,full_segment,North America + Desktop + Firefox + Paid Search + Enterprise,0.526462,0.8261076071428571,0.29964560714285715,0.07313248478289523,2,1,WARNING,"Review revenue_per_session drivers for full_segment = North America + Desktop + Firefox + Paid Search + Enterprise; check recent releases, tracking changes, campaign mix, and operational issues."
2026-06-24,revenue_per_session,residual_anomaly,full_segment,North America + Desktop + Safari + Paid Search + Enterprise,0.513833,0.7843514999999999,0.2705184999999999,0.06602362795630669,3,1,WARNING,"Review revenue_per_session drivers for full_segment = North America + Desktop + Safari + Paid Search + Enterprise; check recent releases, tracking changes, campaign mix, and operational issues."
2026-06-24,revenue_per_session,residual_anomaly,full_segment,North America + Desktop + Chrome + Paid Search + Enterprise,0.623185,0.8895327857142856,0.26634778571428563,0.06500570981646764,4,1,WARNING,"Review revenue_per_session drivers for full_segment = North America + Desktop + Chrome + Paid Search + Enterprise; check recent releases, tracking changes, campaign mix, and operational issues."
2026-06-24,revenue_per_session,residual_anomaly,full_segment,North America + Mobile + Chrome + Paid Search + Enterprise,0.561542,0.7937397857142857,0.23219778571428573,0.05667094936678354,5,1,WARNING,"Review revenue_per_session drivers for full_segment = North America + Mobile + Chrome + Paid Search + Enterprise; check recent releases, tracking changes, campaign mix, and operational issues."
2026-06-24,revenue_per_session,residual_anomaly,full_segment,North America + Mobile + Safari + Paid Search + Enterprise,0.481317,0.7104659642857143,0.2291489642857143,0.055926844058994174,6,1,WARNING,"Review revenue_per_session drivers for full_segment = North America + Mobile + Safari + Paid Search + Enterprise; check recent releases, tracking changes, campaign mix, and operational issues."
2026-06-24,revenue_per_session,residual_anomaly,full_segment,EMEA + Mobile + Safari + Paid Search + Enterprise,0.43472,0.6564520714285714,0.22173207142857143,0.0541166529829983,7,1,WARNING,"Review revenue_per_session drivers for full_segment = EMEA + Mobile + Safari + Paid Search + Enterprise; check recent releases, tracking changes, campaign mix, and operational issues."
2026-06-24,revenue_per_session,residual_anomaly,full_segment,EMEA + Mobile + Firefox + Paid Search + Enterprise,0.457146,0.6784476428571429,0.22130164285714288,0.0540116011811372,8,1,WARNING,"Review revenue_per_session drivers for full_segment = EMEA + Mobile + Firefox + Paid Search + Enterprise; check recent releases, tracking changes, campaign mix, and operational issues."
2026-06-24,revenue_per_session,residual_anomaly,full_segment,EMEA + Desktop + Chrome + Paid Search + Enterprise,0.574071,0.791137,0.21706599999999998,0.052977836362258675,9,1,WARNING,"Review revenue_per_session drivers for full_segment = EMEA + Desktop + Chrome + Paid Search + Enterprise; check recent releases, tracking changes, campaign mix, and operational issues."
2026-06-24,revenue_per_session,residual_anomaly,full_segment,EMEA + Desktop + Safari + Paid Search + Enterprise,0.502481,0.7167562142857143,0.2142752142857144,0.052296708093006225,10,1,WARNING,"Review revenue_per_session drivers for full_segment = EMEA + Desktop + Safari + Paid Search + Enterprise; check recent releases, tracking changes, campaign mix, and operational issues."
2026-06-24,revenue_per_session,residual_anomaly,full_segment,APAC + Desktop + Chrome + Paid Search + Enterprise,0.548263,0.7568488571428571,0.20858585714285716,0.050908145021310344,11,1,WARNING,"Review revenue_per_session drivers for full_segment = APAC + Desktop + Chrome + Paid Search + Enterprise; check recent releases, tracking changes, campaign mix, and operational issues."
2026-06-24,revenue_per_session,residual_anomaly,full_segment,APAC + Desktop + Safari + Paid Search + Enterprise,0.488697,0.6923811071428572,0.20368410714285717,0.04971180791928285,12,1,WARNING,"Review revenue_per_session drivers for full_segment = APAC + Desktop + Safari + Paid Search + Enterprise; check recent releases, tracking changes, campaign mix, and operational issues."
2026-06-24,revenue_per_session,residual_anomaly,full_segment,APAC + Desktop + Firefox + Paid Search + Enterprise,0.526197,0.7216297857142857,0.19543278571428568,0.04769796348295814,13,1,WARNING,"Review revenue_per_session drivers for full_segment = APAC + Desktop + Firefox + Paid Search + Enterprise; check recent releases, tracking changes, campaign mix, and operational issues."
2026-06-24,revenue_per_session,residual_anomaly,full_segment,APAC + Mobile + Safari + Paid Search + Enterprise,0.429515,0.6236823928571428,0.1941673928571428,0.04738912757259131,14,1,WARNING,"Review revenue_per_session drivers for full_segment = APAC + Mobile + Safari + Paid Search + Enterprise; check recent releases, tracking changes, campaign mix, and operational issues."
2026-06-24,revenue_per_session,residual_anomaly,full_segment,APAC + Mobile + Firefox + Paid Search + Enterprise,0.458184,0.6501947142857143,0.1920107142857143,0.04686276156205475,15,1,WARNING,"Review revenue_per_session drivers for full_segment = APAC + Mobile + Firefox + Paid Search + Enterprise; check recent releases, tracking changes, campaign mix, and operational issues."
2026-06-24,revenue_per_session,residual_anomaly,full_segment,North America + Mobile + Firefox + Paid Search + Enterprise,0.542241,0.7253225357142857,0.18308153571428576,0.04468347709923456,16,1,WARNING,"Review revenue_per_session drivers for full_segment = North America + Mobile + Firefox + Paid Search + Enterprise; check recent releases, tracking changes, campaign mix, and operational issues."
2026-06-24,revenue_per_session,residual_anomaly,full_segment,EMEA + Mobile + Chrome + Paid Search + Enterprise,0.554744,0.710232107142857,0.155488107142857,0.03794893487000093,17,1,WARNING,"Review revenue_per_session drivers for full_segment = EMEA + Mobile + Chrome + Paid Search + Enterprise; check recent releases, tracking changes, campaign mix, and operational issues."
2026-06-24,revenue_per_session,residual_anomaly,full_segment,APAC + Mobile + Chrome + Paid Search + Enterprise,0.555791,0.7040111071428571,0.14822010714285705,0.03617508307063626,18,1,WARNING,"Review revenue_per_session drivers for full_segment = APAC + Mobile + Chrome + Paid Search + Enterprise; check recent releases, tracking changes, campaign mix, and operational issues."
2026-06-24,revenue_per_session,residual_anomaly,full_segment,North America + Mobile + Safari + Organic + Mid-Market,0.360479,0.43448667857142853,0.07400767857142854,0.018062555558713844,19,1,WARNING,"Review revenue_per_session drivers for full_segment = North America + Mobile + Safari + Organic + Mid-Market; check recent releases, tracking changes, campaign mix, and operational issues."
2026-06-24,revenue_per_session,residual_anomaly,full_segment,EMEA + Mobile + Firefox + Organic + SMB,0.253716,0.3220203214285714,0.0683043214285714,0.01667057560132851,20,1,WARNING,"Review revenue_per_session drivers for full_segment = EMEA + Mobile + Firefox + Organic + SMB; check recent releases, tracking changes, campaign mix, and operational issues."
2026-06-24,revenue_per_session,residual_anomaly,region,North America,0.515579857142857,0.7377152653061225,1.5549478571428572,0.37950564863939573,1,7,WARNING,"Review revenue_per_session drivers for region = North America; check recent releases, tracking changes, campaign mix, and operational issues."
2026-06-24,revenue_per_session,residual_anomaly,region,EMEA,0.45969942857142854,0.6597350714285716,1.4002494999999997,0.3417494627317706,2,7,CRITICAL,"Review revenue_per_session drivers for region = EMEA; check recent releases, tracking changes, campaign mix, and operational issues."
2026-06-24,revenue_per_session,residual_anomaly,region,APAC,0.5011078333333333,0.6914579940476191,1.1421009642857143,0.2787448886288337,3,6,WARNING,"Review revenue_per_session drivers for region = APAC; check recent releases, tracking changes, campaign mix, and operational issues."
2026-06-24,revenue_per_session,residual_anomaly,region_device_browser,North America + Mobile + Safari,0.420898,0.5724763214285714,0.30315664285714283,0.07398939961770802,1,2,WARNING,"Review revenue_per_session drivers for region_device_browser = North America + Mobile + Safari; check recent releases, tracking changes, campaign mix, and operational issues."
2026-06-24,revenue_per_session,residual_anomaly,region_device_browser,EMEA + Desktop + Firefox,0.441018,0.7431001428571429,0.30208214285714285,0.07372715364104081,2,1,CRITICAL,"Review revenue_per_session drivers for region_device_browser = EMEA + Desktop + Firefox; check recent releases, tracking changes, campaign mix, and operational issues."
2026-06-24,revenue_per_session,residual_anomaly,region_device_browser,North America + Desktop + Firefox,0.526462,0.8261076071428571,0.29964560714285715,0.07313248478289523,3,1,WARNING,"Review revenue_per_session drivers for region_device_browser = North America + Desktop + Firefox; check recent releases, tracking changes, campaign mix, and operational issues."
2026-06-24,revenue_per_session,residual_anomaly,region_device_browser,EMEA + Mobile + Firefox,0.355431,0.5002339821428572,0.2896059642857143,0.0706821767824657,4,2,WARNING,"Review revenue_per_session drivers for region_device_browser = EMEA + Mobile + Firefox; check recent releases, tracking changes, campaign mix, and operational issues."
2026-06-24,revenue_per_session,residual_anomaly,region_device_browser,North America + Desktop + Safari,0.513833,0.7843514999999999,0.2705184999999999,0.06602362795630669,5,1,WARNING,"Review revenue_per_session drivers for region_device_browser = North America + Desktop + Safari; check recent releases, tracking changes, campaign mix, and operational issues."
2026-06-24,revenue_per_session,residual_anomaly,region_device_browser,North America + Desktop + Chrome,0.623185,0.8895327857142856,0.26634778571428563,0.06500570981646764,6,1,WARNING,"Review revenue_per_session drivers for region_device_browser = North America + Desktop + Chrome; check recent releases, tracking changes, campaign mix, and operational issues."
2026-06-24,revenue_per_session,residual_anomaly,region_device_browser,North America + Mobile + Chrome,0.561542,0.7937397857142857,0.23219778571428573,0.05667094936678354,7,1,WARNING,"Review revenue_per_session drivers for region_device_browser = North America + Mobile + Chrome; check recent releases, tracking changes, campaign mix, and operational issues."
2026-06-24,revenue_per_session,residual_anomaly,region_device_browser,EMEA + Mobile + Safari,0.43472,0.6564520714285714,0.22173207142857143,0.0541166529829983,8,1,WARNING,"Review revenue_per_session drivers for region_device_browser = EMEA + Mobile + Safari; check recent releases, tracking changes, campaign mix, and operational issues."
2026-06-24,revenue_per_session,residual_anomaly,region_device_browser,EMEA + Desktop + Chrome,0.574071,0.791137,0.21706599999999998,0.052977836362258675,9,1,WARNING,"Review revenue_per_session drivers for region_device_browser = EMEA + Desktop + Chrome; check recent releases, tracking changes, campaign mix, and operational issues."
2026-06-24,revenue_per_session,residual_anomaly,region_device_browser,EMEA + Desktop + Safari,0.502481,0.7167562142857143,0.2142752142857144,0.052296708093006225,10,1,WARNING,"Review revenue_per_session drivers for region_device_browser = EMEA + Desktop + Safari; check recent releases, tracking changes, campaign mix, and operational issues."
2026-06-24,revenue_per_session,residual_anomaly,region_device_browser,APAC + Desktop + Chrome,0.548263,0.7568488571428571,0.20858585714285716,0.050908145021310344,11,1,WARNING,"Review revenue_per_session drivers for region_device_browser = APAC + Desktop + Chrome; check recent releases, tracking changes, campaign mix, and operational issues."
2026-06-24,revenue_per_session,residual_anomaly,region_device_browser,APAC + Desktop + Safari,0.488697,0.6923811071428572,0.20368410714285717,0.04971180791928285,12,1,WARNING,"Review revenue_per_session drivers for region_device_browser = APAC + Desktop + Safari; check recent releases, tracking changes, campaign mix, and operational issues."
2026-06-24,revenue_per_session,residual_anomaly,region_device_browser,APAC + Desktop + Firefox,0.526197,0.7216297857142857,0.19543278571428568,0.04769796348295814,13,1,WARNING,"Review revenue_per_session drivers for region_device_browser = APAC + Desktop + Firefox; check recent releases, tracking changes, campaign mix, and operational issues."
2026-06-24,revenue_per_session,residual_anomaly,region_device_browser,APAC + Mobile + Safari,0.429515,0.6236823928571428,0.1941673928571428,0.04738912757259131,14,1,WARNING,"Review revenue_per_session drivers for region_device_browser = APAC + Mobile + Safari; check recent releases, tracking changes, campaign mix, and operational issues."
2026-06-24,revenue_per_session,residual_anomaly,region_device_browser,APAC + Mobile + Firefox,0.458184,0.6501947142857143,0.1920107142857143,0.04686276156205475,15,1,WARNING,"Review revenue_per_session drivers for region_device_browser = APAC + Mobile + Firefox; check recent releases, tracking changes, campaign mix, and operational issues."
2026-06-24,revenue_per_session,residual_anomaly,region_device_browser,North America + Mobile + Firefox,0.542241,0.7253225357142857,0.18308153571428576,0.04468347709923456,16,1,WARNING,"Review revenue_per_session drivers for region_device_browser = North America + Mobile + Firefox; check recent releases, tracking changes, campaign mix, and operational issues."
2026-06-24,revenue_per_session,residual_anomaly,region_device_browser,EMEA + Mobile + Chrome,0.554744,0.710232107142857,0.155488107142857,0.03794893487000093,17,1,WARNING,"Review revenue_per_session drivers for region_device_browser = EMEA + Mobile + Chrome; check recent releases, tracking changes, campaign mix, and operational issues."
2026-06-24,revenue_per_session,residual_anomaly,region_device_browser,APAC + Mobile + Chrome,0.555791,0.7040111071428571,0.14822010714285705,0.03617508307063626,18,1,WARNING,"Review revenue_per_session drivers for region_device_browser = APAC + Mobile + Chrome; check recent releases, tracking changes, campaign mix, and operational issues."
2026-06-25,revenue_per_session,residual_anomaly,browser,Chrome,0.44726899999999997,0.6308816388888889,1.6525137500000002,0.36155823410301574,1,9,CRITICAL,"Review revenue_per_session drivers for browser = Chrome; check recent releases, tracking changes, campaign mix, and operational issues."
2026-06-25,revenue_per_session,residual_anomaly,browser,Firefox,0.4593047777777778,0.6354334960317459,1.5851584642857142,0.34682137750478087,2,9,WARNING,"Review revenue_per_session drivers for browser = Firefox; check recent releases, tracking changes, campaign mix, and operational issues."
2026-06-25,revenue_per_session,residual_anomaly,browser,Safari,0.46496650000000006,0.6871099226190477,1.3328605357142858,0.29162038839220344,3,6,WARNING,"Review revenue_per_session drivers for browser = Safari; check recent releases, tracking changes, campaign mix, and operational issues."
2026-06-25,revenue_per_session,residual_anomaly,business_segment,Enterprise,0.4913076,0.7023935428571428,4.221718857142857,0.9236820055917677,1,20,CRITICAL,"Review revenue_per_session drivers for business_segment = Enterprise; check recent releases, tracking changes, campaign mix, and operational issues."
2026-06-25,revenue_per_session,residual_anomaly,business_segment,Mid-Market,0.308241,0.40629205357142856,0.19610210714285714,0.04290574378727669,2,2,WARNING,"Review revenue_per_session drivers for business_segment = Mid-Market; check recent releases, tracking changes, campaign mix, and operational issues."
2026-06-25,revenue_per_session,residual_anomaly,business_segment,SMB,0.2531645,0.32952039285714285,0.1527117857142857,0.033412250620955666,3,2,WARNING,"Review revenue_per_session drivers for business_segment = SMB; check recent releases, tracking changes, campaign mix, and operational issues."
2026-06-25,revenue_per_session,residual_anomaly,channel,Paid Search,0.49784416666666664,0.7212680337301589,4.021629607142858,0.8799039033563117,1,18,CRITICAL,"Review revenue_per_session drivers for channel = Paid Search; check recent releases, tracking changes, campaign mix, and operational issues."
2026-06-25,revenue_per_session,residual_anomaly,channel,Email,0.3382596,0.4332253214285714,0.47482860714285713,0.10388911602107154,2,5,WARNING,"Review revenue_per_session drivers for channel = Email; check recent releases, tracking changes, campaign mix, and operational issues."
2026-06-25,revenue_per_session,residual_anomaly,channel,Organic,0.29647,0.3705445357142857,0.07407453571428568,0.016206980622616846,3,1,WARNING,"Review revenue_per_session drivers for channel = Organic; check recent releases, tracking changes, campaign mix, and operational issues."
2026-06-25,revenue_per_session,residual_anomaly,device_type,Desktop,0.44345861538461545,0.6375946813186815,2.5237688571428576,0.5521826437285364,1,13,CRITICAL,"Review revenue_per_session drivers for device_type = Desktop; check recent releases, tracking changes, campaign mix, and operational issues."
2026-06-25,revenue_per_session,residual_anomaly,device_type,Mobile,0.4712728181818182,0.6573422629870129,2.0467638928571428,0.44781735627146374,2,11,WARNING,"Review revenue_per_session drivers for device_type = Mobile; check recent releases, tracking changes, campaign mix, and operational issues."
2026-06-25,revenue_per_session,residual_anomaly,full_segment,EMEA + Desktop + Chrome + Paid Search + Enterprise,0.459072,0.7795179642857143,0.3204459642857143,0.07011129376235502,1,1,CRITICAL,"Review revenue_per_session drivers for full_segment = EMEA + Desktop + Chrome + Paid Search + Enterprise; check recent releases, tracking changes, campaign mix, and operational issues."
2026-06-25,revenue_per_session,residual_anomaly,full_segment,North America + Desktop + Safari + Paid Search + Enterprise,0.488177,0.77475675,0.28657974999999997,0.06270160737826459,2,1,WARNING,"Review revenue_per_session drivers for full_segment = North America + Desktop + Safari + Paid Search + Enterprise; check recent releases, tracking changes, campaign mix, and operational issues."
2026-06-25,revenue_per_session,residual_anomaly,full_segment,North America + Desktop + Firefox + Paid Search + Enterprise,0.564524,0.8125211071428572,0.24799710714285716,0.05426000002797424,3,1,WARNING,"Review revenue_per_session drivers for full_segment = North America + Desktop + Firefox + Paid Search + Enterprise; check recent releases, tracking changes, campaign mix, and operational issues."
2026-06-25,revenue_per_session,residual_anomaly,full_segment,North America + Mobile + Safari + Paid Search + Enterprise,0.458359,0.6990433928571429,0.24068439285714288,0.052660030246395866,4,1,WARNING,"Review revenue_per_session drivers for full_segment = North America + Mobile + Safari + Paid Search + Enterprise; check recent releases, tracking changes, campaign mix, and operational issues."
2026-06-25,revenue_per_session,residual_anomaly,full_segment,EMEA + Mobile + Firefox + Paid Search + Enterprise,0.427402,0.6664518928571429,0.2390498928571429,0.05230241329244231,5,1,WARNING,"Review revenue_per_session drivers for full_segment = EMEA + Mobile + Firefox + Paid Search + Enterprise; check recent releases, tracking changes, campaign mix, and operational issues."
2026-06-25,revenue_per_session,residual_anomaly,full_segment,North America + Desktop + Chrome + Paid Search + Enterprise,0.636718,0.875498892857143,0.238780892857143,0.05224355800910583,6,1,WARNING,"Review revenue_per_session drivers for full_segment = North America + Desktop + Chrome + Paid Search + Enterprise; check recent releases, tracking changes, campaign mix, and operational issues."
2026-06-25,revenue_per_session,residual_anomaly,full_segment,APAC + Desktop + Safari + Paid Search + Enterprise,0.446062,0.6832795357142858,0.23721753571428578,0.05190150660539207,7,1,WARNING,"Review revenue_per_session drivers for full_segment = APAC + Desktop + Safari + Paid Search + Enterprise; check recent releases, tracking changes, campaign mix, and operational issues."
2026-06-25,revenue_per_session,residual_anomaly,full_segment,North America + Mobile + Chrome + Paid Search + Enterprise,0.560182,0.7835645357142856,0.22338253571428568,0.04887450718174718,8,1,WARNING,"Review revenue_per_session drivers for full_segment = North America + Mobile + Chrome + Paid Search + Enterprise; check recent releases, tracking changes, campaign mix, and operational issues."
2026-06-25,revenue_per_session,residual_anomaly,full_segment,EMEA + Desktop + Firefox + Paid Search + Enterprise,0.512612,0.7316001071428572,0.2189881071428572,0.04791303752125115,9,1,WARNING,"Review revenue_per_session drivers for full_segment = EMEA + Desktop + Firefox + Paid Search + Enterprise; check recent releases, tracking changes, campaign mix, and operational issues."
2026-06-25,revenue_per_session,residual_anomaly,full_segment,APAC + Desktop + Firefox + Paid Search + Enterprise,0.494617,0.7112989642857144,0.2166819642857144,0.047408469895706226,10,1,WARNING,"Review revenue_per_session drivers for full_segment = APAC + Desktop + Firefox + Paid Search + Enterprise; check recent releases, tracking changes, campaign mix, and operational issues."
2026-06-25,revenue_per_session,residual_anomaly,full_segment,EMEA + Desktop + Safari + Paid Search + Enterprise,0.490962,0.7046197857142857,0.21365778571428573,0.046746801171982794,11,1,WARNING,"Review revenue_per_session drivers for full_segment = EMEA + Desktop + Safari + Paid Search + Enterprise; check recent releases, tracking changes, campaign mix, and operational issues."
2026-06-25,revenue_per_session,residual_anomaly,full_segment,APAC + Mobile + Chrome + Paid Search + Enterprise,0.48111,0.69421925,0.21310924999999997,0.046626785466092543,12,1,WARNING,"Review revenue_per_session drivers for full_segment = APAC + Mobile + Chrome + Paid Search + Enterprise; check recent releases, tracking changes, campaign mix, and operational issues."
2026-06-25,revenue_per_session,residual_anomaly,full_segment,APAC + Mobile + Firefox + Paid Search + Enterprise,0.436609,0.6429501071428572,0.20634110714285714,0.045145964032936234,13,1,WARNING,"Review revenue_per_session drivers for full_segment = APAC + Mobile + Firefox + Paid Search + Enterprise; check recent releases, tracking changes, campaign mix, and operational issues."
2026-06-25,revenue_per_session,residual_anomaly,full_segment,EMEA + Mobile + Chrome + Paid Search + Enterprise,0.505919,0.7035857500000001,0.1976667500000001,0.04324807649611528,14,1,WARNING,"Review revenue_per_session drivers for full_segment = EMEA + Mobile + Chrome + Paid Search + Enterprise; check recent releases, tracking changes, campaign mix, and operational issues."
2026-06-25,revenue_per_session,residual_anomaly,full_segment,APAC + Desktop + Chrome + Paid Search + Enterprise,0.549407,0.7440128571428571,0.19460585714285716,0.042578374948272095,15,1,WARNING,"Review revenue_per_session drivers for full_segment = APAC + Desktop + Chrome + Paid Search + Enterprise; check recent releases, tracking changes, campaign mix, and operational issues."
2026-06-25,revenue_per_session,residual_anomaly,full_segment,EMEA + Mobile + Safari + Paid Search + Enterprise,0.455417,0.6469789285714285,0.19156192857142845,0.04191238506527022,16,1,WARNING,"Review revenue_per_session drivers for full_segment = EMEA + Mobile + Safari + Paid Search + Enterprise; check recent releases, tracking changes, campaign mix, and operational issues."
2026-06-25,revenue_per_session,residual_anomaly,full_segment,North America + Mobile + Firefox + Paid Search + Enterprise,0.543224,0.7149436428571427,0.1717196428571427,0.03757103433011014,17,1,WARNING,"Review revenue_per_session drivers for full_segment = North America + Mobile + Firefox + Paid Search + Enterprise; check recent releases, tracking changes, campaign mix, and operational issues."
2026-06-25,revenue_per_session,residual_anomaly,full_segment,APAC + Mobile + Safari + Paid Search + Enterprise,0.450822,0.6139811428571429,0.1631591428571429,0.0356980579248979,18,1,WARNING,"Review revenue_per_session drivers for full_segment = APAC + Mobile + Safari + Paid Search + Enterprise; check recent releases, tracking changes, campaign mix, and operational issues."
2026-06-25,revenue_per_session,residual_anomaly,full_segment,North America + Desktop + Chrome + Email + Mid-Market,0.326684,0.43849471428571424,0.11181071428571426,0.024463387618372117,19,1,WARNING,"Review revenue_per_session drivers for full_segment = North America + Desktop + Chrome + Email + Mid-Market; check recent releases, tracking changes, campaign mix, and operational issues."
2026-06-25,revenue_per_session,residual_anomaly,full_segment,North America + Mobile + Firefox + Email + Enterprise,0.452242,0.5623312857142857,0.11008928571428572,0.024086751312368503,20,1,WARNING,"Review revenue_per_session drivers for full_segment = North America + Mobile + Firefox + Email + Enterprise; check recent releases, tracking changes, campaign mix, and operational issues."
2026-06-25,revenue_per_session,residual_anomaly,full_segment,APAC + Mobile + Firefox + Email + Enterprise,0.412715,0.5027149642857143,0.08999996428571427,0.019691350923087526,21,1,WARNING,"Review revenue_per_session drivers for full_segment = APAC + Mobile + Firefox + Email + Enterprise; check recent releases, tracking changes, campaign mix, and operational issues."
2026-06-25,revenue_per_session,residual_anomaly,full_segment,APAC + Desktop + Firefox + Email + Mid-Market,0.289798,0.3740893928571429,0.08429139285714288,0.01844235616890457,22,1,WARNING,"Review revenue_per_session drivers for full_segment = APAC + Desktop + Firefox + Email + Mid-Market; check recent releases, tracking changes, campaign mix, and operational issues."
2026-06-25,revenue_per_session,residual_anomaly,full_segment,APAC + Desktop + Chrome + Email + SMB,0.209859,0.28849625,0.07863725000000002,0.01720526999833882,23,1,WARNING,"Review revenue_per_session drivers for full_segment = APAC + Desktop + Chrome + Email + SMB; check recent releases, tracking changes, campaign mix, and operational issues."
2026-06-25,revenue_per_session,residual_anomaly,full_segment,APAC + Desktop + Chrome + Organic + SMB,0.29647,0.3705445357142857,0.07407453571428568,0.016206980622616846,24,1,WARNING,"Review revenue_per_session drivers for full_segment = APAC + Desktop + Chrome + Organic + SMB; check recent releases, tracking changes, campaign mix, and operational issues."
2026-06-25,revenue_per_session,residual_anomaly,region,North America,0.5037637500000001,0.7076442901785714,1.6310443214285713,0.3568608761043384,1,8,WARNING,"Review revenue_per_session drivers for region = North America; check recent releases, tracking changes, campaign mix, and operational issues."
2026-06-25,revenue_per_session,residual_anomaly,region,APAC,0.4067468999999999,0.5625587000000001,1.5581180000000001,0.34090511658624484,2,10,WARNING,"Review revenue_per_session drivers for region = APAC; check recent releases, tracking changes, campaign mix, and operational issues."
2026-06-25,revenue_per_session,residual_anomaly,region,EMEA,0.47523066666666663,0.7054590714285714,1.3813704285714288,0.3022340073094168,3,6,CRITICAL,"Review revenue_per_session drivers for region = EMEA; check recent releases, tracking changes, campaign mix, and operational issues."
2026-06-25,revenue_per_session,residual_anomaly,region_device_browser,North America + Desktop + Chrome,0.481701,0.6569968035714286,0.35059160714285725,0.07670694562747794,1,2,WARNING,"Review revenue_per_session drivers for region_device_browser = North America + Desktop + Chrome; check recent releases, tracking changes, campaign mix, and operational issues."
2026-06-25,revenue_per_session,residual_anomaly,region_device_browser,APAC + Desktop + Chrome,0.351912,0.46768454761904765,0.34731764285714284,0.07599062556922775,2,3,WARNING,"Review revenue_per_session drivers for region_device_browser = APAC + Desktop + Chrome; check recent releases, tracking changes, campaign mix, and operational issues."
2026-06-25,revenue_per_session,residual_anomaly,region_device_browser,EMEA + Desktop + Chrome,0.459072,0.7795179642857143,0.3204459642857143,0.07011129376235502,3,1,CRITICAL,"Review revenue_per_session drivers for region_device_browser = EMEA + Desktop + Chrome; check recent releases, tracking changes, campaign mix, and operational issues."
2026-06-25,revenue_per_session,residual_anomaly,region_device_browser,APAC + Desktop + Firefox,0.3922075,0.5426941785714287,0.3009733571428573,0.0658508260646108,4,2,WARNING,"Review revenue_per_session drivers for region_device_browser = APAC + Desktop + Firefox; check recent releases, tracking changes, campaign mix, and operational issues."
2026-06-25,revenue_per_session,residual_anomaly,region_device_browser,APAC + Mobile + Firefox,0.424662,0.5728325357142857,0.2963410714285714,0.06483731495602377,5,2,WARNING,"Review revenue_per_session drivers for region_device_browser = APAC + Mobile + Firefox; check recent releases, tracking changes, campaign mix, and operational issues."
2026-06-25,revenue_per_session,residual_anomaly,region_device_browser,North America + Desktop + Safari,0.488177,0.77475675,0.28657974999999997,0.06270160737826459,6,1,WARNING,"Review revenue_per_session drivers for region_device_browser = North America + Desktop + Safari; check recent releases, tracking changes, campaign mix, and operational issues."
2026-06-25,revenue_per_session,residual_anomaly,region_device_browser,North America + Mobile + Firefox,0.497733,0.6386374642857142,0.2818089285714284,0.06165778564247864,7,2,WARNING,"Review revenue_per_session drivers for region_device_browser = North America + Mobile + Firefox; check recent releases, tracking changes, campaign mix, and operational issues."
2026-06-25,revenue_per_session,residual_anomaly,region_device_browser,North America + Desktop + Firefox,0.564524,0.8125211071428572,0.24799710714285716,0.05426000002797424,8,1,WARNING,"Review revenue_per_session drivers for region_device_browser = North America + Desktop + Firefox; check recent releases, tracking changes, campaign mix, and operational issues."
2026-06-25,revenue_per_session,residual_anomaly,region_device_browser,North America + Mobile + Safari,0.458359,0.6990433928571429,0.24068439285714288,0.052660030246395866,9,1,WARNING,"Review revenue_per_session drivers for region_device_browser = North America + Mobile + Safari; check recent releases, tracking changes, campaign mix, and operational issues."
2026-06-25,revenue_per_session,residual_anomaly,region_device_browser,EMEA + Mobile + Firefox,0.427402,0.6664518928571429,0.2390498928571429,0.05230241329244231,10,1,WARNING,"Review revenue_per_session drivers for region_device_browser = EMEA + Mobile + Firefox; check recent releases, tracking changes, campaign mix, and operational issues."
2026-06-25,revenue_per_session,residual_anomaly,region_device_browser,APAC + Desktop + Safari,0.446062,0.6832795357142858,0.23721753571428578,0.05190150660539207,11,1,WARNING,"Review revenue_per_session drivers for region_device_browser = APAC + Desktop + Safari; check recent releases, tracking changes, campaign mix, and operational issues."
2026-06-25,revenue_per_session,residual_anomaly,region_device_browser,North America + Mobile + Chrome,0.560182,0.7835645357142856,0.22338253571428568,0.04887450718174718,12,1,WARNING,"Review revenue_per_session drivers for region_device_browser = North America + Mobile + Chrome; check recent releases, tracking changes, campaign mix, and operational issues."
2026-06-25,revenue_per_session,residual_anomaly,region_device_browser,EMEA + Desktop + Firefox,0.512612,0.7316001071428572,0.2189881071428572,0.04791303752125115,13,1,WARNING,"Review revenue_per_session drivers for region_device_browser = EMEA + Desktop + Firefox; check recent releases, tracking changes, campaign mix, and operational issues."
2026-06-25,revenue_per_session,residual_anomaly,region_device_browser,EMEA + Desktop + Safari,0.490962,0.7046197857142857,0.21365778571428573,0.046746801171982794,14,1,WARNING,"Review revenue_per_session drivers for region_device_browser = EMEA + Desktop + Safari; check recent releases, tracking changes, campaign mix, and operational issues."
2026-06-25,revenue_per_session,residual_anomaly,region_device_browser,APAC + Mobile + Chrome,0.48111,0.69421925,0.21310924999999997,0.046626785466092543,15,1,WARNING,"Review revenue_per_session drivers for region_device_browser = APAC + Mobile + Chrome; check recent releases, tracking changes, campaign mix, and operational issues."
2026-06-25,revenue_per_session,residual_anomaly,region_device_browser,EMEA + Mobile + Chrome,0.505919,0.7035857500000001,0.1976667500000001,0.04324807649611528,16,1,WARNING,"Review revenue_per_session drivers for region_device_browser = EMEA + Mobile + Chrome; check recent releases, tracking changes, campaign mix, and operational issues."
2026-06-25,revenue_per_session,residual_anomaly,region_device_browser,EMEA + Mobile + Safari,0.455417,0.6469789285714285,0.19156192857142845,0.04191238506527022,17,1,WARNING,"Review revenue_per_session drivers for region_device_browser = EMEA + Mobile + Safari; check recent releases, tracking changes, campaign mix, and operational issues."
2026-06-25,revenue_per_session,residual_anomaly,region_device_browser,APAC + Mobile + Safari,0.450822,0.6139811428571429,0.1631591428571429,0.0356980579248979,18,1,WARNING,"Review revenue_per_session drivers for region_device_browser = APAC + Mobile + Safari; check recent releases, tracking changes, campaign mix, and operational issues."
2026-06-26,revenue_per_session,residual_anomaly,browser,Firefox,0.42878540000000004,0.5906122464285716,1.6182684642857144,0.35192115645606525,1,10,WARNING,"Review revenue_per_session drivers for browser = Firefox; check recent releases, tracking changes, campaign mix, and operational issues."
2026-06-26,revenue_per_session,residual_anomaly,browser,Safari,0.38500275,0.5744447991071429,1.5155363928571428,0.32958024690974486,2,8,CRITICAL,"Review revenue_per_session drivers for browser = Safari; check recent releases, tracking changes, campaign mix, and operational issues."
2026-06-26,revenue_per_session,residual_anomaly,browser,Chrome,0.4853975714285715,0.6946231020408165,1.4645787142857145,0.31849859663419,3,7,WARNING,"Review revenue_per_session drivers for browser = Chrome; check recent releases, tracking changes, campaign mix, and operational issues."
2026-06-26,revenue_per_session,residual_anomaly,business_segment,Enterprise,0.4901534210526316,0.7043530620300751,4.0697931785714285,0.8850486514127558,1,19,CRITICAL,"Review revenue_per_session drivers for business_segment = Enterprise; check recent releases, tracking changes, campaign mix, and operational issues."
2026-06-26,revenue_per_session,residual_anomaly,business_segment,SMB,0.242124,0.3302223988095238,0.5285903928571429,0.11495134858724426,2,6,WARNING,"Review revenue_per_session drivers for business_segment = SMB; check recent releases, tracking changes, campaign mix, and operational issues."
2026-06-26,revenue_per_session,residual_anomaly,channel,Paid Search,0.47154090000000004,0.6810052875,4.18928775,0.911034863648515,1,20,CRITICAL,"Review revenue_per_session drivers for channel = Paid Search; check recent releases, tracking changes, campaign mix, and operational issues."
2026-06-26,revenue_per_session,residual_anomaly,channel,Organic,0.318336,0.40429720238095235,0.2578836071428571,0.05608136057748242,2,3,WARNING,"Review revenue_per_session drivers for channel = Organic; check recent releases, tracking changes, campaign mix, and operational issues."
2026-06-26,revenue_per_session,residual_anomaly,channel,Email,0.1899165,0.26552260714285714,0.1512122142857143,0.032883775774002574,3,2,WARNING,"Review revenue_per_session drivers for channel = Email; check recent releases, tracking changes, campaign mix, and operational issues."
2026-06-26,revenue_per_session,residual_anomaly,device_type,Mobile,0.41066100000000005,0.5911971071428572,2.346969392857143,0.5103900873862974,1,13,CRITICAL,"Review revenue_per_session drivers for device_type = Mobile; check recent releases, tracking changes, campaign mix, and operational issues."
2026-06-26,revenue_per_session,residual_anomaly,device_type,Desktop,0.4522555,0.6398733482142859,2.2514141785714292,0.4896099126137028,2,12,CRITICAL,"Review revenue_per_session drivers for device_type = Desktop; check recent releases, tracking changes, campaign mix, and operational issues."
2026-06-26,revenue_per_session,residual_anomaly,full_segment,North America + Desktop + Chrome + Paid Search + Enterprise,0.566695,0.8622802142857143,0.2955852142857144,0.06428024319726018,1,1,WARNING,"Review revenue_per_session drivers for full_segment = North America + Desktop + Chrome + Paid Search + Enterprise; check recent releases, tracking changes, campaign mix, and operational issues."
2026-06-26,revenue_per_session,residual_anomaly,full_segment,North America + Mobile + Chrome + Paid Search + Enterprise,0.475448,0.7704975000000001,0.2950495000000001,0.06416374263192176,2,1,WARNING,"Review revenue_per_session drivers for full_segment = North America + Mobile + Chrome + Paid Search + Enterprise; check recent releases, tracking changes, campaign mix, and operational issues."
2026-06-26,revenue_per_session,residual_anomaly,full_segment,APAC + Mobile + Safari + Paid Search + Enterprise,0.346098,0.6083214642857142,0.2622234642857142,0.057025139423993225,3,1,CRITICAL,"Review revenue_per_session drivers for full_segment = APAC + Mobile + Safari + Paid Search + Enterprise; check recent releases, tracking changes, campaign mix, and operational issues."
2026-06-26,revenue_per_session,residual_anomaly,full_segment,North America + Desktop + Safari + Paid Search + Enterprise,0.508364,0.7643170357142858,0.25595303571428574,0.05566152360682023,4,1,WARNING,"Review revenue_per_session drivers for full_segment = North America + Desktop + Safari + Paid Search + Enterprise; check recent releases, tracking changes, campaign mix, and operational issues."
2026-06-26,revenue_per_session,residual_anomaly,full_segment,APAC + Desktop + Safari + Paid Search + Enterprise,0.423639,0.6742381428571428,0.2505991428571428,0.054497224723532495,5,1,CRITICAL,"Review revenue_per_session drivers for full_segment = APAC + Desktop + Safari + Paid Search + Enterprise; check recent releases, tracking changes, campaign mix, and operational issues."
2026-06-26,revenue_per_session,residual_anomaly,full_segment,North America + Mobile + Safari + Paid Search + Enterprise,0.441675,0.6883208214285714,0.24664582142857144,0.053637504918265536,6,1,WARNING,"Review revenue_per_session drivers for full_segment = North America + Mobile + Safari + Paid Search + Enterprise; check recent releases, tracking changes, campaign mix, and operational issues."
2026-06-26,revenue_per_session,residual_anomaly,full_segment,EMEA + Mobile + Chrome + Paid Search + Enterprise,0.460033,0.6971208571428571,0.23708785714285707,0.051558956198428096,7,1,WARNING,"Review revenue_per_session drivers for full_segment = EMEA + Mobile + Chrome + Paid Search + Enterprise; check recent releases, tracking changes, campaign mix, and operational issues."
2026-06-26,revenue_per_session,residual_anomaly,full_segment,EMEA + Desktop + Chrome + Paid Search + Enterprise,0.537311,0.7668122857142858,0.22950128571428585,0.049909121792331715,8,1,WARNING,"Review revenue_per_session drivers for full_segment = EMEA + Desktop + Chrome + Paid Search + Enterprise; check recent releases, tracking changes, campaign mix, and operational issues."
2026-06-26,revenue_per_session,residual_anomaly,full_segment,EMEA + Desktop + Firefox + Paid Search + Enterprise,0.493237,0.7216292857142858,0.22839228571428577,0.049667950088672475,9,1,WARNING,"Review revenue_per_session drivers for full_segment = EMEA + Desktop + Firefox + Paid Search + Enterprise; check recent releases, tracking changes, campaign mix, and operational issues."
2026-06-26,revenue_per_session,residual_anomaly,full_segment,North America + Mobile + Firefox + Paid Search + Enterprise,0.500726,0.7073494285714286,0.20662342857142857,0.0449339263160331,10,1,WARNING,"Review revenue_per_session drivers for full_segment = North America + Mobile + Firefox + Paid Search + Enterprise; check recent releases, tracking changes, campaign mix, and operational issues."
2026-06-26,revenue_per_session,residual_anomaly,full_segment,EMEA + Mobile + Firefox + Paid Search + Enterprise,0.460824,0.6576078928571428,0.19678389285714282,0.04279414489905381,11,1,WARNING,"Review revenue_per_session drivers for full_segment = EMEA + Mobile + Firefox + Paid Search + Enterprise; check recent releases, tracking changes, campaign mix, and operational issues."
2026-06-26,revenue_per_session,residual_anomaly,full_segment,North America + Desktop + Firefox + Paid Search + Enterprise,0.60605,0.8001153928571428,0.19406539285714286,0.04220295889689188,12,1,WARNING,"Review revenue_per_session drivers for full_segment = North America + Desktop + Firefox + Paid Search + Enterprise; check recent releases, tracking changes, campaign mix, and operational issues."
2026-06-26,revenue_per_session,residual_anomaly,full_segment,EMEA + Mobile + Safari + Paid Search + Enterprise,0.443422,0.6345714285714286,0.19114942857142858,0.0415688307863462,13,1,WARNING,"Review revenue_per_session drivers for full_segment = EMEA + Mobile + Safari + Paid Search + Enterprise; check recent releases, tracking changes, campaign mix, and operational issues."
2026-06-26,revenue_per_session,residual_anomaly,full_segment,APAC + Mobile + Firefox + Paid Search + Enterprise,0.448674,0.6357772857142858,0.1871032857142858,0.04068892531645828,14,1,WARNING,"Review revenue_per_session drivers for full_segment = APAC + Mobile + Firefox + Paid Search + Enterprise; check recent releases, tracking changes, campaign mix, and operational issues."
2026-06-26,revenue_per_session,residual_anomaly,full_segment,APAC + Desktop + Firefox + Paid Search + Enterprise,0.517799,0.7020278571428572,0.1842288571428572,0.040063829883078494,15,1,WARNING,"Review revenue_per_session drivers for full_segment = APAC + Desktop + Firefox + Paid Search + Enterprise; check recent releases, tracking changes, campaign mix, and operational issues."
2026-06-26,revenue_per_session,residual_anomaly,full_segment,APAC + Desktop + Chrome + Paid Search + Enterprise,0.557239,0.73541825,0.17817925,0.038748235598937954,16,1,WARNING,"Review revenue_per_session drivers for full_segment = APAC + Desktop + Chrome + Paid Search + Enterprise; check recent releases, tracking changes, campaign mix, and operational issues."
2026-06-26,revenue_per_session,residual_anomaly,full_segment,EMEA + Desktop + Safari + Paid Search + Enterprise,0.520174,0.6907573571428571,0.1705833571428571,0.037096374083004625,17,1,WARNING,"Review revenue_per_session drivers for full_segment = EMEA + Desktop + Safari + Paid Search + Enterprise; check recent releases, tracking changes, campaign mix, and operational issues."
2026-06-26,revenue_per_session,residual_anomaly,full_segment,APAC + Mobile + Chrome + Paid Search + Enterprise,0.527778,0.6824257857142857,0.15464778571428572,0.03363090166622216,18,1,WARNING,"Review revenue_per_session drivers for full_segment = APAC + Mobile + Chrome + Paid Search + Enterprise; check recent releases, tracking changes, campaign mix, and operational issues."
2026-06-26,revenue_per_session,residual_anomaly,full_segment,EMEA + Desktop + Firefox + Paid Search + SMB,0.316725,0.42983914285714286,0.11311414285714289,0.024598674969170075,19,1,WARNING,"Review revenue_per_session drivers for full_segment = EMEA + Desktop + Firefox + Paid Search + SMB; check recent releases, tracking changes, campaign mix, and operational issues."
2026-06-26,revenue_per_session,residual_anomaly,full_segment,APAC + Mobile + Firefox + Paid Search + SMB,0.278907,0.39067832142857145,0.11177132142857144,0.02430665465209281,20,1,WARNING,"Review revenue_per_session drivers for full_segment = APAC + Mobile + Firefox + Paid Search + SMB; check recent releases, tracking changes, campaign mix, and operational issues."
2026-06-26,revenue_per_session,residual_anomaly,full_segment,APAC + Mobile + Firefox + Organic + Enterprise,0.477729,0.5831198928571428,0.10539089285714281,0.022919117385503625,21,1,WARNING,"Review revenue_per_session drivers for full_segment = APAC + Mobile + Firefox + Organic + Enterprise; check recent releases, tracking changes, campaign mix, and operational issues."
2026-06-26,revenue_per_session,residual_anomaly,full_segment,EMEA + Desktop + Firefox + Email + SMB,0.187183,0.27797796428571425,0.09079496428571426,0.01974497404911073,22,1,WARNING,"Review revenue_per_session drivers for full_segment = EMEA + Desktop + Firefox + Email + SMB; check recent releases, tracking changes, campaign mix, and operational issues."
2026-06-26,revenue_per_session,residual_anomaly,full_segment,APAC + Mobile + Safari + Organic + SMB,0.204,0.2819648928571429,0.07796489285714289,0.01695484764289067,23,1,WARNING,"Review revenue_per_session drivers for full_segment = APAC + Mobile + Safari + Organic + SMB; check recent releases, tracking changes, campaign mix, and operational issues."
2026-06-26,revenue_per_session,residual_anomaly,full_segment,EMEA + Mobile + Chrome + Organic + SMB,0.273279,0.3478068214285714,0.0745278214285714,0.01620739554908813,24,1,WARNING,"Review revenue_per_session drivers for full_segment = EMEA + Mobile + Chrome + Organic + SMB; check recent releases, tracking changes, campaign mix, and operational issues."
2026-06-26,revenue_per_session,residual_anomaly,full_segment,APAC + Desktop + Safari + Email + SMB,0.19265,0.25306725,0.06041725000000003,0.013138801724891845,25,1,WARNING,"Review revenue_per_session drivers for full_segment = APAC + Desktop + Safari + Email + SMB; check recent releases, tracking changes, campaign mix, and operational issues."
2026-06-26,revenue_per_session,residual_anomaly,region,APAC,0.39745130000000006,0.5547039142857143,1.5725261428571429,0.34197367801760153,1,10,CRITICAL,"Review revenue_per_session drivers for region = APAC; check recent releases, tracking changes, campaign mix, and operational issues."
2026-06-26,revenue_per_session,residual_anomaly,region,EMEA,0.4102431111111111,0.5804581150793651,1.5319350357142858,0.33314642241520587,2,9,WARNING,"Review revenue_per_session drivers for region = EMEA; check recent releases, tracking changes, campaign mix, and operational issues."
2026-06-26,revenue_per_session,residual_anomaly,region,North America,0.516493,0.7654800654761905,1.493922392857143,0.32487989956719265,3,6,WARNING,"Review revenue_per_session drivers for region = North America; check recent releases, tracking changes, campaign mix, and operational issues."
2026-06-26,revenue_per_session,residual_anomaly,region_device_browser,EMEA + Desktop + Firefox,0.33238166666666663,0.47648213095238096,0.4323013928571429,0.09401159910695328,1,3,WARNING,"Review revenue_per_session drivers for region_device_browser = EMEA + Desktop + Firefox; check recent releases, tracking changes, campaign mix, and operational issues."
2026-06-26,revenue_per_session,residual_anomaly,region_device_browser,APAC + Mobile + Firefox,0.40177,0.5365251666666667,0.40426550000000006,0.0879146973540547,2,3,WARNING,"Review revenue_per_session drivers for region_device_browser = APAC + Mobile + Firefox; check recent releases, tracking changes, campaign mix, and operational issues."
2026-06-26,revenue_per_session,residual_anomaly,region_device_browser,APAC + Mobile + Safari,0.275049,0.44514317857142854,0.3401883571428571,0.0739799870668839,3,2,CRITICAL,"Review revenue_per_session drivers for region_device_browser = APAC + Mobile + Safari; check recent releases, tracking changes, campaign mix, and operational issues."
2026-06-26,revenue_per_session,residual_anomaly,region_device_browser,EMEA + Mobile + Chrome,0.366656,0.5224638392857143,0.31161567857142847,0.06776635174751623,4,2,WARNING,"Review revenue_per_session drivers for region_device_browser = EMEA + Mobile + Chrome; check recent releases, tracking changes, campaign mix, and operational issues."
2026-06-26,revenue_per_session,residual_anomaly,region_device_browser,APAC + Desktop + Safari,0.3081445,0.46365269642857143,0.31101639285714283,0.06763602644842434,5,2,CRITICAL,"Review revenue_per_session drivers for region_device_browser = APAC + Desktop + Safari; check recent releases, tracking changes, campaign mix, and operational issues."
2026-06-26,revenue_per_session,residual_anomaly,region_device_browser,North America + Desktop + Chrome,0.566695,0.8622802142857143,0.2955852142857144,0.06428024319726018,6,1,WARNING,"Review revenue_per_session drivers for region_device_browser = North America + Desktop + Chrome; check recent releases, tracking changes, campaign mix, and operational issues."
2026-06-26,revenue_per_session,residual_anomaly,region_device_browser,North America + Mobile + Chrome,0.475448,0.7704975000000001,0.2950495000000001,0.06416374263192176,7,1,WARNING,"Review revenue_per_session drivers for region_device_browser = North America + Mobile + Chrome; check recent releases, tracking changes, campaign mix, and operational issues."
2026-06-26,revenue_per_session,residual_anomaly,region_device_browser,North America + Desktop + Safari,0.508364,0.7643170357142858,0.25595303571428574,0.05566152360682023,8,1,WARNING,"Review revenue_per_session drivers for region_device_browser = North America + Desktop + Safari; check recent releases, tracking changes, campaign mix, and operational issues."
2026-06-26,revenue_per_session,residual_anomaly,region_device_browser,North America + Mobile + Safari,0.441675,0.6883208214285714,0.24664582142857144,0.053637504918265536,9,1,WARNING,"Review revenue_per_session drivers for region_device_browser = North America + Mobile + Safari; check recent releases, tracking changes, campaign mix, and operational issues."
2026-06-26,revenue_per_session,residual_anomaly,region_device_browser,EMEA + Desktop + Chrome,0.537311,0.7668122857142858,0.22950128571428585,0.049909121792331715,10,1,WARNING,"Review revenue_per_session drivers for region_device_browser = EMEA + Desktop + Chrome; check recent releases, tracking changes, campaign mix, and operational issues."
2026-06-26,revenue_per_session,residual_anomaly,region_device_browser,North America + Mobile + Firefox,0.500726,0.7073494285714286,0.20662342857142857,0.0449339263160331,11,1,WARNING,"Review revenue_per_session drivers for region_device_browser = North America + Mobile + Firefox; check recent releases, tracking changes, campaign mix, and operational issues."
2026-06-26,revenue_per_session,residual_anomaly,region_device_browser,EMEA + Mobile + Firefox,0.460824,0.6576078928571428,0.19678389285714282,0.04279414489905381,12,1,WARNING,"Review revenue_per_session drivers for region_device_browser = EMEA + Mobile + Firefox; check recent releases, tracking changes, campaign mix, and operational issues."
2026-06-26,revenue_per_session,residual_anomaly,region_device_browser,North America + Desktop + Firefox,0.60605,0.8001153928571428,0.19406539285714286,0.04220295889689188,13,1,WARNING,"Review revenue_per_session drivers for region_device_browser = North America + Desktop + Firefox; check recent releases, tracking changes, campaign mix, and operational issues."
2026-06-26,revenue_per_session,residual_anomaly,region_device_browser,EMEA + Mobile + Safari,0.443422,0.6345714285714286,0.19114942857142858,0.0415688307863462,14,1,WARNING,"Review revenue_per_session drivers for region_device_browser = EMEA + Mobile + Safari; check recent releases, tracking changes, campaign mix, and operational issues."
2026-06-26,revenue_per_session,residual_anomaly,region_device_browser,APAC + Desktop + Firefox,0.517799,0.7020278571428572,0.1842288571428572,0.040063829883078494,15,1,WARNING,"Review revenue_per_session drivers for region_device_browser = APAC + Desktop + Firefox; check recent releases, tracking changes, campaign mix, and operational issues."
2026-06-26,revenue_per_session,residual_anomaly,region_device_browser,APAC + Desktop + Chrome,0.557239,0.73541825,0.17817925,0.038748235598937954,16,1,WARNING,"Review revenue_per_session drivers for region_device_browser = APAC + Desktop + Chrome; check recent releases, tracking changes, campaign mix, and operational issues."
2026-06-26,revenue_per_session,residual_anomaly,region_device_browser,EMEA + Desktop + Safari,0.520174,0.6907573571428571,0.1705833571428571,0.037096374083004625,17,1,WARNING,"Review revenue_per_session drivers for region_device_browser = EMEA + Desktop + Safari; check recent releases, tracking changes, campaign mix, and operational issues."
2026-06-26,revenue_per_session,residual_anomaly,region_device_browser,APAC + Mobile + Chrome,0.527778,0.6824257857142857,0.15464778571428572,0.03363090166622216,18,1,WARNING,"Review revenue_per_session drivers for region_device_browser = APAC + Mobile + Chrome; check recent releases, tracking changes, campaign mix, and operational issues."
2026-06-27,revenue_per_session,residual_anomaly,browser,Firefox,0.43068249999999997,0.59986015625,1.35342125,0.3514654084280425,1,8,WARNING,"Review revenue_per_session drivers for browser = Firefox; check recent releases, tracking changes, campaign mix, and operational issues."
2026-06-27,revenue_per_session,residual_anomaly,browser,Chrome,0.48385100000000003,0.6722591887755103,1.3188573214285713,0.34248961816892337,2,7,WARNING,"Review revenue_per_session drivers for browser = Chrome; check recent releases, tracking changes, campaign mix, and operational issues."
2026-06-27,revenue_per_session,residual_anomaly,browser,Safari,0.480573,0.6489324948979592,1.1785164642857147,0.3060449734030342,3,7,WARNING,"Review revenue_per_session drivers for browser = Safari; check recent releases, tracking changes, campaign mix, and operational issues."
2026-06-27,revenue_per_session,residual_anomaly,business_segment,Enterprise,0.5015366315789475,0.6928034793233083,3.634070107142857,0.9437194328544085,1,19,WARNING,"Review revenue_per_session drivers for business_segment = Enterprise; check recent releases, tracking changes, campaign mix, and operational issues."
2026-06-27,revenue_per_session,residual_anomaly,business_segment,SMB,0.22241066666666667,0.29465230952380955,0.21672492857142855,0.05628056714559158,2,3,WARNING,"Review revenue_per_session drivers for business_segment = SMB; check recent releases, tracking changes, campaign mix, and operational issues."
2026-06-27,revenue_per_session,residual_anomaly,channel,Paid Search,0.5052818888888889,0.7012289424603175,3.5270469642857143,0.9159269531548778,1,18,WARNING,"Review revenue_per_session drivers for channel = Paid Search; check recent releases, tracking changes, campaign mix, and operational issues."
2026-06-27,revenue_per_session,residual_anomaly,channel,Email,0.2778313333333333,0.3547406904761905,0.23072807142857144,0.05991699617577117,2,3,WARNING,"Review revenue_per_session drivers for channel = Email; check recent releases, tracking changes, campaign mix, and operational issues."
2026-06-27,revenue_per_session,residual_anomaly,channel,Organic,0.26786,0.36088,0.09301999999999999,0.024156050669351108,3,1,WARNING,"Review revenue_per_session drivers for channel = Organic; check recent releases, tracking changes, campaign mix, and operational issues."
2026-06-27,revenue_per_session,residual_anomaly,device_type,Mobile,0.4410429090909091,0.6177600714285715,1.943888785714286,0.5048019351031788,1,11,WARNING,"Review revenue_per_session drivers for device_type = Mobile; check recent releases, tracking changes, campaign mix, and operational issues."
2026-06-27,revenue_per_session,residual_anomaly,device_type,Desktop,0.4859050909090909,0.6592602045454546,1.90690625,0.4951980648968213,2,11,WARNING,"Review revenue_per_session drivers for device_type = Desktop; check recent releases, tracking changes, campaign mix, and operational issues."
2026-06-27,revenue_per_session,residual_anomaly,full_segment,North America + Desktop + Chrome + Paid Search + Enterprise,0.602523,0.8488827857142857,0.24635978571428563,0.06397634343802155,1,1,WARNING,"Review revenue_per_session drivers for full_segment = North America + Desktop + Chrome + Paid Search + Enterprise; check recent releases, tracking changes, campaign mix, and operational issues."
2026-06-27,revenue_per_session,residual_anomaly,full_segment,North America + Mobile + Chrome + Paid Search + Enterprise,0.525135,0.7564418214285714,0.2313068214285714,0.060067289815041065,2,1,WARNING,"Review revenue_per_session drivers for full_segment = North America + Mobile + Chrome + Paid Search + Enterprise; check recent releases, tracking changes, campaign mix, and operational issues."
2026-06-27,revenue_per_session,residual_anomaly,full_segment,North America + Mobile + Safari + Paid Search + Enterprise,0.450007,0.6778131071428571,0.22780610714285715,0.05915820110654144,3,1,WARNING,"Review revenue_per_session drivers for full_segment = North America + Mobile + Safari + Paid Search + Enterprise; check recent releases, tracking changes, campaign mix, and operational issues."
2026-06-27,revenue_per_session,residual_anomaly,full_segment,APAC + Mobile + Chrome + Paid Search + Enterprise,0.453284,0.6761087142857143,0.22282471428571426,0.057864599964194775,4,1,WARNING,"Review revenue_per_session drivers for full_segment = APAC + Mobile + Chrome + Paid Search + Enterprise; check recent releases, tracking changes, campaign mix, and operational issues."
2026-06-27,revenue_per_session,residual_anomaly,full_segment,EMEA + Mobile + Firefox + Paid Search + Enterprise,0.432895,0.6490707142857143,0.2161757142857143,0.056137943536539274,5,1,WARNING,"Review revenue_per_session drivers for full_segment = EMEA + Mobile + Firefox + Paid Search + Enterprise; check recent releases, tracking changes, campaign mix, and operational issues."
2026-06-27,revenue_per_session,residual_anomaly,full_segment,North America + Desktop + Firefox + Paid Search + Enterprise,0.576579,0.7922042142857143,0.21562521428571435,0.055994986044672186,6,1,WARNING,"Review revenue_per_session drivers for full_segment = North America + Desktop + Firefox + Paid Search + Enterprise; check recent releases, tracking changes, campaign mix, and operational issues."
2026-06-27,revenue_per_session,residual_anomaly,full_segment,North America + Mobile + Firefox + Paid Search + Enterprise,0.495462,0.69912425,0.20366225,0.05288836411991027,7,1,WARNING,"Review revenue_per_session drivers for full_segment = North America + Mobile + Firefox + Paid Search + Enterprise; check recent releases, tracking changes, campaign mix, and operational issues."
2026-06-27,revenue_per_session,residual_anomaly,full_segment,APAC + Mobile + Firefox + Paid Search + Enterprise,0.426134,0.6291725,0.2030385,0.052726384582122615,8,1,WARNING,"Review revenue_per_session drivers for full_segment = APAC + Mobile + Firefox + Paid Search + Enterprise; check recent releases, tracking changes, campaign mix, and operational issues."
2026-06-27,revenue_per_session,residual_anomaly,full_segment,EMEA + Desktop + Chrome + Paid Search + Enterprise,0.555922,0.7547715714285715,0.19884957142857151,0.051638575822482546,9,1,WARNING,"Review revenue_per_session drivers for full_segment = EMEA + Desktop + Chrome + Paid Search + Enterprise; check recent releases, tracking changes, campaign mix, and operational issues."
2026-06-27,revenue_per_session,residual_anomaly,full_segment,North America + Desktop + Safari + Paid Search + Enterprise,0.558729,0.7568408214285715,0.19811182142857142,0.051446992008449904,10,1,WARNING,"Review revenue_per_session drivers for full_segment = North America + Desktop + Safari + Paid Search + Enterprise; check recent releases, tracking changes, campaign mix, and operational issues."
2026-06-27,revenue_per_session,residual_anomaly,full_segment,APAC + Desktop + Chrome + Paid Search + Enterprise,0.532408,0.725349107142857,0.19294110714285706,0.05010422662162499,11,1,WARNING,"Review revenue_per_session drivers for full_segment = APAC + Desktop + Chrome + Paid Search + Enterprise; check recent releases, tracking changes, campaign mix, and operational issues."
2026-06-27,revenue_per_session,residual_anomaly,full_segment,APAC + Desktop + Safari + Paid Search + Enterprise,0.474682,0.6636205714285716,0.18893857142857157,0.04906482159560727,12,1,WARNING,"Review revenue_per_session drivers for full_segment = APAC + Desktop + Safari + Paid Search + Enterprise; check recent releases, tracking changes, campaign mix, and operational issues."
2026-06-27,revenue_per_session,residual_anomaly,full_segment,APAC + Desktop + Firefox + Paid Search + Enterprise,0.509901,0.6956540357142857,0.1857530357142857,0.048237580549344995,13,1,WARNING,"Review revenue_per_session drivers for full_segment = APAC + Desktop + Firefox + Paid Search + Enterprise; check recent releases, tracking changes, campaign mix, and operational issues."
2026-06-27,revenue_per_session,residual_anomaly,full_segment,EMEA + Desktop + Firefox + Paid Search + Enterprise,0.534228,0.7094218928571429,0.17519389285714282,0.04549551228572363,14,1,WARNING,"Review revenue_per_session drivers for full_segment = EMEA + Desktop + Firefox + Paid Search + Enterprise; check recent releases, tracking changes, campaign mix, and operational issues."
2026-06-27,revenue_per_session,residual_anomaly,full_segment,EMEA + Mobile + Safari + Paid Search + Enterprise,0.461379,0.6253849285714287,0.1640059285714287,0.04259014750210074,15,1,WARNING,"Review revenue_per_session drivers for full_segment = EMEA + Mobile + Safari + Paid Search + Enterprise; check recent releases, tracking changes, campaign mix, and operational issues."
2026-06-27,revenue_per_session,residual_anomaly,full_segment,EMEA + Mobile + Chrome + Paid Search + Enterprise,0.520714,0.6845370357142857,0.1638230357142857,0.04254265267169643,16,1,WARNING,"Review revenue_per_session drivers for full_segment = EMEA + Mobile + Chrome + Paid Search + Enterprise; check recent releases, tracking changes, campaign mix, and operational issues."
2026-06-27,revenue_per_session,residual_anomaly,full_segment,EMEA + Desktop + Safari + Paid Search + Enterprise,0.529723,0.6808836071428572,0.15116060714285717,0.03925438922116464,17,1,WARNING,"Review revenue_per_session drivers for full_segment = EMEA + Desktop + Safari + Paid Search + Enterprise; check recent releases, tracking changes, campaign mix, and operational issues."
2026-06-27,revenue_per_session,residual_anomaly,full_segment,APAC + Mobile + Safari + Paid Search + Enterprise,0.455369,0.5968392857142858,0.14147028571428577,0.036737942269639494,18,1,WARNING,"Review revenue_per_session drivers for full_segment = APAC + Mobile + Safari + Paid Search + Enterprise; check recent releases, tracking changes, campaign mix, and operational issues."
2026-06-27,revenue_per_session,residual_anomaly,full_segment,North America + Mobile + Safari + Email + Enterprise,0.434122,0.5411451428571429,0.10702314285714287,0.0277924796995307,19,1,WARNING,"Review revenue_per_session drivers for full_segment = North America + Mobile + Safari + Email + Enterprise; check recent releases, tracking changes, campaign mix, and operational issues."
2026-06-27,revenue_per_session,residual_anomaly,full_segment,EMEA + Desktop + Firefox + Organic + SMB,0.26786,0.36088,0.09301999999999999,0.024156050669351108,20,1,WARNING,"Review revenue_per_session drivers for full_segment = EMEA + Desktop + Firefox + Organic + SMB; check recent releases, tracking changes, campaign mix, and operational issues."
2026-06-27,revenue_per_session,residual_anomaly,full_segment,EMEA + Mobile + Chrome + Email + SMB,0.196971,0.2597232857142857,0.0627522857142857,0.016295929835862002,21,1,WARNING,"Review revenue_per_session drivers for full_segment = EMEA + Mobile + Chrome + Email + SMB; check recent releases, tracking changes, campaign mix, and operational issues."
2026-06-27,revenue_per_session,residual_anomaly,full_segment,APAC + Desktop + Firefox + Email + SMB,0.202401,0.26335364285714286,0.06095264285714286,0.015828586640378468,22,1,WARNING,"Review revenue_per_session drivers for full_segment = APAC + Desktop + Firefox + Email + SMB; check recent releases, tracking changes, campaign mix, and operational issues."
2026-06-27,revenue_per_session,residual_anomaly,region,North America,0.5203652857142856,0.7246360204081633,1.429895142857143,0.37132465623216715,1,7,WARNING,"Review revenue_per_session drivers for region = North America; check recent releases, tracking changes, campaign mix, and operational issues."
2026-06-27,revenue_per_session,residual_anomaly,region,EMEA,0.43746150000000006,0.5905841294642857,1.2249810357142858,0.31811120154492034,2,8,WARNING,"Review revenue_per_session drivers for region = EMEA; check recent releases, tracking changes, campaign mix, and operational issues."
2026-06-27,revenue_per_session,residual_anomaly,region,APAC,0.4363112857142858,0.6071568367346939,1.1959188571428572,0.3105641422229126,3,7,WARNING,"Review revenue_per_session drivers for region = APAC; check recent releases, tracking changes, campaign mix, and operational issues."
2026-06-27,revenue_per_session,residual_anomaly,region_device_browser,North America + Mobile + Safari,0.44206449999999997,0.609479125,0.33482925,0.08695068080607214,1,2,WARNING,"Review revenue_per_session drivers for region_device_browser = North America + Mobile + Safari; check recent releases, tracking changes, campaign mix, and operational issues."
2026-06-27,revenue_per_session,residual_anomaly,region_device_browser,EMEA + Desktop + Firefox,0.401044,0.5351509464285714,0.2682138928571428,0.06965156295507473,2,2,WARNING,"Review revenue_per_session drivers for region_device_browser = EMEA + Desktop + Firefox; check recent releases, tracking changes, campaign mix, and operational issues."
2026-06-27,revenue_per_session,residual_anomaly,region_device_browser,APAC + Desktop + Firefox,0.356151,0.4795038392857143,0.24670567857142855,0.06406616718972347,3,2,WARNING,"Review revenue_per_session drivers for region_device_browser = APAC + Desktop + Firefox; check recent releases, tracking changes, campaign mix, and operational issues."
2026-06-27,revenue_per_session,residual_anomaly,region_device_browser,North America + Desktop + Chrome,0.602523,0.8488827857142857,0.24635978571428563,0.06397634343802155,4,1,WARNING,"Review revenue_per_session drivers for region_device_browser = North America + Desktop + Chrome; check recent releases, tracking changes, campaign mix, and operational issues."
2026-06-27,revenue_per_session,residual_anomaly,region_device_browser,North America + Mobile + Chrome,0.525135,0.7564418214285714,0.2313068214285714,0.060067289815041065,5,1,WARNING,"Review revenue_per_session drivers for region_device_browser = North America + Mobile + Chrome; check recent releases, tracking changes, campaign mix, and operational issues."
2026-06-27,revenue_per_session,residual_anomaly,region_device_browser,EMEA + Mobile + Chrome,0.3588425,0.4721301607142857,0.2265753214285714,0.058838582507558426,6,2,WARNING,"Review revenue_per_session drivers for region_device_browser = EMEA + Mobile + Chrome; check recent releases, tracking changes, campaign mix, and operational issues."
2026-06-27,revenue_per_session,residual_anomaly,region_device_browser,APAC + Mobile + Chrome,0.453284,0.6761087142857143,0.22282471428571426,0.057864599964194775,7,1,WARNING,"Review revenue_per_session drivers for region_device_browser = APAC + Mobile + Chrome; check recent releases, tracking changes, campaign mix, and operational issues."
2026-06-27,revenue_per_session,residual_anomaly,region_device_browser,EMEA + Mobile + Firefox,0.432895,0.6490707142857143,0.2161757142857143,0.056137943536539274,8,1,WARNING,"Review revenue_per_session drivers for region_device_browser = EMEA + Mobile + Firefox; check recent releases, tracking changes, campaign mix, and operational issues."
2026-06-27,revenue_per_session,residual_anomaly,region_device_browser,North America + Desktop + Firefox,0.576579,0.7922042142857143,0.21562521428571435,0.055994986044672186,9,1,WARNING,"Review revenue_per_session drivers for region_device_browser = North America + Desktop + Firefox; check recent releases, tracking changes, campaign mix, and operational issues."
2026-06-27,revenue_per_session,residual_anomaly,region_device_browser,North America + Mobile + Firefox,0.495462,0.69912425,0.20366225,0.05288836411991027,10,1,WARNING,"Review revenue_per_session drivers for region_device_browser = North America + Mobile + Firefox; check recent releases, tracking changes, campaign mix, and operational issues."
2026-06-27,revenue_per_session,residual_anomaly,region_device_browser,APAC + Mobile + Firefox,0.426134,0.6291725,0.2030385,0.052726384582122615,11,1,WARNING,"Review revenue_per_session drivers for region_device_browser = APAC + Mobile + Firefox; check recent releases, tracking changes, campaign mix, and operational issues."
2026-06-27,revenue_per_session,residual_anomaly,region_device_browser,EMEA + Desktop + Chrome,0.555922,0.7547715714285715,0.19884957142857151,0.051638575822482546,12,1,WARNING,"Review revenue_per_session drivers for region_device_browser = EMEA + Desktop + Chrome; check recent releases, tracking changes, campaign mix, and operational issues."
2026-06-27,revenue_per_session,residual_anomaly,region_device_browser,North America + Desktop + Safari,0.558729,0.7568408214285715,0.19811182142857142,0.051446992008449904,13,1,WARNING,"Review revenue_per_session drivers for region_device_browser = North America + Desktop + Safari; check recent releases, tracking changes, campaign mix, and operational issues."
2026-06-27,revenue_per_session,residual_anomaly,region_device_browser,APAC + Desktop + Chrome,0.532408,0.725349107142857,0.19294110714285706,0.05010422662162499,14,1,WARNING,"Review revenue_per_session drivers for region_device_browser = APAC + Desktop + Chrome; check recent releases, tracking changes, campaign mix, and operational issues."
2026-06-27,revenue_per_session,residual_anomaly,region_device_browser,APAC + Desktop + Safari,0.474682,0.6636205714285716,0.18893857142857157,0.04906482159560727,15,1,WARNING,"Review revenue_per_session drivers for region_device_browser = APAC + Desktop + Safari; check recent releases, tracking changes, campaign mix, and operational issues."
2026-06-27,revenue_per_session,residual_anomaly,region_device_browser,EMEA + Mobile + Safari,0.461379,0.6253849285714287,0.1640059285714287,0.04259014750210074,16,1,WARNING,"Review revenue_per_session drivers for region_device_browser = EMEA + Mobile + Safari; check recent releases, tracking changes, campaign mix, and operational issues."
2026-06-27,revenue_per_session,residual_anomaly,region_device_browser,EMEA + Desktop + Safari,0.529723,0.6808836071428572,0.15116060714285717,0.03925438922116464,17,1,WARNING,"Review revenue_per_session drivers for region_device_browser = EMEA + Desktop + Safari; check recent releases, tracking changes, campaign mix, and operational issues."
2026-06-27,revenue_per_session,residual_anomaly,region_device_browser,APAC + Mobile + Safari,0.455369,0.5968392857142858,0.14147028571428577,0.036737942269639494,18,1,WARNING,"Review revenue_per_session drivers for region_device_browser = APAC + Mobile + Safari; check recent releases, tracking changes, campaign mix, and operational issues."
2026-06-29,revenue_per_session,residual_anomaly,browser,Chrome,0.278076,0.3322426428571429,0.0541666428571429,0.5596693939183717,1,1,WARNING,"Review revenue_per_session drivers for browser = Chrome; check recent releases, tracking changes, campaign mix, and operational issues."
2026-06-29,revenue_per_session,residual_anomaly,browser,Safari,0.206015,0.24863164285714284,0.04261664285714284,0.44033060608162833,2,1,WARNING,"Review revenue_per_session drivers for browser = Safari; check recent releases, tracking changes, campaign mix, and operational issues."
2026-06-29,revenue_per_session,residual_anomaly,business_segment,Mid-Market,0.278076,0.3322426428571429,0.0541666428571429,0.5596693939183717,1,1,WARNING,"Review revenue_per_session drivers for business_segment = Mid-Market; check recent releases, tracking changes, campaign mix, and operational issues."
2026-06-29,revenue_per_session,residual_anomaly,business_segment,SMB,0.206015,0.24863164285714284,0.04261664285714284,0.44033060608162833,2,1,WARNING,"Review revenue_per_session drivers for business_segment = SMB; check recent releases, tracking changes, campaign mix, and operational issues."
2026-06-29,revenue_per_session,residual_anomaly,channel,Email,0.2420455,0.29043714285714284,0.09678328571428574,1.0,1,2,WARNING,"Review revenue_per_session drivers for channel = Email; check recent releases, tracking changes, campaign mix, and operational issues."
2026-06-29,revenue_per_session,residual_anomaly,device_type,Mobile,0.278076,0.3322426428571429,0.0541666428571429,0.5596693939183717,1,1,WARNING,"Review revenue_per_session drivers for device_type = Mobile; check recent releases, tracking changes, campaign mix, and operational issues."
2026-06-29,revenue_per_session,residual_anomaly,device_type,Desktop,0.206015,0.24863164285714284,0.04261664285714284,0.44033060608162833,2,1,WARNING,"Review revenue_per_session drivers for device_type = Desktop; check recent releases, tracking changes, campaign mix, and operational issues."
2026-06-29,revenue_per_session,residual_anomaly,full_segment,APAC + Mobile + Chrome + Email + Mid-Market,0.278076,0.3322426428571429,0.0541666428571429,0.5596693939183717,1,1,WARNING,"Review revenue_per_session drivers for full_segment = APAC + Mobile + Chrome + Email + Mid-Market; check recent releases, tracking changes, campaign mix, and operational issues."
2026-06-29,revenue_per_session,residual_anomaly,full_segment,APAC + Desktop + Safari + Email + SMB,0.206015,0.24863164285714284,0.04261664285714284,0.44033060608162833,2,1,WARNING,"Review revenue_per_session drivers for full_segment = APAC + Desktop + Safari + Email + SMB; check recent releases, tracking changes, campaign mix, and operational issues."
2026-06-29,revenue_per_session,residual_anomaly,region,APAC,0.2420455,0.29043714285714284,0.09678328571428574,1.0,1,2,WARNING,"Review revenue_per_session drivers for region = APAC; check recent releases, tracking changes, campaign mix, and operational issues."
2026-06-29,revenue_per_session,residual_anomaly,region_device_browser,APAC + Mobile + Chrome,0.278076,0.3322426428571429,0.0541666428571429,0.5596693939183717,1,1,WARNING,"Review revenue_per_session drivers for region_device_browser = APAC + Mobile + Chrome; check recent releases, tracking changes, campaign mix, and operational issues."
2026-06-29,revenue_per_session,residual_anomaly,region_device_browser,APAC + Desktop + Safari,0.206015,0.24863164285714284,0.04261664285714284,0.44033060608162833,2,1,WARNING,"Review revenue_per_session drivers for region_device_browser = APAC + Desktop + Safari; check recent releases, tracking changes, campaign mix, and operational issues."
2026-06-30,revenue_per_session,residual_anomaly,browser,Safari,0.334776,0.4114201785714286,0.07664417857142858,1.0,1,1,WARNING,"Review revenue_per_session drivers for browser = Safari; check recent releases, tracking changes, campaign mix, and operational issues."
2026-06-30,revenue_per_session,residual_anomaly,business_segment,SMB,0.334776,0.4114201785714286,0.07664417857142858,1.0,1,1,WARNING,"Review revenue_per_session drivers for business_segment = SMB; check recent releases, tracking changes, campaign mix, and operational issues."
2026-06-30,revenue_per_session,residual_anomaly,channel,Paid Search,0.334776,0.4114201785714286,0.07664417857142858,1.0,1,1,WARNING,"Review revenue_per_session drivers for channel = Paid Search; check recent releases, tracking changes, campaign mix, and operational issues."
2026-06-30,revenue_per_session,residual_anomaly,device_type,Desktop,0.334776,0.4114201785714286,0.07664417857142858,1.0,1,1,WARNING,"Review revenue_per_session drivers for device_type = Desktop; check recent releases, tracking changes, campaign mix, and operational issues."
2026-06-30,revenue_per_session,residual_anomaly,full_segment,APAC + Desktop + Safari + Paid Search + SMB,0.334776,0.4114201785714286,0.07664417857142858,1.0,1,1,WARNING,"Review revenue_per_session drivers for full_segment = APAC + Desktop + Safari + Paid Search + SMB; check recent releases, tracking changes, campaign mix, and operational issues."
2026-06-30,revenue_per_session,residual_anomaly,region,APAC,0.334776,0.4114201785714286,0.07664417857142858,1.0,1,1,WARNING,"Review revenue_per_session drivers for region = APAC; check recent releases, tracking changes, campaign mix, and operational issues."
2026-06-30,revenue_per_session,residual_anomaly,region_device_browser,APAC + Desktop + Safari,0.334776,0.4114201785714286,0.07664417857142858,1.0,1,1,WARNING,"Review revenue_per_session drivers for region_device_browser = APAC + Desktop + Safari; check recent releases, tracking changes, campaign mix, and operational issues."
